SET session_replication_role = replica;

--
-- PostgreSQL database dump
--

-- Dumped from database version 17.4
-- Dumped by pg_dump version 17.4

SET statement_timeout = 0;
SET lock_timeout = 0;
SET idle_in_transaction_session_timeout = 0;
SET transaction_timeout = 0;
SET client_encoding = 'UTF8';
SET standard_conforming_strings = on;
SELECT pg_catalog.set_config('search_path', '', false);
SET check_function_bodies = false;
SET xmloption = content;
SET client_min_messages = warning;
SET row_security = off;

--
-- Data for Name: audit_log_entries; Type: TABLE DATA; Schema: auth; Owner: supabase_auth_admin
--

INSERT INTO "auth"."audit_log_entries" ("instance_id", "id", "payload", "created_at", "ip_address") VALUES
	('00000000-0000-0000-0000-000000000000', 'fc789ba5-d50d-4769-ac01-c15144981444', '{"action":"user_confirmation_requested","actor_id":"621c5b88-aec6-4342-9c95-1f3442e7953d","actor_name":"Ömer Ünsal-1","actor_username":"test01@omerfarukunsal.com","actor_via_sso":false,"log_type":"user","traits":{"provider":"email"}}', '2025-08-20 09:19:36.510345+00', ''),
	('00000000-0000-0000-0000-000000000000', 'd752d0f9-7e00-4d15-9f16-7af3d5e96485', '{"action":"user_signedup","actor_id":"f5204041-5ee8-4e50-9b0f-a0d278c458a9","actor_name":"Test Kullanıcı","actor_username":"test02@example.com","actor_via_sso":false,"log_type":"team","traits":{"provider":"email"}}', '2025-08-20 09:28:32.716006+00', ''),
	('00000000-0000-0000-0000-000000000000', '0a7aef39-f2e9-4597-beb9-a4d6ffcb00ff', '{"action":"login","actor_id":"f5204041-5ee8-4e50-9b0f-a0d278c458a9","actor_name":"Test Kullanıcı","actor_username":"test02@example.com","actor_via_sso":false,"log_type":"account","traits":{"provider":"email"}}', '2025-08-20 09:28:32.721321+00', ''),
	('00000000-0000-0000-0000-000000000000', 'fba36e44-b9e3-4cc8-891c-38a6633d1470', '{"action":"login","actor_id":"f5204041-5ee8-4e50-9b0f-a0d278c458a9","actor_name":"Test Kullanıcı","actor_username":"test02@example.com","actor_via_sso":false,"log_type":"account","traits":{"provider":"email"}}', '2025-08-20 09:28:33.743041+00', ''),
	('00000000-0000-0000-0000-000000000000', 'd05acb4d-94f5-491c-a655-65b063263d26', '{"action":"login","actor_id":"f5204041-5ee8-4e50-9b0f-a0d278c458a9","actor_name":"Test Kullanıcı","actor_username":"test02@example.com","actor_via_sso":false,"log_type":"account","traits":{"provider":"email"}}', '2025-08-20 09:32:25.524223+00', ''),
	('00000000-0000-0000-0000-000000000000', '465fc88f-f2ab-43ad-8dd5-c2ba3b806d47', '{"action":"login","actor_id":"f5204041-5ee8-4e50-9b0f-a0d278c458a9","actor_name":"Test Kullanıcı","actor_username":"test02@example.com","actor_via_sso":false,"log_type":"account","traits":{"provider":"email"}}', '2025-08-20 09:34:06.987943+00', ''),
	('00000000-0000-0000-0000-000000000000', '082e2388-d260-48c1-8728-ef9d9f4f380a', '{"action":"login","actor_id":"f5204041-5ee8-4e50-9b0f-a0d278c458a9","actor_name":"Test Kullanıcı","actor_username":"test02@example.com","actor_via_sso":false,"log_type":"account","traits":{"provider":"email"}}', '2025-08-20 09:34:34.518601+00', ''),
	('00000000-0000-0000-0000-000000000000', '8e708447-b2df-48ba-861b-10a0b72ed051', '{"action":"login","actor_id":"f5204041-5ee8-4e50-9b0f-a0d278c458a9","actor_name":"Test Kullanıcı","actor_username":"test02@example.com","actor_via_sso":false,"log_type":"account","traits":{"provider":"email"}}', '2025-08-20 09:34:56.383004+00', ''),
	('00000000-0000-0000-0000-000000000000', 'a211fe0a-f27e-4960-8dd7-cc537c2fc8c8', '{"action":"logout","actor_id":"f5204041-5ee8-4e50-9b0f-a0d278c458a9","actor_name":"Test Kullanıcı","actor_username":"test02@example.com","actor_via_sso":false,"log_type":"account"}', '2025-08-20 09:35:03.630076+00', ''),
	('00000000-0000-0000-0000-000000000000', 'e35e4196-4707-461e-847c-5b0d882116a4', '{"action":"login","actor_id":"f5204041-5ee8-4e50-9b0f-a0d278c458a9","actor_name":"Test Kullanıcı","actor_username":"test02@example.com","actor_via_sso":false,"log_type":"account","traits":{"provider":"email"}}', '2025-08-20 09:35:11.727035+00', ''),
	('00000000-0000-0000-0000-000000000000', '7494bb20-801b-4be6-a7f8-0f6634a0f494', '{"action":"logout","actor_id":"f5204041-5ee8-4e50-9b0f-a0d278c458a9","actor_name":"Test Kullanıcı","actor_username":"test02@example.com","actor_via_sso":false,"log_type":"account"}', '2025-08-20 09:35:19.039124+00', ''),
	('00000000-0000-0000-0000-000000000000', 'a5606d54-73fd-41ca-936a-42fe075ae358', '{"action":"user_signedup","actor_id":"00000000-0000-0000-0000-000000000000","actor_username":"service_role","actor_via_sso":false,"log_type":"team","traits":{"provider":"email","user_email":"admin@ihracatakademi.com","user_id":"60bc8ec8-a502-4c69-bc14-052b33b52d85","user_phone":""}}', '2025-08-20 14:33:07.771546+00', ''),
	('00000000-0000-0000-0000-000000000000', '34b2e235-cff3-429c-b5c1-852a4858dc46', '{"action":"login","actor_id":"60bc8ec8-a502-4c69-bc14-052b33b52d85","actor_username":"admin@ihracatakademi.com","actor_via_sso":false,"log_type":"account","traits":{"provider":"email"}}', '2025-08-20 14:35:53.399458+00', ''),
	('00000000-0000-0000-0000-000000000000', '76d69a6e-cda2-4e2a-a8f3-c6d881ab49ee', '{"action":"login","actor_id":"60bc8ec8-a502-4c69-bc14-052b33b52d85","actor_username":"admin@ihracatakademi.com","actor_via_sso":false,"log_type":"account","traits":{"provider":"email"}}', '2025-08-20 14:37:44.590426+00', ''),
	('00000000-0000-0000-0000-000000000000', '1a90b81a-d133-4106-a224-b1b1ab7787aa', '{"action":"login","actor_id":"60bc8ec8-a502-4c69-bc14-052b33b52d85","actor_username":"admin@ihracatakademi.com","actor_via_sso":false,"log_type":"account","traits":{"provider":"email"}}', '2025-08-20 14:38:46.578637+00', ''),
	('00000000-0000-0000-0000-000000000000', 'ec22d630-4f19-49f0-a424-7ae6bc7aac02', '{"action":"login","actor_id":"60bc8ec8-a502-4c69-bc14-052b33b52d85","actor_username":"admin@ihracatakademi.com","actor_via_sso":false,"log_type":"account","traits":{"provider":"email"}}', '2025-08-20 14:40:01.935411+00', ''),
	('00000000-0000-0000-0000-000000000000', '179e14bf-3337-4646-ba7a-f59696ac75dd', '{"action":"login","actor_id":"60bc8ec8-a502-4c69-bc14-052b33b52d85","actor_username":"admin@ihracatakademi.com","actor_via_sso":false,"log_type":"account","traits":{"provider":"email"}}', '2025-08-20 15:08:55.144933+00', ''),
	('00000000-0000-0000-0000-000000000000', 'deda2768-99a3-4ed7-ac55-04ab44850c22', '{"action":"login","actor_id":"60bc8ec8-a502-4c69-bc14-052b33b52d85","actor_username":"admin@ihracatakademi.com","actor_via_sso":false,"log_type":"account","traits":{"provider":"email"}}', '2025-08-20 15:09:30.12025+00', ''),
	('00000000-0000-0000-0000-000000000000', '140c8602-70a6-40aa-a4ec-178dfd61da49', '{"action":"login","actor_id":"60bc8ec8-a502-4c69-bc14-052b33b52d85","actor_username":"admin@ihracatakademi.com","actor_via_sso":false,"log_type":"account","traits":{"provider":"email"}}', '2025-08-20 15:09:56.974461+00', ''),
	('00000000-0000-0000-0000-000000000000', '909c928f-dce6-4025-9694-4e3cfa26d7f1', '{"action":"login","actor_id":"60bc8ec8-a502-4c69-bc14-052b33b52d85","actor_username":"admin@ihracatakademi.com","actor_via_sso":false,"log_type":"account","traits":{"provider":"email"}}', '2025-08-20 15:10:40.582787+00', ''),
	('00000000-0000-0000-0000-000000000000', 'cf5106a5-33d4-4de9-b668-a253b3695532', '{"action":"login","actor_id":"60bc8ec8-a502-4c69-bc14-052b33b52d85","actor_username":"admin@ihracatakademi.com","actor_via_sso":false,"log_type":"account","traits":{"provider":"email"}}', '2025-08-20 15:11:35.446335+00', ''),
	('00000000-0000-0000-0000-000000000000', '6cbc98ab-ed64-484a-a0c1-6fca1c713d84', '{"action":"login","actor_id":"60bc8ec8-a502-4c69-bc14-052b33b52d85","actor_username":"admin@ihracatakademi.com","actor_via_sso":false,"log_type":"account","traits":{"provider":"email"}}', '2025-08-20 15:12:28.138413+00', ''),
	('00000000-0000-0000-0000-000000000000', 'eec6cf20-5091-4ece-a362-fbd7e2d04f94', '{"action":"login","actor_id":"60bc8ec8-a502-4c69-bc14-052b33b52d85","actor_username":"admin@ihracatakademi.com","actor_via_sso":false,"log_type":"account","traits":{"provider":"email"}}', '2025-08-20 15:19:43.465167+00', ''),
	('00000000-0000-0000-0000-000000000000', '6702879f-d5c7-43a6-804a-7a5a2f6f783b', '{"action":"login","actor_id":"60bc8ec8-a502-4c69-bc14-052b33b52d85","actor_username":"admin@ihracatakademi.com","actor_via_sso":false,"log_type":"account","traits":{"provider":"email"}}', '2025-08-20 15:19:56.97035+00', ''),
	('00000000-0000-0000-0000-000000000000', '03047bc3-4a75-4f74-8a9d-a0455bea39c8', '{"action":"login","actor_id":"60bc8ec8-a502-4c69-bc14-052b33b52d85","actor_username":"admin@ihracatakademi.com","actor_via_sso":false,"log_type":"account","traits":{"provider":"email"}}', '2025-08-20 15:23:51.38663+00', ''),
	('00000000-0000-0000-0000-000000000000', '0eedac79-138f-459e-be06-ba6bc0212f04', '{"action":"login","actor_id":"60bc8ec8-a502-4c69-bc14-052b33b52d85","actor_username":"admin@ihracatakademi.com","actor_via_sso":false,"log_type":"account","traits":{"provider":"email"}}', '2025-08-20 15:24:51.797966+00', ''),
	('00000000-0000-0000-0000-000000000000', '3f223e28-9591-4a63-9f70-754681433a64', '{"action":"login","actor_id":"60bc8ec8-a502-4c69-bc14-052b33b52d85","actor_username":"admin@ihracatakademi.com","actor_via_sso":false,"log_type":"account","traits":{"provider":"email"}}', '2025-08-20 15:27:24.763534+00', ''),
	('00000000-0000-0000-0000-000000000000', 'b575d80b-13d6-4cdc-9413-a71c04be5e00', '{"action":"login","actor_id":"60bc8ec8-a502-4c69-bc14-052b33b52d85","actor_username":"admin@ihracatakademi.com","actor_via_sso":false,"log_type":"account","traits":{"provider":"email"}}', '2025-08-20 15:32:20.380485+00', ''),
	('00000000-0000-0000-0000-000000000000', '9eefb0aa-4b8f-4732-ac75-d75b5aa4fe39', '{"action":"login","actor_id":"60bc8ec8-a502-4c69-bc14-052b33b52d85","actor_username":"admin@ihracatakademi.com","actor_via_sso":false,"log_type":"account","traits":{"provider":"email"}}', '2025-08-20 15:32:39.394531+00', ''),
	('00000000-0000-0000-0000-000000000000', '00df21d8-5559-499d-b8e3-625afa26ffcf', '{"action":"login","actor_id":"60bc8ec8-a502-4c69-bc14-052b33b52d85","actor_username":"admin@ihracatakademi.com","actor_via_sso":false,"log_type":"account","traits":{"provider":"email"}}', '2025-08-20 15:33:57.213273+00', ''),
	('00000000-0000-0000-0000-000000000000', 'dfe669f1-6da1-420e-a4d0-a66d2a1f0b2d', '{"action":"login","actor_id":"60bc8ec8-a502-4c69-bc14-052b33b52d85","actor_username":"admin@ihracatakademi.com","actor_via_sso":false,"log_type":"account","traits":{"provider":"email"}}', '2025-08-20 15:37:39.684461+00', ''),
	('00000000-0000-0000-0000-000000000000', 'e0483a33-b8b7-4d9d-b864-20bfb12627da', '{"action":"login","actor_id":"60bc8ec8-a502-4c69-bc14-052b33b52d85","actor_username":"admin@ihracatakademi.com","actor_via_sso":false,"log_type":"account","traits":{"provider":"email"}}', '2025-08-20 15:42:56.083918+00', ''),
	('00000000-0000-0000-0000-000000000000', '4d16e15c-9e1c-474d-a293-5a0e82552efa', '{"action":"login","actor_id":"60bc8ec8-a502-4c69-bc14-052b33b52d85","actor_username":"admin@ihracatakademi.com","actor_via_sso":false,"log_type":"account","traits":{"provider":"email"}}', '2025-08-20 15:43:35.100536+00', ''),
	('00000000-0000-0000-0000-000000000000', 'f28b0fb9-0b4e-4564-805d-89fc47d93788', '{"action":"login","actor_id":"60bc8ec8-a502-4c69-bc14-052b33b52d85","actor_username":"admin@ihracatakademi.com","actor_via_sso":false,"log_type":"account","traits":{"provider":"email"}}', '2025-08-20 15:45:30.649594+00', ''),
	('00000000-0000-0000-0000-000000000000', '81a7fe5a-364c-4e75-a4f2-8181a68d215f', '{"action":"login","actor_id":"60bc8ec8-a502-4c69-bc14-052b33b52d85","actor_username":"admin@ihracatakademi.com","actor_via_sso":false,"log_type":"account","traits":{"provider":"email"}}', '2025-08-20 15:47:38.392751+00', ''),
	('00000000-0000-0000-0000-000000000000', '3465a963-dff9-474f-89ab-61fb4105796b', '{"action":"login","actor_id":"60bc8ec8-a502-4c69-bc14-052b33b52d85","actor_username":"admin@ihracatakademi.com","actor_via_sso":false,"log_type":"account","traits":{"provider":"email"}}', '2025-08-20 15:48:15.837901+00', ''),
	('00000000-0000-0000-0000-000000000000', 'bb1298ae-56f1-4d52-8756-0780bfb5b764', '{"action":"token_refreshed","actor_id":"60bc8ec8-a502-4c69-bc14-052b33b52d85","actor_username":"admin@ihracatakademi.com","actor_via_sso":false,"log_type":"token"}', '2025-08-20 17:00:06.083676+00', ''),
	('00000000-0000-0000-0000-000000000000', 'a39672a7-0815-4c68-8fe3-1501a70ce0a0', '{"action":"token_revoked","actor_id":"60bc8ec8-a502-4c69-bc14-052b33b52d85","actor_username":"admin@ihracatakademi.com","actor_via_sso":false,"log_type":"token"}', '2025-08-20 17:00:06.09646+00', ''),
	('00000000-0000-0000-0000-000000000000', '5c87cad4-2c74-4e8f-9e94-73d7a83d810e', '{"action":"login","actor_id":"60bc8ec8-a502-4c69-bc14-052b33b52d85","actor_username":"admin@ihracatakademi.com","actor_via_sso":false,"log_type":"account","traits":{"provider":"email"}}', '2025-08-20 17:06:40.194407+00', ''),
	('00000000-0000-0000-0000-000000000000', '98db6934-6b4d-495b-80db-4ddb5d1c23f3', '{"action":"token_refreshed","actor_id":"60bc8ec8-a502-4c69-bc14-052b33b52d85","actor_username":"admin@ihracatakademi.com","actor_via_sso":false,"log_type":"token"}', '2025-08-20 17:07:29.580305+00', ''),
	('00000000-0000-0000-0000-000000000000', '4d18c74d-eabb-48c6-82ac-6be7862f0484', '{"action":"token_revoked","actor_id":"60bc8ec8-a502-4c69-bc14-052b33b52d85","actor_username":"admin@ihracatakademi.com","actor_via_sso":false,"log_type":"token"}', '2025-08-20 17:07:29.581413+00', ''),
	('00000000-0000-0000-0000-000000000000', '662ca2fa-fb07-43a1-8f1a-6add6610e3d2', '{"action":"login","actor_id":"60bc8ec8-a502-4c69-bc14-052b33b52d85","actor_username":"admin@ihracatakademi.com","actor_via_sso":false,"log_type":"account","traits":{"provider":"email"}}', '2025-08-20 17:07:32.074462+00', ''),
	('00000000-0000-0000-0000-000000000000', 'ee7edd88-b0d6-4292-97d0-82b13ab6d83f', '{"action":"login","actor_id":"60bc8ec8-a502-4c69-bc14-052b33b52d85","actor_username":"admin@ihracatakademi.com","actor_via_sso":false,"log_type":"account","traits":{"provider":"email"}}', '2025-08-20 17:08:59.338256+00', ''),
	('00000000-0000-0000-0000-000000000000', '6f4eb23e-d2d5-461e-92c2-a5f6e6939634', '{"action":"login","actor_id":"60bc8ec8-a502-4c69-bc14-052b33b52d85","actor_username":"admin@ihracatakademi.com","actor_via_sso":false,"log_type":"account","traits":{"provider":"email"}}', '2025-08-20 17:09:30.445599+00', ''),
	('00000000-0000-0000-0000-000000000000', '7565e702-acf5-4756-a9d8-393125876157', '{"action":"login","actor_id":"60bc8ec8-a502-4c69-bc14-052b33b52d85","actor_username":"admin@ihracatakademi.com","actor_via_sso":false,"log_type":"account","traits":{"provider":"email"}}', '2025-08-20 17:11:54.801951+00', ''),
	('00000000-0000-0000-0000-000000000000', '624eba8f-46a1-40e8-a8f3-d6013c9144ac', '{"action":"login","actor_id":"60bc8ec8-a502-4c69-bc14-052b33b52d85","actor_username":"admin@ihracatakademi.com","actor_via_sso":false,"log_type":"account","traits":{"provider":"email"}}', '2025-08-20 17:13:00.836903+00', ''),
	('00000000-0000-0000-0000-000000000000', '728625da-485c-4184-9d3e-f0011d818cc9', '{"action":"login","actor_id":"60bc8ec8-a502-4c69-bc14-052b33b52d85","actor_username":"admin@ihracatakademi.com","actor_via_sso":false,"log_type":"account","traits":{"provider":"email"}}', '2025-08-20 17:15:43.37085+00', ''),
	('00000000-0000-0000-0000-000000000000', '18712774-9b6a-471d-ac56-d002c9a70fcf', '{"action":"user_signedup","actor_id":"00000000-0000-0000-0000-000000000000","actor_username":"service_role","actor_via_sso":false,"log_type":"team","traits":{"provider":"email","user_email":"zarife@nsl.com.tr","user_id":"76661697-907e-4e9b-84ee-5b150a3f48be","user_phone":""}}', '2025-08-20 17:50:21.624591+00', ''),
	('00000000-0000-0000-0000-000000000000', 'aee314f7-b538-4ac6-9137-6eeb4d53b831', '{"action":"user_modified","actor_id":"00000000-0000-0000-0000-000000000000","actor_username":"service_role","actor_via_sso":false,"log_type":"user","traits":{"user_email":"zarife@nsl.com.tr","user_id":"76661697-907e-4e9b-84ee-5b150a3f48be","user_phone":""}}', '2025-08-20 18:10:35.6264+00', ''),
	('00000000-0000-0000-0000-000000000000', '3caee84e-6fbb-4b84-a862-dc6a95f69b1a', '{"action":"token_refreshed","actor_id":"60bc8ec8-a502-4c69-bc14-052b33b52d85","actor_username":"admin@ihracatakademi.com","actor_via_sso":false,"log_type":"token"}', '2025-08-20 18:12:27.149233+00', ''),
	('00000000-0000-0000-0000-000000000000', 'b72f3181-31e7-4af1-a54a-a05fdd2ef8af', '{"action":"token_revoked","actor_id":"60bc8ec8-a502-4c69-bc14-052b33b52d85","actor_username":"admin@ihracatakademi.com","actor_via_sso":false,"log_type":"token"}', '2025-08-20 18:12:27.151098+00', ''),
	('00000000-0000-0000-0000-000000000000', '95e3b1a3-9bea-4c07-923b-a259995e86d8', '{"action":"login","actor_id":"60bc8ec8-a502-4c69-bc14-052b33b52d85","actor_username":"admin@ihracatakademi.com","actor_via_sso":false,"log_type":"account","traits":{"provider":"email"}}', '2025-08-20 18:12:27.354417+00', ''),
	('00000000-0000-0000-0000-000000000000', 'db236350-d120-4cb1-96c8-6c0740400729', '{"action":"user_modified","actor_id":"00000000-0000-0000-0000-000000000000","actor_username":"service_role","actor_via_sso":false,"log_type":"user","traits":{"user_email":"zarife@nsll.com.tr","user_id":"76661697-907e-4e9b-84ee-5b150a3f48be","user_phone":""}}', '2025-08-20 18:14:49.821118+00', ''),
	('00000000-0000-0000-0000-000000000000', '943db10d-9868-4f2d-8888-06ae8676d57d', '{"action":"token_refreshed","actor_id":"60bc8ec8-a502-4c69-bc14-052b33b52d85","actor_username":"admin@ihracatakademi.com","actor_via_sso":false,"log_type":"token"}', '2025-08-20 18:19:21.285736+00', ''),
	('00000000-0000-0000-0000-000000000000', '2a9b2caa-840f-41e1-b54c-321d1b75c836', '{"action":"token_revoked","actor_id":"60bc8ec8-a502-4c69-bc14-052b33b52d85","actor_username":"admin@ihracatakademi.com","actor_via_sso":false,"log_type":"token"}', '2025-08-20 18:19:21.289684+00', ''),
	('00000000-0000-0000-0000-000000000000', 'fbe97b87-e9c1-4fdb-af79-1c3452f62cb6', '{"action":"token_refreshed","actor_id":"60bc8ec8-a502-4c69-bc14-052b33b52d85","actor_username":"admin@ihracatakademi.com","actor_via_sso":false,"log_type":"token"}', '2025-08-20 19:53:10.482146+00', ''),
	('00000000-0000-0000-0000-000000000000', 'baddb41d-5ce4-4b8a-b758-44bb5552f4ae', '{"action":"token_revoked","actor_id":"60bc8ec8-a502-4c69-bc14-052b33b52d85","actor_username":"admin@ihracatakademi.com","actor_via_sso":false,"log_type":"token"}', '2025-08-20 19:53:10.492796+00', ''),
	('00000000-0000-0000-0000-000000000000', '79224d70-eb13-4448-8689-f1c733b91f9e', '{"action":"user_modified","actor_id":"00000000-0000-0000-0000-000000000000","actor_username":"service_role","actor_via_sso":false,"log_type":"user","traits":{"user_email":"zarife@nslll.com.tr","user_id":"76661697-907e-4e9b-84ee-5b150a3f48be","user_phone":""}}', '2025-08-20 19:53:31.492639+00', ''),
	('00000000-0000-0000-0000-000000000000', '2b65d658-97e9-4ad7-9af1-ec1953eee5c8', '{"action":"login","actor_id":"60bc8ec8-a502-4c69-bc14-052b33b52d85","actor_username":"admin@ihracatakademi.com","actor_via_sso":false,"log_type":"account","traits":{"provider":"email"}}', '2025-08-21 10:33:24.058456+00', ''),
	('00000000-0000-0000-0000-000000000000', 'a6f1592b-e34a-421a-b901-aba0b0c1611f', '{"action":"user_modified","actor_id":"00000000-0000-0000-0000-000000000000","actor_username":"service_role","actor_via_sso":false,"log_type":"user","traits":{"user_email":"zarife.yilmaz@ihracatakademi.com","user_id":"76661697-907e-4e9b-84ee-5b150a3f48be","user_phone":""}}', '2025-08-20 20:02:14.884979+00', ''),
	('00000000-0000-0000-0000-000000000000', '7e15b52a-f615-46dc-ae5a-3e882d38d528', '{"action":"token_refreshed","actor_id":"60bc8ec8-a502-4c69-bc14-052b33b52d85","actor_username":"admin@ihracatakademi.com","actor_via_sso":false,"log_type":"token"}', '2025-08-20 20:10:57.770683+00', ''),
	('00000000-0000-0000-0000-000000000000', '12d1ee04-6091-4496-8fbf-317ec24444e0', '{"action":"token_revoked","actor_id":"60bc8ec8-a502-4c69-bc14-052b33b52d85","actor_username":"admin@ihracatakademi.com","actor_via_sso":false,"log_type":"token"}', '2025-08-20 20:10:57.779833+00', ''),
	('00000000-0000-0000-0000-000000000000', '6e748817-dd26-4634-87b4-0614971c7427', '{"action":"token_refreshed","actor_id":"60bc8ec8-a502-4c69-bc14-052b33b52d85","actor_username":"admin@ihracatakademi.com","actor_via_sso":false,"log_type":"token"}', '2025-08-20 21:22:20.612925+00', ''),
	('00000000-0000-0000-0000-000000000000', '34b1c36a-26dd-48e5-8b2b-799f17f2c67c', '{"action":"token_revoked","actor_id":"60bc8ec8-a502-4c69-bc14-052b33b52d85","actor_username":"admin@ihracatakademi.com","actor_via_sso":false,"log_type":"token"}', '2025-08-20 21:22:20.629767+00', ''),
	('00000000-0000-0000-0000-000000000000', 'f5224feb-3987-40c8-88aa-734412e9f350', '{"action":"token_refreshed","actor_id":"60bc8ec8-a502-4c69-bc14-052b33b52d85","actor_username":"admin@ihracatakademi.com","actor_via_sso":false,"log_type":"token"}', '2025-08-20 21:24:00.604989+00', ''),
	('00000000-0000-0000-0000-000000000000', 'dcb90a1b-5f6a-4120-bca4-98b34548a271', '{"action":"token_revoked","actor_id":"60bc8ec8-a502-4c69-bc14-052b33b52d85","actor_username":"admin@ihracatakademi.com","actor_via_sso":false,"log_type":"token"}', '2025-08-20 21:24:00.62178+00', ''),
	('00000000-0000-0000-0000-000000000000', '3c425590-eb6f-434b-af2b-7c5f768627fb', '{"action":"user_modified","actor_id":"00000000-0000-0000-0000-000000000000","actor_username":"service_role","actor_via_sso":false,"log_type":"user","traits":{"user_email":"zarife.yilmaz@ihracatakademiiii.com","user_id":"76661697-907e-4e9b-84ee-5b150a3f48be","user_phone":""}}', '2025-08-20 21:36:47.30428+00', ''),
	('00000000-0000-0000-0000-000000000000', '973ade87-a3ee-4836-a59b-99c0970c4537', '{"action":"login","actor_id":"60bc8ec8-a502-4c69-bc14-052b33b52d85","actor_username":"admin@ihracatakademi.com","actor_via_sso":false,"log_type":"account","traits":{"provider":"email"}}', '2025-08-20 21:53:13.887961+00', ''),
	('00000000-0000-0000-0000-000000000000', '89e110c0-778d-47fb-ade2-7f1ed95f2182', '{"action":"login","actor_id":"60bc8ec8-a502-4c69-bc14-052b33b52d85","actor_username":"admin@ihracatakademi.com","actor_via_sso":false,"log_type":"account","traits":{"provider":"email"}}', '2025-08-20 21:54:08.644648+00', ''),
	('00000000-0000-0000-0000-000000000000', '90f45f02-b86f-49aa-8b81-19e147816ebe', '{"action":"login","actor_id":"60bc8ec8-a502-4c69-bc14-052b33b52d85","actor_username":"admin@ihracatakademi.com","actor_via_sso":false,"log_type":"account","traits":{"provider":"email"}}', '2025-08-20 21:55:08.267245+00', ''),
	('00000000-0000-0000-0000-000000000000', 'edc56dc4-55c2-4aef-97de-33eeb294040f', '{"action":"login","actor_id":"60bc8ec8-a502-4c69-bc14-052b33b52d85","actor_username":"admin@ihracatakademi.com","actor_via_sso":false,"log_type":"account","traits":{"provider":"email"}}', '2025-08-20 21:56:32.221007+00', ''),
	('00000000-0000-0000-0000-000000000000', '4550fa8d-55e6-489f-9def-8d86e1908f3b', '{"action":"login","actor_id":"60bc8ec8-a502-4c69-bc14-052b33b52d85","actor_username":"admin@ihracatakademi.com","actor_via_sso":false,"log_type":"account","traits":{"provider":"email"}}', '2025-08-20 21:57:00.319674+00', ''),
	('00000000-0000-0000-0000-000000000000', '506df3e9-f9cf-4055-99d5-a4894f18a031', '{"action":"user_modified","actor_id":"00000000-0000-0000-0000-000000000000","actor_username":"service_role","actor_via_sso":false,"log_type":"user","traits":{"user_email":"zarife.yilmaz@ihracatakademiiii.com","user_id":"76661697-907e-4e9b-84ee-5b150a3f48be","user_phone":""}}', '2025-08-20 21:58:50.339731+00', ''),
	('00000000-0000-0000-0000-000000000000', '6f89e970-bd17-4181-aefe-525f28310e3a', '{"action":"login","actor_id":"60bc8ec8-a502-4c69-bc14-052b33b52d85","actor_username":"admin@ihracatakademi.com","actor_via_sso":false,"log_type":"account","traits":{"provider":"email"}}', '2025-08-20 21:59:23.692404+00', ''),
	('00000000-0000-0000-0000-000000000000', '79eaa9d8-1bb0-4679-a49f-3bc3bc8e6db5', '{"action":"login","actor_id":"60bc8ec8-a502-4c69-bc14-052b33b52d85","actor_username":"admin@ihracatakademi.com","actor_via_sso":false,"log_type":"account","traits":{"provider":"email"}}', '2025-08-20 21:59:32.803232+00', ''),
	('00000000-0000-0000-0000-000000000000', 'a1b489e6-9570-4971-9907-811fefd07059', '{"action":"login","actor_id":"60bc8ec8-a502-4c69-bc14-052b33b52d85","actor_username":"admin@ihracatakademi.com","actor_via_sso":false,"log_type":"account","traits":{"provider":"email"}}', '2025-08-20 22:03:14.683251+00', ''),
	('00000000-0000-0000-0000-000000000000', '53fb655f-3111-45e6-afcd-6acc7f8ca8ff', '{"action":"login","actor_id":"60bc8ec8-a502-4c69-bc14-052b33b52d85","actor_username":"admin@ihracatakademi.com","actor_via_sso":false,"log_type":"account","traits":{"provider":"email"}}', '2025-08-20 22:03:20.160505+00', ''),
	('00000000-0000-0000-0000-000000000000', 'ac68ff6f-6ab6-4d75-a8d6-1a80e5f00a79', '{"action":"login","actor_id":"60bc8ec8-a502-4c69-bc14-052b33b52d85","actor_username":"admin@ihracatakademi.com","actor_via_sso":false,"log_type":"account","traits":{"provider":"email"}}', '2025-08-20 22:05:45.54859+00', ''),
	('00000000-0000-0000-0000-000000000000', '5fb664b7-0a85-45f8-bf45-3b0c26c476d1', '{"action":"login","actor_id":"60bc8ec8-a502-4c69-bc14-052b33b52d85","actor_username":"admin@ihracatakademi.com","actor_via_sso":false,"log_type":"account","traits":{"provider":"email"}}', '2025-08-20 22:05:55.651236+00', ''),
	('00000000-0000-0000-0000-000000000000', '788f201e-65fb-413f-a9b9-82c2265ba41d', '{"action":"login","actor_id":"60bc8ec8-a502-4c69-bc14-052b33b52d85","actor_username":"admin@ihracatakademi.com","actor_via_sso":false,"log_type":"account","traits":{"provider":"email"}}', '2025-08-20 22:08:08.883254+00', ''),
	('00000000-0000-0000-0000-000000000000', '5645dbba-e9f6-49bc-8a11-fc81b60c65a3', '{"action":"login","actor_id":"60bc8ec8-a502-4c69-bc14-052b33b52d85","actor_username":"admin@ihracatakademi.com","actor_via_sso":false,"log_type":"account","traits":{"provider":"email"}}', '2025-08-20 22:08:29.173519+00', ''),
	('00000000-0000-0000-0000-000000000000', '833282ac-6f5e-4deb-83ec-5470af1cd364', '{"action":"login","actor_id":"60bc8ec8-a502-4c69-bc14-052b33b52d85","actor_username":"admin@ihracatakademi.com","actor_via_sso":false,"log_type":"account","traits":{"provider":"email"}}', '2025-08-20 22:09:30.289642+00', ''),
	('00000000-0000-0000-0000-000000000000', 'f3af51cb-8191-4b8c-a5c6-e87e1db8aad2', '{"action":"login","actor_id":"60bc8ec8-a502-4c69-bc14-052b33b52d85","actor_username":"admin@ihracatakademi.com","actor_via_sso":false,"log_type":"account","traits":{"provider":"email"}}', '2025-08-20 22:10:09.20735+00', ''),
	('00000000-0000-0000-0000-000000000000', '9bbe2725-3727-4d03-a781-4db3cbc22e22', '{"action":"login","actor_id":"60bc8ec8-a502-4c69-bc14-052b33b52d85","actor_username":"admin@ihracatakademi.com","actor_via_sso":false,"log_type":"account","traits":{"provider":"email"}}', '2025-08-20 22:10:30.488386+00', ''),
	('00000000-0000-0000-0000-000000000000', 'b98395f0-c8a0-4fdc-815f-d4f9346f7b95', '{"action":"login","actor_id":"60bc8ec8-a502-4c69-bc14-052b33b52d85","actor_username":"admin@ihracatakademi.com","actor_via_sso":false,"log_type":"account","traits":{"provider":"email"}}', '2025-08-20 22:15:41.580851+00', ''),
	('00000000-0000-0000-0000-000000000000', '3203e136-b960-4ed9-9c7d-f9f7a63b4d64', '{"action":"login","actor_id":"60bc8ec8-a502-4c69-bc14-052b33b52d85","actor_username":"admin@ihracatakademi.com","actor_via_sso":false,"log_type":"account","traits":{"provider":"email"}}', '2025-08-20 22:21:46.039351+00', ''),
	('00000000-0000-0000-0000-000000000000', 'cf75c94e-c630-4bc7-90a7-e7d0118f83c7', '{"action":"login","actor_id":"60bc8ec8-a502-4c69-bc14-052b33b52d85","actor_username":"admin@ihracatakademi.com","actor_via_sso":false,"log_type":"account","traits":{"provider":"email"}}', '2025-08-20 22:22:15.519922+00', ''),
	('00000000-0000-0000-0000-000000000000', 'f9689cb8-7866-4442-95c8-8af37ab37751', '{"action":"login","actor_id":"60bc8ec8-a502-4c69-bc14-052b33b52d85","actor_username":"admin@ihracatakademi.com","actor_via_sso":false,"log_type":"account","traits":{"provider":"email"}}', '2025-08-20 22:28:00.296956+00', ''),
	('00000000-0000-0000-0000-000000000000', '9f5f8114-3478-48f8-8eb5-af7b6f16dc90', '{"action":"login","actor_id":"60bc8ec8-a502-4c69-bc14-052b33b52d85","actor_username":"admin@ihracatakademi.com","actor_via_sso":false,"log_type":"account","traits":{"provider":"email"}}', '2025-08-20 22:28:26.922354+00', ''),
	('00000000-0000-0000-0000-000000000000', '224e5878-e08d-4848-b734-8e6c664493ad', '{"action":"login","actor_id":"60bc8ec8-a502-4c69-bc14-052b33b52d85","actor_username":"admin@ihracatakademi.com","actor_via_sso":false,"log_type":"account","traits":{"provider":"email"}}', '2025-08-20 22:29:44.324788+00', ''),
	('00000000-0000-0000-0000-000000000000', 'eec97a92-17ab-4a7d-9d1a-dc0ff7d58255', '{"action":"login","actor_id":"60bc8ec8-a502-4c69-bc14-052b33b52d85","actor_username":"admin@ihracatakademi.com","actor_via_sso":false,"log_type":"account","traits":{"provider":"email"}}', '2025-08-20 22:30:09.316815+00', ''),
	('00000000-0000-0000-0000-000000000000', '875c00ba-5e3b-4010-97c5-8b9088ce5780', '{"action":"login","actor_id":"60bc8ec8-a502-4c69-bc14-052b33b52d85","actor_username":"admin@ihracatakademi.com","actor_via_sso":false,"log_type":"account","traits":{"provider":"email"}}', '2025-08-20 22:30:34.951692+00', ''),
	('00000000-0000-0000-0000-000000000000', '37c7e537-78a6-4ff2-8c28-45e17e5abc5d', '{"action":"login","actor_id":"60bc8ec8-a502-4c69-bc14-052b33b52d85","actor_username":"admin@ihracatakademi.com","actor_via_sso":false,"log_type":"account","traits":{"provider":"email"}}', '2025-08-20 22:30:57.441788+00', ''),
	('00000000-0000-0000-0000-000000000000', '0c487b58-af40-4fab-bd60-4d929799f0d2', '{"action":"login","actor_id":"60bc8ec8-a502-4c69-bc14-052b33b52d85","actor_username":"admin@ihracatakademi.com","actor_via_sso":false,"log_type":"account","traits":{"provider":"email"}}', '2025-08-20 22:31:21.993854+00', ''),
	('00000000-0000-0000-0000-000000000000', 'a0c5458d-0e80-4526-a856-45d9235deb8f', '{"action":"login","actor_id":"60bc8ec8-a502-4c69-bc14-052b33b52d85","actor_username":"admin@ihracatakademi.com","actor_via_sso":false,"log_type":"account","traits":{"provider":"email"}}', '2025-08-20 22:33:45.826909+00', ''),
	('00000000-0000-0000-0000-000000000000', '2eb77d4c-b6b5-45ac-86ce-0922db096f83', '{"action":"login","actor_id":"60bc8ec8-a502-4c69-bc14-052b33b52d85","actor_username":"admin@ihracatakademi.com","actor_via_sso":false,"log_type":"account","traits":{"provider":"email"}}', '2025-08-20 22:36:09.2861+00', ''),
	('00000000-0000-0000-0000-000000000000', 'fa90e212-a8b3-4d7d-b50e-7ecf733b15e2', '{"action":"login","actor_id":"60bc8ec8-a502-4c69-bc14-052b33b52d85","actor_username":"admin@ihracatakademi.com","actor_via_sso":false,"log_type":"account","traits":{"provider":"email"}}', '2025-08-20 22:43:01.803186+00', ''),
	('00000000-0000-0000-0000-000000000000', 'b25ba5a4-7aa7-4ba1-8b21-64e1d53a3f33', '{"action":"login","actor_id":"60bc8ec8-a502-4c69-bc14-052b33b52d85","actor_username":"admin@ihracatakademi.com","actor_via_sso":false,"log_type":"account","traits":{"provider":"email"}}', '2025-08-20 22:48:02.73138+00', ''),
	('00000000-0000-0000-0000-000000000000', '33397493-ff8c-40b8-97b1-b837417e9b35', '{"action":"login","actor_id":"60bc8ec8-a502-4c69-bc14-052b33b52d85","actor_username":"admin@ihracatakademi.com","actor_via_sso":false,"log_type":"account","traits":{"provider":"email"}}', '2025-08-20 22:48:41.264377+00', ''),
	('00000000-0000-0000-0000-000000000000', '13ace1b8-9aea-4904-a446-6fb7999313ec', '{"action":"login","actor_id":"60bc8ec8-a502-4c69-bc14-052b33b52d85","actor_username":"admin@ihracatakademi.com","actor_via_sso":false,"log_type":"account","traits":{"provider":"email"}}', '2025-08-20 22:49:28.005192+00', ''),
	('00000000-0000-0000-0000-000000000000', '148f3157-be7b-4a02-a09c-3012d0c37e65', '{"action":"login","actor_id":"60bc8ec8-a502-4c69-bc14-052b33b52d85","actor_username":"admin@ihracatakademi.com","actor_via_sso":false,"log_type":"account","traits":{"provider":"email"}}', '2025-08-20 22:50:55.729611+00', ''),
	('00000000-0000-0000-0000-000000000000', '72d800e9-25b4-48e1-b96a-20a92f3ba0d7', '{"action":"login","actor_id":"60bc8ec8-a502-4c69-bc14-052b33b52d85","actor_username":"admin@ihracatakademi.com","actor_via_sso":false,"log_type":"account","traits":{"provider":"email"}}', '2025-08-20 22:51:01.814436+00', ''),
	('00000000-0000-0000-0000-000000000000', '761813c5-51bf-4c07-b387-18b5a85f4e13', '{"action":"login","actor_id":"60bc8ec8-a502-4c69-bc14-052b33b52d85","actor_username":"admin@ihracatakademi.com","actor_via_sso":false,"log_type":"account","traits":{"provider":"email"}}', '2025-08-20 22:57:04.821152+00', ''),
	('00000000-0000-0000-0000-000000000000', '25c62fbd-9cbd-4ab3-89f1-7010cb8e42a5', '{"action":"login","actor_id":"60bc8ec8-a502-4c69-bc14-052b33b52d85","actor_username":"admin@ihracatakademi.com","actor_via_sso":false,"log_type":"account","traits":{"provider":"email"}}', '2025-08-20 22:57:38.49321+00', ''),
	('00000000-0000-0000-0000-000000000000', 'fea29351-56f9-49a1-bb49-bdd531a24e39', '{"action":"login","actor_id":"60bc8ec8-a502-4c69-bc14-052b33b52d85","actor_username":"admin@ihracatakademi.com","actor_via_sso":false,"log_type":"account","traits":{"provider":"email"}}', '2025-08-20 22:59:24.53636+00', ''),
	('00000000-0000-0000-0000-000000000000', '636b178f-90cd-40b1-ae16-b80aad4341b1', '{"action":"login","actor_id":"60bc8ec8-a502-4c69-bc14-052b33b52d85","actor_username":"admin@ihracatakademi.com","actor_via_sso":false,"log_type":"account","traits":{"provider":"email"}}', '2025-08-20 22:59:32.844143+00', ''),
	('00000000-0000-0000-0000-000000000000', 'd4b0a401-98dd-4c6d-aa6f-11eb85916a20', '{"action":"login","actor_id":"60bc8ec8-a502-4c69-bc14-052b33b52d85","actor_username":"admin@ihracatakademi.com","actor_via_sso":false,"log_type":"account","traits":{"provider":"email"}}', '2025-08-20 23:02:11.975745+00', ''),
	('00000000-0000-0000-0000-000000000000', '4711dc7c-762d-4f6d-aec6-37f04cf5b700', '{"action":"login","actor_id":"60bc8ec8-a502-4c69-bc14-052b33b52d85","actor_username":"admin@ihracatakademi.com","actor_via_sso":false,"log_type":"account","traits":{"provider":"email"}}', '2025-08-20 23:02:46.119767+00', ''),
	('00000000-0000-0000-0000-000000000000', 'c6cb314f-2f47-48d9-b995-bac87c8908d8', '{"action":"login","actor_id":"60bc8ec8-a502-4c69-bc14-052b33b52d85","actor_username":"admin@ihracatakademi.com","actor_via_sso":false,"log_type":"account","traits":{"provider":"email"}}', '2025-08-20 23:02:53.436214+00', ''),
	('00000000-0000-0000-0000-000000000000', '8484af5d-7dd2-4794-94fa-628088033ff3', '{"action":"login","actor_id":"60bc8ec8-a502-4c69-bc14-052b33b52d85","actor_username":"admin@ihracatakademi.com","actor_via_sso":false,"log_type":"account","traits":{"provider":"email"}}', '2025-08-20 23:04:45.900229+00', ''),
	('00000000-0000-0000-0000-000000000000', '9acf7f87-1950-469c-8bec-11649a8334ec', '{"action":"login","actor_id":"60bc8ec8-a502-4c69-bc14-052b33b52d85","actor_username":"admin@ihracatakademi.com","actor_via_sso":false,"log_type":"account","traits":{"provider":"email"}}', '2025-08-20 23:04:51.38611+00', ''),
	('00000000-0000-0000-0000-000000000000', '0532596e-e5fc-485c-9668-564dfcac3543', '{"action":"login","actor_id":"60bc8ec8-a502-4c69-bc14-052b33b52d85","actor_username":"admin@ihracatakademi.com","actor_via_sso":false,"log_type":"account","traits":{"provider":"email"}}', '2025-08-20 23:05:16.228216+00', ''),
	('00000000-0000-0000-0000-000000000000', '7c2ab31e-6053-4163-b241-8ad2727fed13', '{"action":"login","actor_id":"60bc8ec8-a502-4c69-bc14-052b33b52d85","actor_username":"admin@ihracatakademi.com","actor_via_sso":false,"log_type":"account","traits":{"provider":"email"}}', '2025-08-20 23:22:06.970968+00', ''),
	('00000000-0000-0000-0000-000000000000', '892b2e17-3064-400e-897f-87e89d85659f', '{"action":"login","actor_id":"60bc8ec8-a502-4c69-bc14-052b33b52d85","actor_username":"admin@ihracatakademi.com","actor_via_sso":false,"log_type":"account","traits":{"provider":"email"}}', '2025-08-20 23:22:35.548321+00', ''),
	('00000000-0000-0000-0000-000000000000', 'eec2be4d-2cfc-4ba4-8164-a3a68a078755', '{"action":"login","actor_id":"60bc8ec8-a502-4c69-bc14-052b33b52d85","actor_username":"admin@ihracatakademi.com","actor_via_sso":false,"log_type":"account","traits":{"provider":"email"}}', '2025-08-20 23:22:56.134144+00', ''),
	('00000000-0000-0000-0000-000000000000', '8a3e9134-66c0-4228-a84d-da500ed6e188', '{"action":"login","actor_id":"60bc8ec8-a502-4c69-bc14-052b33b52d85","actor_username":"admin@ihracatakademi.com","actor_via_sso":false,"log_type":"account","traits":{"provider":"email"}}', '2025-08-20 23:24:35.513996+00', ''),
	('00000000-0000-0000-0000-000000000000', '66777efa-5eda-4904-a48b-4bc18cbeec5d', '{"action":"login","actor_id":"60bc8ec8-a502-4c69-bc14-052b33b52d85","actor_username":"admin@ihracatakademi.com","actor_via_sso":false,"log_type":"account","traits":{"provider":"email"}}', '2025-08-20 23:24:44.16381+00', ''),
	('00000000-0000-0000-0000-000000000000', 'de58761b-23ad-4c97-82a8-efac4aa93a9a', '{"action":"login","actor_id":"60bc8ec8-a502-4c69-bc14-052b33b52d85","actor_username":"admin@ihracatakademi.com","actor_via_sso":false,"log_type":"account","traits":{"provider":"email"}}', '2025-08-20 23:24:51.524308+00', ''),
	('00000000-0000-0000-0000-000000000000', '43c5632d-5610-4f0a-8d5f-0202dab84302', '{"action":"login","actor_id":"60bc8ec8-a502-4c69-bc14-052b33b52d85","actor_username":"admin@ihracatakademi.com","actor_via_sso":false,"log_type":"account","traits":{"provider":"email"}}', '2025-08-20 23:25:07.016754+00', ''),
	('00000000-0000-0000-0000-000000000000', '7c6c1e43-7d81-42d0-b627-7295e9ee1ad6', '{"action":"login","actor_id":"60bc8ec8-a502-4c69-bc14-052b33b52d85","actor_username":"admin@ihracatakademi.com","actor_via_sso":false,"log_type":"account","traits":{"provider":"email"}}', '2025-08-20 23:26:53.975485+00', ''),
	('00000000-0000-0000-0000-000000000000', 'c8c8d5c7-0c32-4ff6-b7a8-16dd1f8e68be', '{"action":"login","actor_id":"60bc8ec8-a502-4c69-bc14-052b33b52d85","actor_username":"admin@ihracatakademi.com","actor_via_sso":false,"log_type":"account","traits":{"provider":"email"}}', '2025-08-20 23:28:08.63176+00', ''),
	('00000000-0000-0000-0000-000000000000', '5bc4acb1-a498-46f0-ab4d-72fb2fbe84e3', '{"action":"login","actor_id":"60bc8ec8-a502-4c69-bc14-052b33b52d85","actor_username":"admin@ihracatakademi.com","actor_via_sso":false,"log_type":"account","traits":{"provider":"email"}}', '2025-08-20 23:32:00.922357+00', ''),
	('00000000-0000-0000-0000-000000000000', '8dda3511-9445-486f-a534-ec7acd42c9be', '{"action":"login","actor_id":"60bc8ec8-a502-4c69-bc14-052b33b52d85","actor_username":"admin@ihracatakademi.com","actor_via_sso":false,"log_type":"account","traits":{"provider":"email"}}', '2025-08-20 23:32:44.641739+00', ''),
	('00000000-0000-0000-0000-000000000000', '7674544d-2ba8-412d-a646-5303c4d0f0b8', '{"action":"login","actor_id":"60bc8ec8-a502-4c69-bc14-052b33b52d85","actor_username":"admin@ihracatakademi.com","actor_via_sso":false,"log_type":"account","traits":{"provider":"email"}}', '2025-08-20 23:33:37.322426+00', ''),
	('00000000-0000-0000-0000-000000000000', '1499c055-c3cf-4da1-9cfa-f35d9e43a80d', '{"action":"login","actor_id":"60bc8ec8-a502-4c69-bc14-052b33b52d85","actor_username":"admin@ihracatakademi.com","actor_via_sso":false,"log_type":"account","traits":{"provider":"email"}}', '2025-08-20 23:34:21.702895+00', ''),
	('00000000-0000-0000-0000-000000000000', 'ede5585c-f014-4971-a1aa-341ffd447a59', '{"action":"login","actor_id":"60bc8ec8-a502-4c69-bc14-052b33b52d85","actor_username":"admin@ihracatakademi.com","actor_via_sso":false,"log_type":"account","traits":{"provider":"email"}}', '2025-08-20 23:36:13.96798+00', ''),
	('00000000-0000-0000-0000-000000000000', '0fc9c18e-4511-4bc7-acbc-2fa93842d53d', '{"action":"login","actor_id":"60bc8ec8-a502-4c69-bc14-052b33b52d85","actor_username":"admin@ihracatakademi.com","actor_via_sso":false,"log_type":"account","traits":{"provider":"email"}}', '2025-08-20 23:36:31.275976+00', ''),
	('00000000-0000-0000-0000-000000000000', 'cd18f4da-25a4-4b33-8cef-abe15746031c', '{"action":"login","actor_id":"60bc8ec8-a502-4c69-bc14-052b33b52d85","actor_username":"admin@ihracatakademi.com","actor_via_sso":false,"log_type":"account","traits":{"provider":"email"}}', '2025-08-20 23:36:44.144284+00', ''),
	('00000000-0000-0000-0000-000000000000', 'ca8094f6-71eb-4c4d-90ef-8d91484505f3', '{"action":"login","actor_id":"60bc8ec8-a502-4c69-bc14-052b33b52d85","actor_username":"admin@ihracatakademi.com","actor_via_sso":false,"log_type":"account","traits":{"provider":"email"}}', '2025-08-20 23:37:29.950469+00', ''),
	('00000000-0000-0000-0000-000000000000', 'deeb5559-b1d7-44de-ba7f-93e44d30bfe1', '{"action":"login","actor_id":"60bc8ec8-a502-4c69-bc14-052b33b52d85","actor_username":"admin@ihracatakademi.com","actor_via_sso":false,"log_type":"account","traits":{"provider":"email"}}', '2025-08-20 23:38:18.639255+00', ''),
	('00000000-0000-0000-0000-000000000000', '211ec814-cfed-46c0-89b4-77f0a7eeee51', '{"action":"login","actor_id":"60bc8ec8-a502-4c69-bc14-052b33b52d85","actor_username":"admin@ihracatakademi.com","actor_via_sso":false,"log_type":"account","traits":{"provider":"email"}}', '2025-08-20 23:38:25.350337+00', ''),
	('00000000-0000-0000-0000-000000000000', '01ff8050-9d67-472f-9d9a-48b7dda34b68', '{"action":"login","actor_id":"60bc8ec8-a502-4c69-bc14-052b33b52d85","actor_username":"admin@ihracatakademi.com","actor_via_sso":false,"log_type":"account","traits":{"provider":"email"}}', '2025-08-20 23:39:05.274119+00', ''),
	('00000000-0000-0000-0000-000000000000', '0951dec2-6c7d-4c6e-b2f8-3ecbb1e6d333', '{"action":"login","actor_id":"60bc8ec8-a502-4c69-bc14-052b33b52d85","actor_username":"admin@ihracatakademi.com","actor_via_sso":false,"log_type":"account","traits":{"provider":"email"}}', '2025-08-20 23:39:12.564684+00', ''),
	('00000000-0000-0000-0000-000000000000', '59d984c2-949b-4aa1-9f17-4da0626e9246', '{"action":"login","actor_id":"60bc8ec8-a502-4c69-bc14-052b33b52d85","actor_username":"admin@ihracatakademi.com","actor_via_sso":false,"log_type":"account","traits":{"provider":"email"}}', '2025-08-20 23:40:04.240965+00', ''),
	('00000000-0000-0000-0000-000000000000', '7264f4b2-f960-4a13-b371-605d0c3eabce', '{"action":"login","actor_id":"60bc8ec8-a502-4c69-bc14-052b33b52d85","actor_username":"admin@ihracatakademi.com","actor_via_sso":false,"log_type":"account","traits":{"provider":"email"}}', '2025-08-20 23:40:10.034558+00', ''),
	('00000000-0000-0000-0000-000000000000', '0a5b2d82-b7bb-4783-9358-405b15c45168', '{"action":"login","actor_id":"60bc8ec8-a502-4c69-bc14-052b33b52d85","actor_username":"admin@ihracatakademi.com","actor_via_sso":false,"log_type":"account","traits":{"provider":"email"}}', '2025-08-20 23:40:50.099805+00', ''),
	('00000000-0000-0000-0000-000000000000', '346e51ae-8d7d-4f46-8def-87d78ef4ea6b', '{"action":"login","actor_id":"60bc8ec8-a502-4c69-bc14-052b33b52d85","actor_username":"admin@ihracatakademi.com","actor_via_sso":false,"log_type":"account","traits":{"provider":"email"}}', '2025-08-20 23:40:57.818818+00', ''),
	('00000000-0000-0000-0000-000000000000', '44a87b78-69eb-4af1-a6c2-1d0c6d90a557', '{"action":"login","actor_id":"60bc8ec8-a502-4c69-bc14-052b33b52d85","actor_username":"admin@ihracatakademi.com","actor_via_sso":false,"log_type":"account","traits":{"provider":"email"}}', '2025-08-20 23:41:30.594796+00', ''),
	('00000000-0000-0000-0000-000000000000', '1da0aa1d-2745-4ffe-8209-04a49de14d9c', '{"action":"login","actor_id":"60bc8ec8-a502-4c69-bc14-052b33b52d85","actor_username":"admin@ihracatakademi.com","actor_via_sso":false,"log_type":"account","traits":{"provider":"email"}}', '2025-08-20 23:43:22.803736+00', ''),
	('00000000-0000-0000-0000-000000000000', '6a460a47-b4df-479c-a82b-367f3aacfb2f', '{"action":"login","actor_id":"60bc8ec8-a502-4c69-bc14-052b33b52d85","actor_username":"admin@ihracatakademi.com","actor_via_sso":false,"log_type":"account","traits":{"provider":"email"}}', '2025-08-20 23:43:29.58208+00', ''),
	('00000000-0000-0000-0000-000000000000', '5ca347b3-d534-46f9-b794-c800900d9d52', '{"action":"login","actor_id":"60bc8ec8-a502-4c69-bc14-052b33b52d85","actor_username":"admin@ihracatakademi.com","actor_via_sso":false,"log_type":"account","traits":{"provider":"email"}}', '2025-08-20 23:43:57.325355+00', ''),
	('00000000-0000-0000-0000-000000000000', 'bdba7106-c4b9-4f45-b2d9-c77cddbc5d0d', '{"action":"login","actor_id":"60bc8ec8-a502-4c69-bc14-052b33b52d85","actor_username":"admin@ihracatakademi.com","actor_via_sso":false,"log_type":"account","traits":{"provider":"email"}}', '2025-08-20 23:44:36.185368+00', ''),
	('00000000-0000-0000-0000-000000000000', '930d19b7-81ed-4afa-9d36-99b66cc1a8ea', '{"action":"login","actor_id":"60bc8ec8-a502-4c69-bc14-052b33b52d85","actor_username":"admin@ihracatakademi.com","actor_via_sso":false,"log_type":"account","traits":{"provider":"email"}}', '2025-08-20 23:45:20.327308+00', ''),
	('00000000-0000-0000-0000-000000000000', '216abd9b-54ab-4de8-8c5f-c24aa772e6ff', '{"action":"login","actor_id":"60bc8ec8-a502-4c69-bc14-052b33b52d85","actor_username":"admin@ihracatakademi.com","actor_via_sso":false,"log_type":"account","traits":{"provider":"email"}}', '2025-08-20 23:45:28.304624+00', ''),
	('00000000-0000-0000-0000-000000000000', '53caa526-d041-4e85-8c54-8794e0d04872', '{"action":"login","actor_id":"60bc8ec8-a502-4c69-bc14-052b33b52d85","actor_username":"admin@ihracatakademi.com","actor_via_sso":false,"log_type":"account","traits":{"provider":"email"}}', '2025-08-20 23:45:34.297986+00', ''),
	('00000000-0000-0000-0000-000000000000', '52064a7e-9e66-42c8-85a3-7e2dc9263a31', '{"action":"login","actor_id":"60bc8ec8-a502-4c69-bc14-052b33b52d85","actor_username":"admin@ihracatakademi.com","actor_via_sso":false,"log_type":"account","traits":{"provider":"email"}}', '2025-08-20 23:46:12.148988+00', ''),
	('00000000-0000-0000-0000-000000000000', '336ac551-4849-4cf4-be68-e85ec6ad732c', '{"action":"login","actor_id":"60bc8ec8-a502-4c69-bc14-052b33b52d85","actor_username":"admin@ihracatakademi.com","actor_via_sso":false,"log_type":"account","traits":{"provider":"email"}}', '2025-08-20 23:49:05.225749+00', ''),
	('00000000-0000-0000-0000-000000000000', 'dca9d2c6-1b7b-483f-88f1-f8de64670f3e', '{"action":"login","actor_id":"60bc8ec8-a502-4c69-bc14-052b33b52d85","actor_username":"admin@ihracatakademi.com","actor_via_sso":false,"log_type":"account","traits":{"provider":"email"}}', '2025-08-20 23:49:19.210507+00', ''),
	('00000000-0000-0000-0000-000000000000', '198838f8-b939-4595-acc4-035273c362d4', '{"action":"login","actor_id":"60bc8ec8-a502-4c69-bc14-052b33b52d85","actor_username":"admin@ihracatakademi.com","actor_via_sso":false,"log_type":"account","traits":{"provider":"email"}}', '2025-08-20 23:49:40.713733+00', ''),
	('00000000-0000-0000-0000-000000000000', '872bf3ad-7708-42d7-a913-5f2068c0318c', '{"action":"logout","actor_id":"60bc8ec8-a502-4c69-bc14-052b33b52d85","actor_username":"admin@ihracatakademi.com","actor_via_sso":false,"log_type":"account"}', '2025-08-20 23:49:47.50397+00', ''),
	('00000000-0000-0000-0000-000000000000', '2b1f1025-7a1f-43c7-bac7-a33b58b678b0', '{"action":"login","actor_id":"60bc8ec8-a502-4c69-bc14-052b33b52d85","actor_username":"admin@ihracatakademi.com","actor_via_sso":false,"log_type":"account","traits":{"provider":"email"}}', '2025-08-20 23:49:51.319985+00', ''),
	('00000000-0000-0000-0000-000000000000', 'a15aeff6-f055-42e9-8b99-4c15b63a3510', '{"action":"logout","actor_id":"60bc8ec8-a502-4c69-bc14-052b33b52d85","actor_username":"admin@ihracatakademi.com","actor_via_sso":false,"log_type":"account"}', '2025-08-20 23:49:59.166472+00', ''),
	('00000000-0000-0000-0000-000000000000', '7a63eccf-4b42-492b-9945-3ca54086f414', '{"action":"login","actor_id":"60bc8ec8-a502-4c69-bc14-052b33b52d85","actor_username":"admin@ihracatakademi.com","actor_via_sso":false,"log_type":"account","traits":{"provider":"email"}}', '2025-08-20 23:50:03.346799+00', ''),
	('00000000-0000-0000-0000-000000000000', '1e212cff-a74a-460b-9732-2f1d4618a0c5', '{"action":"login","actor_id":"60bc8ec8-a502-4c69-bc14-052b33b52d85","actor_username":"admin@ihracatakademi.com","actor_via_sso":false,"log_type":"account","traits":{"provider":"email"}}', '2025-08-20 23:50:28.000096+00', ''),
	('00000000-0000-0000-0000-000000000000', '202991d7-b80d-432a-aa7d-95c69bbde80d', '{"action":"login","actor_id":"60bc8ec8-a502-4c69-bc14-052b33b52d85","actor_username":"admin@ihracatakademi.com","actor_via_sso":false,"log_type":"account","traits":{"provider":"email"}}', '2025-08-20 23:50:41.661284+00', ''),
	('00000000-0000-0000-0000-000000000000', '2900d470-d694-4472-8646-db75cec17d86', '{"action":"login","actor_id":"60bc8ec8-a502-4c69-bc14-052b33b52d85","actor_username":"admin@ihracatakademi.com","actor_via_sso":false,"log_type":"account","traits":{"provider":"email"}}', '2025-08-20 23:51:02.431699+00', ''),
	('00000000-0000-0000-0000-000000000000', 'c325d337-7d86-481d-8539-57d871c48b73', '{"action":"login","actor_id":"60bc8ec8-a502-4c69-bc14-052b33b52d85","actor_username":"admin@ihracatakademi.com","actor_via_sso":false,"log_type":"account","traits":{"provider":"email"}}', '2025-08-20 23:51:19.404442+00', ''),
	('00000000-0000-0000-0000-000000000000', 'e1fbf39f-0159-4a70-b14b-21f3f1f34137', '{"action":"login","actor_id":"60bc8ec8-a502-4c69-bc14-052b33b52d85","actor_username":"admin@ihracatakademi.com","actor_via_sso":false,"log_type":"account","traits":{"provider":"email"}}', '2025-08-20 23:52:02.999407+00', ''),
	('00000000-0000-0000-0000-000000000000', '2b26c2d4-927f-4740-bec2-93d74d4f36ab', '{"action":"login","actor_id":"60bc8ec8-a502-4c69-bc14-052b33b52d85","actor_username":"admin@ihracatakademi.com","actor_via_sso":false,"log_type":"account","traits":{"provider":"email"}}', '2025-08-20 23:52:25.075671+00', ''),
	('00000000-0000-0000-0000-000000000000', '9928710c-624e-4c0d-a8a3-2b27a1e7faa6', '{"action":"login","actor_id":"60bc8ec8-a502-4c69-bc14-052b33b52d85","actor_username":"admin@ihracatakademi.com","actor_via_sso":false,"log_type":"account","traits":{"provider":"email"}}', '2025-08-20 23:53:26.421221+00', ''),
	('00000000-0000-0000-0000-000000000000', 'e53136a8-2583-4e26-a24c-a8575fe2ca4a', '{"action":"login","actor_id":"60bc8ec8-a502-4c69-bc14-052b33b52d85","actor_username":"admin@ihracatakademi.com","actor_via_sso":false,"log_type":"account","traits":{"provider":"email"}}', '2025-08-20 23:53:43.750172+00', ''),
	('00000000-0000-0000-0000-000000000000', '5f32d4d3-bb89-47ec-b202-8985ff5304a3', '{"action":"user_signedup","actor_id":"48b8f869-fe98-470c-b5f7-188850794e51","actor_username":"test@ihracatakademi.com","actor_via_sso":false,"log_type":"team","traits":{"provider":"email"}}', '2025-08-20 23:54:14.759462+00', ''),
	('00000000-0000-0000-0000-000000000000', '9c9b2c7c-9d89-49c3-ba30-c6638f2babda', '{"action":"login","actor_id":"48b8f869-fe98-470c-b5f7-188850794e51","actor_username":"test@ihracatakademi.com","actor_via_sso":false,"log_type":"account","traits":{"provider":"email"}}', '2025-08-20 23:54:14.768571+00', ''),
	('00000000-0000-0000-0000-000000000000', 'a19dca50-5952-4dd5-88e0-dc8d3dece0a5', '{"action":"login","actor_id":"60bc8ec8-a502-4c69-bc14-052b33b52d85","actor_username":"admin@ihracatakademi.com","actor_via_sso":false,"log_type":"account","traits":{"provider":"email"}}', '2025-08-20 23:54:30.556073+00', ''),
	('00000000-0000-0000-0000-000000000000', 'ab3fbfb0-2f7c-481d-8338-3b027801609e', '{"action":"login","actor_id":"48b8f869-fe98-470c-b5f7-188850794e51","actor_username":"test@ihracatakademi.com","actor_via_sso":false,"log_type":"account","traits":{"provider":"email"}}', '2025-08-20 23:56:23.843893+00', ''),
	('00000000-0000-0000-0000-000000000000', '35540e42-b358-4632-931c-8874f5a09758', '{"action":"login","actor_id":"60bc8ec8-a502-4c69-bc14-052b33b52d85","actor_username":"admin@ihracatakademi.com","actor_via_sso":false,"log_type":"account","traits":{"provider":"email"}}', '2025-08-20 23:57:36.029378+00', ''),
	('00000000-0000-0000-0000-000000000000', '61797406-1e96-41f5-a4b4-78d834ee51a7', '{"action":"login","actor_id":"60bc8ec8-a502-4c69-bc14-052b33b52d85","actor_username":"admin@ihracatakademi.com","actor_via_sso":false,"log_type":"account","traits":{"provider":"email"}}', '2025-08-20 23:57:49.547402+00', ''),
	('00000000-0000-0000-0000-000000000000', '16a52414-f5ae-4116-8515-09102c2da4a9', '{"action":"login","actor_id":"60bc8ec8-a502-4c69-bc14-052b33b52d85","actor_username":"admin@ihracatakademi.com","actor_via_sso":false,"log_type":"account","traits":{"provider":"email"}}', '2025-08-20 23:58:46.652996+00', ''),
	('00000000-0000-0000-0000-000000000000', '176913fb-0dbb-4c2a-b8bd-43abe44f8f5f', '{"action":"login","actor_id":"60bc8ec8-a502-4c69-bc14-052b33b52d85","actor_username":"admin@ihracatakademi.com","actor_via_sso":false,"log_type":"account","traits":{"provider":"email"}}', '2025-08-20 23:59:03.923952+00', ''),
	('00000000-0000-0000-0000-000000000000', 'fd1d1a02-5659-4bf2-b838-69bcb28f0742', '{"action":"login","actor_id":"60bc8ec8-a502-4c69-bc14-052b33b52d85","actor_username":"admin@ihracatakademi.com","actor_via_sso":false,"log_type":"account","traits":{"provider":"email"}}', '2025-08-20 23:59:26.198558+00', ''),
	('00000000-0000-0000-0000-000000000000', '5a08bb43-ec76-4cad-a073-80623006843f', '{"action":"login","actor_id":"60bc8ec8-a502-4c69-bc14-052b33b52d85","actor_username":"admin@ihracatakademi.com","actor_via_sso":false,"log_type":"account","traits":{"provider":"email"}}', '2025-08-21 00:00:57.994449+00', ''),
	('00000000-0000-0000-0000-000000000000', '359739c7-efc4-4b60-b2d0-9926b9afb451', '{"action":"login","actor_id":"60bc8ec8-a502-4c69-bc14-052b33b52d85","actor_username":"admin@ihracatakademi.com","actor_via_sso":false,"log_type":"account","traits":{"provider":"email"}}', '2025-08-21 00:01:22.417489+00', ''),
	('00000000-0000-0000-0000-000000000000', 'cd5d12e5-fc9e-4691-b402-2835df6e4efe', '{"action":"login","actor_id":"60bc8ec8-a502-4c69-bc14-052b33b52d85","actor_username":"admin@ihracatakademi.com","actor_via_sso":false,"log_type":"account","traits":{"provider":"email"}}', '2025-08-21 00:02:33.283665+00', ''),
	('00000000-0000-0000-0000-000000000000', '3910029b-a04f-43ce-a299-14dc632ef19d', '{"action":"login","actor_id":"60bc8ec8-a502-4c69-bc14-052b33b52d85","actor_username":"admin@ihracatakademi.com","actor_via_sso":false,"log_type":"account","traits":{"provider":"email"}}', '2025-08-21 00:02:48.306449+00', ''),
	('00000000-0000-0000-0000-000000000000', '8ba6e066-85fb-400e-97f1-b3b74c79a25b', '{"action":"login","actor_id":"60bc8ec8-a502-4c69-bc14-052b33b52d85","actor_username":"admin@ihracatakademi.com","actor_via_sso":false,"log_type":"account","traits":{"provider":"email"}}', '2025-08-21 00:03:09.867599+00', ''),
	('00000000-0000-0000-0000-000000000000', 'e7a57497-bd65-4faa-b1dc-68787df2a562', '{"action":"login","actor_id":"60bc8ec8-a502-4c69-bc14-052b33b52d85","actor_username":"admin@ihracatakademi.com","actor_via_sso":false,"log_type":"account","traits":{"provider":"email"}}', '2025-08-21 00:03:32.710076+00', ''),
	('00000000-0000-0000-0000-000000000000', 'a3d029f1-c940-4ac8-a61c-d18e4c267f55', '{"action":"token_refreshed","actor_id":"60bc8ec8-a502-4c69-bc14-052b33b52d85","actor_username":"admin@ihracatakademi.com","actor_via_sso":false,"log_type":"token"}', '2025-08-21 01:12:41.795602+00', ''),
	('00000000-0000-0000-0000-000000000000', '0818d9c9-8fea-4c0e-828b-fdbba30de586', '{"action":"token_revoked","actor_id":"60bc8ec8-a502-4c69-bc14-052b33b52d85","actor_username":"admin@ihracatakademi.com","actor_via_sso":false,"log_type":"token"}', '2025-08-21 01:12:41.817935+00', ''),
	('00000000-0000-0000-0000-000000000000', '6c3c134b-af7f-4c25-8133-19a308e127e2', '{"action":"token_refreshed","actor_id":"60bc8ec8-a502-4c69-bc14-052b33b52d85","actor_username":"admin@ihracatakademi.com","actor_via_sso":false,"log_type":"token"}', '2025-08-21 02:18:52.582682+00', ''),
	('00000000-0000-0000-0000-000000000000', 'da2f72f0-f38e-46be-9a48-b5d5ef390400', '{"action":"token_revoked","actor_id":"60bc8ec8-a502-4c69-bc14-052b33b52d85","actor_username":"admin@ihracatakademi.com","actor_via_sso":false,"log_type":"token"}', '2025-08-21 02:18:52.596513+00', ''),
	('00000000-0000-0000-0000-000000000000', '6c385ec9-24e6-466f-8e60-aec5386da779', '{"action":"token_refreshed","actor_id":"60bc8ec8-a502-4c69-bc14-052b33b52d85","actor_username":"admin@ihracatakademi.com","actor_via_sso":false,"log_type":"token"}', '2025-08-21 03:33:16.718484+00', ''),
	('00000000-0000-0000-0000-000000000000', 'a008ee21-3db7-49c5-bd7c-ad07f437be9b', '{"action":"token_revoked","actor_id":"60bc8ec8-a502-4c69-bc14-052b33b52d85","actor_username":"admin@ihracatakademi.com","actor_via_sso":false,"log_type":"token"}', '2025-08-21 03:33:16.739224+00', ''),
	('00000000-0000-0000-0000-000000000000', 'c90c95b0-41ad-41fb-9526-d62cbc61c40e', '{"action":"token_refreshed","actor_id":"60bc8ec8-a502-4c69-bc14-052b33b52d85","actor_username":"admin@ihracatakademi.com","actor_via_sso":false,"log_type":"token"}', '2025-08-21 03:33:16.80178+00', ''),
	('00000000-0000-0000-0000-000000000000', '34782c58-1af1-4e0d-b5ae-dc2c06c61721', '{"action":"token_refreshed","actor_id":"60bc8ec8-a502-4c69-bc14-052b33b52d85","actor_username":"admin@ihracatakademi.com","actor_via_sso":false,"log_type":"token"}', '2025-08-21 04:33:30.802188+00', ''),
	('00000000-0000-0000-0000-000000000000', 'ad6f59e0-4de8-4890-87e1-69f7e69e8da0', '{"action":"token_revoked","actor_id":"60bc8ec8-a502-4c69-bc14-052b33b52d85","actor_username":"admin@ihracatakademi.com","actor_via_sso":false,"log_type":"token"}', '2025-08-21 04:33:30.820788+00', ''),
	('00000000-0000-0000-0000-000000000000', 'cdfd9688-5840-4ba5-acd5-f476ab747fed', '{"action":"token_refreshed","actor_id":"60bc8ec8-a502-4c69-bc14-052b33b52d85","actor_username":"admin@ihracatakademi.com","actor_via_sso":false,"log_type":"token"}', '2025-08-21 05:47:39.787938+00', ''),
	('00000000-0000-0000-0000-000000000000', 'a80ac467-a6e0-40e4-af6f-507c6bbe60eb', '{"action":"token_revoked","actor_id":"60bc8ec8-a502-4c69-bc14-052b33b52d85","actor_username":"admin@ihracatakademi.com","actor_via_sso":false,"log_type":"token"}', '2025-08-21 05:47:39.805604+00', ''),
	('00000000-0000-0000-0000-000000000000', 'ab3c8f67-04c3-410c-9abe-93916fe704a1', '{"action":"token_refreshed","actor_id":"60bc8ec8-a502-4c69-bc14-052b33b52d85","actor_username":"admin@ihracatakademi.com","actor_via_sso":false,"log_type":"token"}', '2025-08-21 06:51:14.950904+00', ''),
	('00000000-0000-0000-0000-000000000000', 'dee3fa69-3e3d-45c6-92ef-89e6696d6690', '{"action":"token_revoked","actor_id":"60bc8ec8-a502-4c69-bc14-052b33b52d85","actor_username":"admin@ihracatakademi.com","actor_via_sso":false,"log_type":"token"}', '2025-08-21 06:51:14.970259+00', ''),
	('00000000-0000-0000-0000-000000000000', '614ce38c-7a3a-48e4-bf39-af723e453760', '{"action":"token_refreshed","actor_id":"60bc8ec8-a502-4c69-bc14-052b33b52d85","actor_username":"admin@ihracatakademi.com","actor_via_sso":false,"log_type":"token"}', '2025-08-21 07:52:23.733128+00', ''),
	('00000000-0000-0000-0000-000000000000', 'd74c267a-3218-4b00-8fd2-340c13df01fb', '{"action":"token_revoked","actor_id":"60bc8ec8-a502-4c69-bc14-052b33b52d85","actor_username":"admin@ihracatakademi.com","actor_via_sso":false,"log_type":"token"}', '2025-08-21 07:52:23.752273+00', ''),
	('00000000-0000-0000-0000-000000000000', 'ca625334-9523-44df-aafc-491b5282f795', '{"action":"token_refreshed","actor_id":"60bc8ec8-a502-4c69-bc14-052b33b52d85","actor_username":"admin@ihracatakademi.com","actor_via_sso":false,"log_type":"token"}', '2025-08-21 07:52:23.835967+00', ''),
	('00000000-0000-0000-0000-000000000000', 'a6183922-536d-4a16-b6b1-391a8935f1af', '{"action":"token_refreshed","actor_id":"60bc8ec8-a502-4c69-bc14-052b33b52d85","actor_username":"admin@ihracatakademi.com","actor_via_sso":false,"log_type":"token"}', '2025-08-21 08:50:53.469923+00', ''),
	('00000000-0000-0000-0000-000000000000', 'bda00a44-959f-4205-9da9-ec6235fe38ce', '{"action":"token_revoked","actor_id":"60bc8ec8-a502-4c69-bc14-052b33b52d85","actor_username":"admin@ihracatakademi.com","actor_via_sso":false,"log_type":"token"}', '2025-08-21 08:50:53.491817+00', ''),
	('00000000-0000-0000-0000-000000000000', '34acffc2-8e69-4df0-a068-45b02e075d3b', '{"action":"login","actor_id":"60bc8ec8-a502-4c69-bc14-052b33b52d85","actor_username":"admin@ihracatakademi.com","actor_via_sso":false,"log_type":"account","traits":{"provider":"email"}}', '2025-08-21 08:58:39.231436+00', ''),
	('00000000-0000-0000-0000-000000000000', 'e3541160-1565-4fcc-8ab7-843084d9ce53', '{"action":"token_refreshed","actor_id":"60bc8ec8-a502-4c69-bc14-052b33b52d85","actor_username":"admin@ihracatakademi.com","actor_via_sso":false,"log_type":"token"}', '2025-08-21 08:58:52.210692+00', ''),
	('00000000-0000-0000-0000-000000000000', 'ad165772-b014-43a9-b5dc-1133df294fcd', '{"action":"token_revoked","actor_id":"60bc8ec8-a502-4c69-bc14-052b33b52d85","actor_username":"admin@ihracatakademi.com","actor_via_sso":false,"log_type":"token"}', '2025-08-21 08:58:52.213277+00', ''),
	('00000000-0000-0000-0000-000000000000', '59b00803-f16d-4011-9983-6ff69c36f8cf', '{"action":"login","actor_id":"60bc8ec8-a502-4c69-bc14-052b33b52d85","actor_username":"admin@ihracatakademi.com","actor_via_sso":false,"log_type":"account","traits":{"provider":"email"}}', '2025-08-21 08:58:53.423421+00', ''),
	('00000000-0000-0000-0000-000000000000', 'ca66fc6a-1600-4637-8c92-0c3860213daf', '{"action":"user_modified","actor_id":"00000000-0000-0000-0000-000000000000","actor_username":"service_role","actor_via_sso":false,"log_type":"user","traits":{"user_email":"admin@ihracatakademi.com","user_id":"60bc8ec8-a502-4c69-bc14-052b33b52d85","user_phone":""}}', '2025-08-21 09:14:59.166915+00', ''),
	('00000000-0000-0000-0000-000000000000', 'f7ba4f6c-577e-4ee1-a05a-837cdc4b44e8', '{"action":"user_deleted","actor_id":"00000000-0000-0000-0000-000000000000","actor_username":"service_role","actor_via_sso":false,"log_type":"team","traits":{"user_email":"test@ihracatakademi.com","user_id":"48b8f869-fe98-470c-b5f7-188850794e51","user_phone":""}}', '2025-08-21 09:15:09.026706+00', ''),
	('00000000-0000-0000-0000-000000000000', '704d2576-f6d1-434f-a173-b82fa86c7d24', '{"action":"login","actor_id":"60bc8ec8-a502-4c69-bc14-052b33b52d85","actor_username":"admin@ihracatakademi.com","actor_via_sso":false,"log_type":"account","traits":{"provider":"email"}}', '2025-08-21 09:28:11.409225+00', ''),
	('00000000-0000-0000-0000-000000000000', 'fe39b432-1e45-4208-8e73-e7a0127ca4d3', '{"action":"login","actor_id":"60bc8ec8-a502-4c69-bc14-052b33b52d85","actor_username":"admin@ihracatakademi.com","actor_via_sso":false,"log_type":"account","traits":{"provider":"email"}}', '2025-08-21 09:28:16.711881+00', ''),
	('00000000-0000-0000-0000-000000000000', '58ebabe0-373d-451c-82a1-67b52c5c6356', '{"action":"login","actor_id":"60bc8ec8-a502-4c69-bc14-052b33b52d85","actor_username":"admin@ihracatakademi.com","actor_via_sso":false,"log_type":"account","traits":{"provider":"email"}}', '2025-08-21 09:28:51.572494+00', ''),
	('00000000-0000-0000-0000-000000000000', '0f5f3e17-0e45-4645-8328-5645631c90e3', '{"action":"login","actor_id":"60bc8ec8-a502-4c69-bc14-052b33b52d85","actor_username":"admin@ihracatakademi.com","actor_via_sso":false,"log_type":"account","traits":{"provider":"email"}}', '2025-08-21 09:31:51.625143+00', ''),
	('00000000-0000-0000-0000-000000000000', 'b037229a-55ab-4eaa-b030-8c62ba9e5f9d', '{"action":"login","actor_id":"60bc8ec8-a502-4c69-bc14-052b33b52d85","actor_username":"admin@ihracatakademi.com","actor_via_sso":false,"log_type":"account","traits":{"provider":"email"}}', '2025-08-21 09:32:09.518629+00', ''),
	('00000000-0000-0000-0000-000000000000', 'a2229896-4162-4a82-89d2-20734e0246ba', '{"action":"login","actor_id":"60bc8ec8-a502-4c69-bc14-052b33b52d85","actor_username":"admin@ihracatakademi.com","actor_via_sso":false,"log_type":"account","traits":{"provider":"email"}}', '2025-08-21 09:33:41.600639+00', ''),
	('00000000-0000-0000-0000-000000000000', '448e734f-e74e-4042-93bd-0f56ab2333fa', '{"action":"login","actor_id":"60bc8ec8-a502-4c69-bc14-052b33b52d85","actor_username":"admin@ihracatakademi.com","actor_via_sso":false,"log_type":"account","traits":{"provider":"email"}}', '2025-08-21 09:35:27.528509+00', ''),
	('00000000-0000-0000-0000-000000000000', 'b0de4c00-56a6-4728-acb4-28092a555a4c', '{"action":"login","actor_id":"60bc8ec8-a502-4c69-bc14-052b33b52d85","actor_username":"admin@ihracatakademi.com","actor_via_sso":false,"log_type":"account","traits":{"provider":"email"}}', '2025-08-21 09:35:34.332435+00', ''),
	('00000000-0000-0000-0000-000000000000', 'efc319e1-9592-41ff-a0db-d4bc38f8053e', '{"action":"login","actor_id":"60bc8ec8-a502-4c69-bc14-052b33b52d85","actor_username":"admin@ihracatakademi.com","actor_via_sso":false,"log_type":"account","traits":{"provider":"email"}}', '2025-08-21 09:36:10.896625+00', ''),
	('00000000-0000-0000-0000-000000000000', '432248b7-16a8-4c20-953d-eefc2138b16a', '{"action":"login","actor_id":"60bc8ec8-a502-4c69-bc14-052b33b52d85","actor_username":"admin@ihracatakademi.com","actor_via_sso":false,"log_type":"account","traits":{"provider":"email"}}', '2025-08-21 09:38:25.149181+00', ''),
	('00000000-0000-0000-0000-000000000000', '06f088b5-dbe3-45da-9721-4513b4369180', '{"action":"login","actor_id":"60bc8ec8-a502-4c69-bc14-052b33b52d85","actor_username":"admin@ihracatakademi.com","actor_via_sso":false,"log_type":"account","traits":{"provider":"email"}}', '2025-08-21 09:38:34.731726+00', ''),
	('00000000-0000-0000-0000-000000000000', 'd95cadf2-42cb-47a8-b12e-bc909ea8373a', '{"action":"login","actor_id":"60bc8ec8-a502-4c69-bc14-052b33b52d85","actor_username":"admin@ihracatakademi.com","actor_via_sso":false,"log_type":"account","traits":{"provider":"email"}}', '2025-08-21 09:41:03.28679+00', ''),
	('00000000-0000-0000-0000-000000000000', '77675839-e5dc-4a48-99fb-4b4ed71fe552', '{"action":"login","actor_id":"60bc8ec8-a502-4c69-bc14-052b33b52d85","actor_username":"admin@ihracatakademi.com","actor_via_sso":false,"log_type":"account","traits":{"provider":"email"}}', '2025-08-21 09:41:11.181459+00', ''),
	('00000000-0000-0000-0000-000000000000', '7ba9654b-3177-463e-b017-5c9ed4fa79b0', '{"action":"login","actor_id":"60bc8ec8-a502-4c69-bc14-052b33b52d85","actor_username":"admin@ihracatakademi.com","actor_via_sso":false,"log_type":"account","traits":{"provider":"email"}}', '2025-08-21 09:43:37.618413+00', ''),
	('00000000-0000-0000-0000-000000000000', '1d6597a6-0873-4833-b0e4-a5357d77cf75', '{"action":"login","actor_id":"60bc8ec8-a502-4c69-bc14-052b33b52d85","actor_username":"admin@ihracatakademi.com","actor_via_sso":false,"log_type":"account","traits":{"provider":"email"}}', '2025-08-21 09:46:37.136524+00', ''),
	('00000000-0000-0000-0000-000000000000', 'be1a0162-c47b-49c0-8b00-885b4cf17efa', '{"action":"login","actor_id":"60bc8ec8-a502-4c69-bc14-052b33b52d85","actor_username":"admin@ihracatakademi.com","actor_via_sso":false,"log_type":"account","traits":{"provider":"email"}}', '2025-08-21 09:47:03.6999+00', ''),
	('00000000-0000-0000-0000-000000000000', '62a20fb7-52bf-4aa7-b5c1-6a7c65f9b66b', '{"action":"login","actor_id":"60bc8ec8-a502-4c69-bc14-052b33b52d85","actor_username":"admin@ihracatakademi.com","actor_via_sso":false,"log_type":"account","traits":{"provider":"email"}}', '2025-08-21 09:47:16.735504+00', ''),
	('00000000-0000-0000-0000-000000000000', '15090b47-7745-4dac-9f7c-cb7781d08bc1', '{"action":"login","actor_id":"60bc8ec8-a502-4c69-bc14-052b33b52d85","actor_username":"admin@ihracatakademi.com","actor_via_sso":false,"log_type":"account","traits":{"provider":"email"}}', '2025-08-21 09:49:14.628006+00', ''),
	('00000000-0000-0000-0000-000000000000', '538449d3-8836-4b90-b11d-5dc9894fa355', '{"action":"login","actor_id":"60bc8ec8-a502-4c69-bc14-052b33b52d85","actor_username":"admin@ihracatakademi.com","actor_via_sso":false,"log_type":"account","traits":{"provider":"email"}}', '2025-08-21 09:49:32.41611+00', ''),
	('00000000-0000-0000-0000-000000000000', '825656f8-808a-4805-b46a-6b11308c44ae', '{"action":"login","actor_id":"60bc8ec8-a502-4c69-bc14-052b33b52d85","actor_username":"admin@ihracatakademi.com","actor_via_sso":false,"log_type":"account","traits":{"provider":"email"}}', '2025-08-21 09:51:51.959472+00', ''),
	('00000000-0000-0000-0000-000000000000', 'f7f8d509-c99b-4800-a22c-219d97beb90b', '{"action":"login","actor_id":"60bc8ec8-a502-4c69-bc14-052b33b52d85","actor_username":"admin@ihracatakademi.com","actor_via_sso":false,"log_type":"account","traits":{"provider":"email"}}', '2025-08-21 09:52:04.436809+00', ''),
	('00000000-0000-0000-0000-000000000000', '15b14277-1ef8-4b4a-869b-b7a435e5638d', '{"action":"login","actor_id":"60bc8ec8-a502-4c69-bc14-052b33b52d85","actor_username":"admin@ihracatakademi.com","actor_via_sso":false,"log_type":"account","traits":{"provider":"email"}}', '2025-08-21 09:55:14.819502+00', ''),
	('00000000-0000-0000-0000-000000000000', 'd13968e6-d70d-4d05-b9f8-977d90467a61', '{"action":"login","actor_id":"60bc8ec8-a502-4c69-bc14-052b33b52d85","actor_username":"admin@ihracatakademi.com","actor_via_sso":false,"log_type":"account","traits":{"provider":"email"}}', '2025-08-21 09:56:55.307157+00', ''),
	('00000000-0000-0000-0000-000000000000', '6de1c0b4-f4c7-4d93-9313-7e9b56857847', '{"action":"login","actor_id":"60bc8ec8-a502-4c69-bc14-052b33b52d85","actor_username":"admin@ihracatakademi.com","actor_via_sso":false,"log_type":"account","traits":{"provider":"email"}}', '2025-08-21 09:57:37.336553+00', ''),
	('00000000-0000-0000-0000-000000000000', '0ee0e166-20a9-4bc7-a325-7bc0badfa811', '{"action":"login","actor_id":"60bc8ec8-a502-4c69-bc14-052b33b52d85","actor_username":"admin@ihracatakademi.com","actor_via_sso":false,"log_type":"account","traits":{"provider":"email"}}', '2025-08-21 09:57:44.863093+00', ''),
	('00000000-0000-0000-0000-000000000000', '807c2450-28de-4de0-9072-f6042466de95', '{"action":"login","actor_id":"60bc8ec8-a502-4c69-bc14-052b33b52d85","actor_username":"admin@ihracatakademi.com","actor_via_sso":false,"log_type":"account","traits":{"provider":"email"}}', '2025-08-21 09:58:15.782679+00', ''),
	('00000000-0000-0000-0000-000000000000', 'bdb5b125-37dc-4d20-8115-88fbbb277d10', '{"action":"login","actor_id":"60bc8ec8-a502-4c69-bc14-052b33b52d85","actor_username":"admin@ihracatakademi.com","actor_via_sso":false,"log_type":"account","traits":{"provider":"email"}}', '2025-08-21 09:58:44.438589+00', ''),
	('00000000-0000-0000-0000-000000000000', 'f8adcf47-0bb0-44ba-a1d4-b6c295132bca', '{"action":"login","actor_id":"60bc8ec8-a502-4c69-bc14-052b33b52d85","actor_username":"admin@ihracatakademi.com","actor_via_sso":false,"log_type":"account","traits":{"provider":"email"}}', '2025-08-21 09:59:28.465334+00', ''),
	('00000000-0000-0000-0000-000000000000', '79339d00-a2e2-4889-b420-45af05eaf73a', '{"action":"login","actor_id":"60bc8ec8-a502-4c69-bc14-052b33b52d85","actor_username":"admin@ihracatakademi.com","actor_via_sso":false,"log_type":"account","traits":{"provider":"email"}}', '2025-08-21 09:59:41.329638+00', ''),
	('00000000-0000-0000-0000-000000000000', 'e3895af1-922b-4682-9e12-2fdf3183950b', '{"action":"login","actor_id":"60bc8ec8-a502-4c69-bc14-052b33b52d85","actor_username":"admin@ihracatakademi.com","actor_via_sso":false,"log_type":"account","traits":{"provider":"email"}}', '2025-08-21 09:59:55.090552+00', ''),
	('00000000-0000-0000-0000-000000000000', '3b334102-21db-438f-b4cf-5d6aaf60091c', '{"action":"login","actor_id":"60bc8ec8-a502-4c69-bc14-052b33b52d85","actor_username":"admin@ihracatakademi.com","actor_via_sso":false,"log_type":"account","traits":{"provider":"email"}}', '2025-08-21 10:00:30.88758+00', ''),
	('00000000-0000-0000-0000-000000000000', '27b0583e-9951-47d1-8fa7-bf9b73089fe7', '{"action":"login","actor_id":"60bc8ec8-a502-4c69-bc14-052b33b52d85","actor_username":"admin@ihracatakademi.com","actor_via_sso":false,"log_type":"account","traits":{"provider":"email"}}', '2025-08-21 10:01:25.532027+00', ''),
	('00000000-0000-0000-0000-000000000000', 'ac7c6028-8b59-4dbd-9989-fdc1a297c2f0', '{"action":"login","actor_id":"60bc8ec8-a502-4c69-bc14-052b33b52d85","actor_username":"admin@ihracatakademi.com","actor_via_sso":false,"log_type":"account","traits":{"provider":"email"}}', '2025-08-21 10:02:43.156242+00', ''),
	('00000000-0000-0000-0000-000000000000', '87d1d749-e70a-4880-9754-75aac652d817', '{"action":"login","actor_id":"60bc8ec8-a502-4c69-bc14-052b33b52d85","actor_username":"admin@ihracatakademi.com","actor_via_sso":false,"log_type":"account","traits":{"provider":"email"}}', '2025-08-21 10:04:32.430682+00', ''),
	('00000000-0000-0000-0000-000000000000', 'd4c66e32-3d0a-4d93-b8c8-d3e570872d97', '{"action":"login","actor_id":"60bc8ec8-a502-4c69-bc14-052b33b52d85","actor_username":"admin@ihracatakademi.com","actor_via_sso":false,"log_type":"account","traits":{"provider":"email"}}', '2025-08-21 10:04:42.488437+00', ''),
	('00000000-0000-0000-0000-000000000000', '6f9436ec-2cc3-44f5-918a-b419cc46a9cf', '{"action":"login","actor_id":"60bc8ec8-a502-4c69-bc14-052b33b52d85","actor_username":"admin@ihracatakademi.com","actor_via_sso":false,"log_type":"account","traits":{"provider":"email"}}', '2025-08-21 10:04:52.71016+00', ''),
	('00000000-0000-0000-0000-000000000000', 'aeec0e17-c377-4d75-87bd-2fb7d2cade0e', '{"action":"login","actor_id":"60bc8ec8-a502-4c69-bc14-052b33b52d85","actor_username":"admin@ihracatakademi.com","actor_via_sso":false,"log_type":"account","traits":{"provider":"email"}}', '2025-08-21 10:12:55.659201+00', ''),
	('00000000-0000-0000-0000-000000000000', 'a734f271-1de6-4f1e-b7a8-2e266ad6a156', '{"action":"login","actor_id":"60bc8ec8-a502-4c69-bc14-052b33b52d85","actor_username":"admin@ihracatakademi.com","actor_via_sso":false,"log_type":"account","traits":{"provider":"email"}}', '2025-08-21 10:15:34.487041+00', ''),
	('00000000-0000-0000-0000-000000000000', '7b42969c-3b35-4ec7-9122-d0f03fc60c82', '{"action":"login","actor_id":"60bc8ec8-a502-4c69-bc14-052b33b52d85","actor_username":"admin@ihracatakademi.com","actor_via_sso":false,"log_type":"account","traits":{"provider":"email"}}', '2025-08-21 10:32:51.395385+00', ''),
	('00000000-0000-0000-0000-000000000000', '857c5d46-e42f-4b96-b45d-9581e39a3045', '{"action":"login","actor_id":"60bc8ec8-a502-4c69-bc14-052b33b52d85","actor_username":"admin@ihracatakademi.com","actor_via_sso":false,"log_type":"account","traits":{"provider":"email"}}', '2025-08-21 10:33:06.74992+00', ''),
	('00000000-0000-0000-0000-000000000000', 'e34d4fad-18fb-4541-91d7-e4bd48559a55', '{"action":"login","actor_id":"60bc8ec8-a502-4c69-bc14-052b33b52d85","actor_username":"admin@ihracatakademi.com","actor_via_sso":false,"log_type":"account","traits":{"provider":"email"}}', '2025-08-21 10:33:18.108546+00', ''),
	('00000000-0000-0000-0000-000000000000', '780420b8-6d6c-4b30-aeae-bd6917b471e5', '{"action":"login","actor_id":"60bc8ec8-a502-4c69-bc14-052b33b52d85","actor_username":"admin@ihracatakademi.com","actor_via_sso":false,"log_type":"account","traits":{"provider":"email"}}', '2025-08-21 10:34:23.181159+00', ''),
	('00000000-0000-0000-0000-000000000000', 'd5c45103-d977-4595-95d9-fd197793c1f0', '{"action":"token_refreshed","actor_id":"60bc8ec8-a502-4c69-bc14-052b33b52d85","actor_username":"admin@ihracatakademi.com","actor_via_sso":false,"log_type":"token"}', '2025-08-21 10:45:04.445909+00', ''),
	('00000000-0000-0000-0000-000000000000', '75886cb0-ea27-4bb5-bd35-bfdf31cba115', '{"action":"token_revoked","actor_id":"60bc8ec8-a502-4c69-bc14-052b33b52d85","actor_username":"admin@ihracatakademi.com","actor_via_sso":false,"log_type":"token"}', '2025-08-21 10:45:04.462467+00', ''),
	('00000000-0000-0000-0000-000000000000', 'f3382f2e-a545-4927-9c61-99643ba15404', '{"action":"token_refreshed","actor_id":"60bc8ec8-a502-4c69-bc14-052b33b52d85","actor_username":"admin@ihracatakademi.com","actor_via_sso":false,"log_type":"token"}', '2025-08-21 10:45:07.557431+00', ''),
	('00000000-0000-0000-0000-000000000000', '44577cc2-75b8-4a2d-a961-9b2d7aab8d14', '{"action":"token_revoked","actor_id":"60bc8ec8-a502-4c69-bc14-052b33b52d85","actor_username":"admin@ihracatakademi.com","actor_via_sso":false,"log_type":"token"}', '2025-08-21 10:45:07.558555+00', ''),
	('00000000-0000-0000-0000-000000000000', 'fa3b81e6-30c8-47d5-a963-e74683a030e6', '{"action":"token_refreshed","actor_id":"60bc8ec8-a502-4c69-bc14-052b33b52d85","actor_username":"admin@ihracatakademi.com","actor_via_sso":false,"log_type":"token"}', '2025-08-21 10:45:16.842427+00', ''),
	('00000000-0000-0000-0000-000000000000', '3ad7e425-d680-4fd2-bc77-4889cb630e61', '{"action":"token_revoked","actor_id":"60bc8ec8-a502-4c69-bc14-052b33b52d85","actor_username":"admin@ihracatakademi.com","actor_via_sso":false,"log_type":"token"}', '2025-08-21 10:45:16.843525+00', ''),
	('00000000-0000-0000-0000-000000000000', '8577a2cb-c9f3-4a11-b008-33c7af67b203', '{"action":"token_refreshed","actor_id":"60bc8ec8-a502-4c69-bc14-052b33b52d85","actor_username":"admin@ihracatakademi.com","actor_via_sso":false,"log_type":"token"}', '2025-08-21 10:47:14.723999+00', ''),
	('00000000-0000-0000-0000-000000000000', '3a872cd6-06e9-4dc6-96dd-9463c3c487c8', '{"action":"token_revoked","actor_id":"60bc8ec8-a502-4c69-bc14-052b33b52d85","actor_username":"admin@ihracatakademi.com","actor_via_sso":false,"log_type":"token"}', '2025-08-21 10:47:14.725684+00', ''),
	('00000000-0000-0000-0000-000000000000', 'a8e61928-8188-4516-958f-3fdd2a5481db', '{"action":"token_refreshed","actor_id":"60bc8ec8-a502-4c69-bc14-052b33b52d85","actor_username":"admin@ihracatakademi.com","actor_via_sso":false,"log_type":"token"}', '2025-08-21 10:47:32.443629+00', ''),
	('00000000-0000-0000-0000-000000000000', 'b74bca56-d88c-4dbc-81fa-00fb9d240c6c', '{"action":"token_revoked","actor_id":"60bc8ec8-a502-4c69-bc14-052b33b52d85","actor_username":"admin@ihracatakademi.com","actor_via_sso":false,"log_type":"token"}', '2025-08-21 10:47:32.444821+00', ''),
	('00000000-0000-0000-0000-000000000000', '1bb3b5a0-f676-471d-b879-fa44ce94619a', '{"action":"token_refreshed","actor_id":"60bc8ec8-a502-4c69-bc14-052b33b52d85","actor_username":"admin@ihracatakademi.com","actor_via_sso":false,"log_type":"token"}', '2025-08-21 10:49:52.151246+00', ''),
	('00000000-0000-0000-0000-000000000000', '4252b1ef-bda1-4c14-8fac-0eed7c0d8af5', '{"action":"token_revoked","actor_id":"60bc8ec8-a502-4c69-bc14-052b33b52d85","actor_username":"admin@ihracatakademi.com","actor_via_sso":false,"log_type":"token"}', '2025-08-21 10:49:52.153294+00', ''),
	('00000000-0000-0000-0000-000000000000', '1f5e89c9-d0d0-4544-b620-d115f8f72e79', '{"action":"token_refreshed","actor_id":"60bc8ec8-a502-4c69-bc14-052b33b52d85","actor_username":"admin@ihracatakademi.com","actor_via_sso":false,"log_type":"token"}', '2025-08-21 10:50:04.60769+00', ''),
	('00000000-0000-0000-0000-000000000000', '69bac690-3302-45b3-8286-47632bd3602d', '{"action":"token_revoked","actor_id":"60bc8ec8-a502-4c69-bc14-052b33b52d85","actor_username":"admin@ihracatakademi.com","actor_via_sso":false,"log_type":"token"}', '2025-08-21 10:50:04.608651+00', ''),
	('00000000-0000-0000-0000-000000000000', '30b53128-934d-4527-9005-80dae0e9bc9a', '{"action":"login","actor_id":"60bc8ec8-a502-4c69-bc14-052b33b52d85","actor_username":"admin@ihracatakademi.com","actor_via_sso":false,"log_type":"account","traits":{"provider":"email"}}', '2025-08-21 10:51:00.157528+00', ''),
	('00000000-0000-0000-0000-000000000000', 'c644696b-218a-46a5-94b2-50715e11937e', '{"action":"login","actor_id":"60bc8ec8-a502-4c69-bc14-052b33b52d85","actor_username":"admin@ihracatakademi.com","actor_via_sso":false,"log_type":"account","traits":{"provider":"email"}}', '2025-08-21 10:53:00.801811+00', ''),
	('00000000-0000-0000-0000-000000000000', '36cb3985-b6d1-4c89-9092-6738c8a70dc2', '{"action":"token_refreshed","actor_id":"60bc8ec8-a502-4c69-bc14-052b33b52d85","actor_username":"admin@ihracatakademi.com","actor_via_sso":false,"log_type":"token"}', '2025-08-21 10:53:14.917214+00', ''),
	('00000000-0000-0000-0000-000000000000', 'dbc068fa-5ee5-4842-a162-457f03800d3f', '{"action":"token_revoked","actor_id":"60bc8ec8-a502-4c69-bc14-052b33b52d85","actor_username":"admin@ihracatakademi.com","actor_via_sso":false,"log_type":"token"}', '2025-08-21 10:53:14.925091+00', ''),
	('00000000-0000-0000-0000-000000000000', '2380bfc7-b803-4f17-97bb-4c7563965ec5', '{"action":"login","actor_id":"60bc8ec8-a502-4c69-bc14-052b33b52d85","actor_username":"admin@ihracatakademi.com","actor_via_sso":false,"log_type":"account","traits":{"provider":"email"}}', '2025-08-21 10:54:48.700382+00', ''),
	('00000000-0000-0000-0000-000000000000', 'b2ff4ebb-a91e-4401-8f68-05fe18fe079e', '{"action":"token_refreshed","actor_id":"60bc8ec8-a502-4c69-bc14-052b33b52d85","actor_username":"admin@ihracatakademi.com","actor_via_sso":false,"log_type":"token"}', '2025-08-21 10:54:55.196316+00', ''),
	('00000000-0000-0000-0000-000000000000', '55068d53-98b2-42df-b0de-fe89d50e666f', '{"action":"token_revoked","actor_id":"60bc8ec8-a502-4c69-bc14-052b33b52d85","actor_username":"admin@ihracatakademi.com","actor_via_sso":false,"log_type":"token"}', '2025-08-21 10:54:55.198342+00', ''),
	('00000000-0000-0000-0000-000000000000', '3ba006d7-3238-4c93-8639-f0462b88cd01', '{"action":"login","actor_id":"60bc8ec8-a502-4c69-bc14-052b33b52d85","actor_username":"admin@ihracatakademi.com","actor_via_sso":false,"log_type":"account","traits":{"provider":"email"}}', '2025-08-21 10:54:58.205128+00', ''),
	('00000000-0000-0000-0000-000000000000', '4960b829-bdd1-462d-be37-86c79e331e27', '{"action":"token_refreshed","actor_id":"60bc8ec8-a502-4c69-bc14-052b33b52d85","actor_username":"admin@ihracatakademi.com","actor_via_sso":false,"log_type":"token"}', '2025-08-21 10:55:37.382516+00', ''),
	('00000000-0000-0000-0000-000000000000', '2295e50e-9c20-4d62-bd0b-89a6c3e70703', '{"action":"token_revoked","actor_id":"60bc8ec8-a502-4c69-bc14-052b33b52d85","actor_username":"admin@ihracatakademi.com","actor_via_sso":false,"log_type":"token"}', '2025-08-21 10:55:37.384323+00', ''),
	('00000000-0000-0000-0000-000000000000', 'd3d51cb3-52fa-4452-8567-baa4ab5597d5', '{"action":"token_refreshed","actor_id":"60bc8ec8-a502-4c69-bc14-052b33b52d85","actor_username":"admin@ihracatakademi.com","actor_via_sso":false,"log_type":"token"}', '2025-08-21 10:55:44.950335+00', ''),
	('00000000-0000-0000-0000-000000000000', '840c2637-028a-4735-bd1f-cba6148cb3ee', '{"action":"token_revoked","actor_id":"60bc8ec8-a502-4c69-bc14-052b33b52d85","actor_username":"admin@ihracatakademi.com","actor_via_sso":false,"log_type":"token"}', '2025-08-21 10:55:44.951387+00', ''),
	('00000000-0000-0000-0000-000000000000', 'b42a1cb0-514e-4adc-b7ab-02774b6b3618', '{"action":"token_refreshed","actor_id":"60bc8ec8-a502-4c69-bc14-052b33b52d85","actor_username":"admin@ihracatakademi.com","actor_via_sso":false,"log_type":"token"}', '2025-08-21 10:56:15.892825+00', ''),
	('00000000-0000-0000-0000-000000000000', '24b69f78-70d6-4341-b2a5-bba6f8343a5e', '{"action":"token_revoked","actor_id":"60bc8ec8-a502-4c69-bc14-052b33b52d85","actor_username":"admin@ihracatakademi.com","actor_via_sso":false,"log_type":"token"}', '2025-08-21 10:56:15.893879+00', ''),
	('00000000-0000-0000-0000-000000000000', 'a2669234-a05e-431a-992d-f6d66e6a16d9', '{"action":"token_refreshed","actor_id":"60bc8ec8-a502-4c69-bc14-052b33b52d85","actor_username":"admin@ihracatakademi.com","actor_via_sso":false,"log_type":"token"}', '2025-08-21 10:56:44.570534+00', ''),
	('00000000-0000-0000-0000-000000000000', '5c0909ca-5863-4ed4-8d68-c539433471d9', '{"action":"token_revoked","actor_id":"60bc8ec8-a502-4c69-bc14-052b33b52d85","actor_username":"admin@ihracatakademi.com","actor_via_sso":false,"log_type":"token"}', '2025-08-21 10:56:44.571159+00', ''),
	('00000000-0000-0000-0000-000000000000', 'def94fcc-8bed-4669-96cf-c3d7ec8be1d6', '{"action":"token_refreshed","actor_id":"60bc8ec8-a502-4c69-bc14-052b33b52d85","actor_username":"admin@ihracatakademi.com","actor_via_sso":false,"log_type":"token"}', '2025-08-21 10:57:28.49511+00', ''),
	('00000000-0000-0000-0000-000000000000', 'ae2d1497-498d-41ec-b008-3cae5abdcc4a', '{"action":"token_revoked","actor_id":"60bc8ec8-a502-4c69-bc14-052b33b52d85","actor_username":"admin@ihracatakademi.com","actor_via_sso":false,"log_type":"token"}', '2025-08-21 10:57:28.496242+00', ''),
	('00000000-0000-0000-0000-000000000000', '7d198c59-edc7-467a-b6c0-eff245776b26', '{"action":"token_refreshed","actor_id":"60bc8ec8-a502-4c69-bc14-052b33b52d85","actor_username":"admin@ihracatakademi.com","actor_via_sso":false,"log_type":"token"}', '2025-08-21 10:57:41.416299+00', ''),
	('00000000-0000-0000-0000-000000000000', '5acb78fc-6c9a-4fc8-8463-358c37e125fb', '{"action":"token_revoked","actor_id":"60bc8ec8-a502-4c69-bc14-052b33b52d85","actor_username":"admin@ihracatakademi.com","actor_via_sso":false,"log_type":"token"}', '2025-08-21 10:57:41.417003+00', ''),
	('00000000-0000-0000-0000-000000000000', 'b3b6669f-e1d4-4672-b925-82c62c250e18', '{"action":"token_refreshed","actor_id":"60bc8ec8-a502-4c69-bc14-052b33b52d85","actor_username":"admin@ihracatakademi.com","actor_via_sso":false,"log_type":"token"}', '2025-08-21 10:58:24.932821+00', ''),
	('00000000-0000-0000-0000-000000000000', '88b13a6d-03a8-4372-9932-2b5afd6328e4', '{"action":"token_revoked","actor_id":"60bc8ec8-a502-4c69-bc14-052b33b52d85","actor_username":"admin@ihracatakademi.com","actor_via_sso":false,"log_type":"token"}', '2025-08-21 10:58:24.933559+00', ''),
	('00000000-0000-0000-0000-000000000000', '90744d91-dbb3-4241-ab86-75ced6237764', '{"action":"token_refreshed","actor_id":"60bc8ec8-a502-4c69-bc14-052b33b52d85","actor_username":"admin@ihracatakademi.com","actor_via_sso":false,"log_type":"token"}', '2025-08-21 10:58:31.100735+00', ''),
	('00000000-0000-0000-0000-000000000000', 'd99e5328-e72f-4f3a-9428-9c401b422480', '{"action":"token_revoked","actor_id":"60bc8ec8-a502-4c69-bc14-052b33b52d85","actor_username":"admin@ihracatakademi.com","actor_via_sso":false,"log_type":"token"}', '2025-08-21 10:58:31.101989+00', ''),
	('00000000-0000-0000-0000-000000000000', '15a8fc3a-f022-4b03-bd7b-cb9ae0d1d948', '{"action":"token_refreshed","actor_id":"60bc8ec8-a502-4c69-bc14-052b33b52d85","actor_username":"admin@ihracatakademi.com","actor_via_sso":false,"log_type":"token"}', '2025-08-21 10:59:25.651324+00', ''),
	('00000000-0000-0000-0000-000000000000', 'caa968ff-2a31-4828-a138-19a1f0d34e39', '{"action":"token_revoked","actor_id":"60bc8ec8-a502-4c69-bc14-052b33b52d85","actor_username":"admin@ihracatakademi.com","actor_via_sso":false,"log_type":"token"}', '2025-08-21 10:59:25.653922+00', ''),
	('00000000-0000-0000-0000-000000000000', '4bb440dc-6b66-4654-9ab8-e0a3f6ac0437', '{"action":"token_refreshed","actor_id":"60bc8ec8-a502-4c69-bc14-052b33b52d85","actor_username":"admin@ihracatakademi.com","actor_via_sso":false,"log_type":"token"}', '2025-08-21 11:00:43.331309+00', ''),
	('00000000-0000-0000-0000-000000000000', '44e2d2f3-604b-4de4-b831-e7717864479d', '{"action":"token_revoked","actor_id":"60bc8ec8-a502-4c69-bc14-052b33b52d85","actor_username":"admin@ihracatakademi.com","actor_via_sso":false,"log_type":"token"}', '2025-08-21 11:00:43.332594+00', ''),
	('00000000-0000-0000-0000-000000000000', 'c0d47ec7-e183-4c81-8469-5862224d9f3a', '{"action":"token_refreshed","actor_id":"60bc8ec8-a502-4c69-bc14-052b33b52d85","actor_username":"admin@ihracatakademi.com","actor_via_sso":false,"log_type":"token"}', '2025-08-21 11:02:42.732894+00', ''),
	('00000000-0000-0000-0000-000000000000', 'a856be5c-6104-40f9-8fb4-7c896c203517', '{"action":"token_revoked","actor_id":"60bc8ec8-a502-4c69-bc14-052b33b52d85","actor_username":"admin@ihracatakademi.com","actor_via_sso":false,"log_type":"token"}', '2025-08-21 11:02:42.734438+00', ''),
	('00000000-0000-0000-0000-000000000000', 'c0a59eba-cc83-49ac-a17c-75f9ed9101da', '{"action":"token_refreshed","actor_id":"60bc8ec8-a502-4c69-bc14-052b33b52d85","actor_username":"admin@ihracatakademi.com","actor_via_sso":false,"log_type":"token"}', '2025-08-21 11:02:53.100176+00', ''),
	('00000000-0000-0000-0000-000000000000', 'aaf1a303-70f1-4c61-9a73-6b50b5744643', '{"action":"token_revoked","actor_id":"60bc8ec8-a502-4c69-bc14-052b33b52d85","actor_username":"admin@ihracatakademi.com","actor_via_sso":false,"log_type":"token"}', '2025-08-21 11:02:53.101294+00', ''),
	('00000000-0000-0000-0000-000000000000', 'bb04efbe-1ddc-4ceb-ba91-87e3564fb739', '{"action":"token_refreshed","actor_id":"60bc8ec8-a502-4c69-bc14-052b33b52d85","actor_username":"admin@ihracatakademi.com","actor_via_sso":false,"log_type":"token"}', '2025-08-21 11:03:02.224394+00', ''),
	('00000000-0000-0000-0000-000000000000', 'b47adaa8-4f60-4436-b3ef-8b5d0d2294db', '{"action":"token_revoked","actor_id":"60bc8ec8-a502-4c69-bc14-052b33b52d85","actor_username":"admin@ihracatakademi.com","actor_via_sso":false,"log_type":"token"}', '2025-08-21 11:03:02.241234+00', ''),
	('00000000-0000-0000-0000-000000000000', '4a2a8bd3-d430-4514-8bfd-0d1825941dcd', '{"action":"token_refreshed","actor_id":"60bc8ec8-a502-4c69-bc14-052b33b52d85","actor_username":"admin@ihracatakademi.com","actor_via_sso":false,"log_type":"token"}', '2025-08-21 11:10:55.683496+00', ''),
	('00000000-0000-0000-0000-000000000000', '91f95132-75d5-4787-8dd2-34468cc253a4', '{"action":"token_revoked","actor_id":"60bc8ec8-a502-4c69-bc14-052b33b52d85","actor_username":"admin@ihracatakademi.com","actor_via_sso":false,"log_type":"token"}', '2025-08-21 11:10:55.686723+00', ''),
	('00000000-0000-0000-0000-000000000000', '89089fd2-f89a-463a-a32f-20dd3ced9142', '{"action":"token_refreshed","actor_id":"60bc8ec8-a502-4c69-bc14-052b33b52d85","actor_username":"admin@ihracatakademi.com","actor_via_sso":false,"log_type":"token"}', '2025-08-21 11:13:34.8437+00', ''),
	('00000000-0000-0000-0000-000000000000', '73ebc0bb-0196-4a45-8479-5a23cc04a880', '{"action":"token_revoked","actor_id":"60bc8ec8-a502-4c69-bc14-052b33b52d85","actor_username":"admin@ihracatakademi.com","actor_via_sso":false,"log_type":"token"}', '2025-08-21 11:13:34.852527+00', ''),
	('00000000-0000-0000-0000-000000000000', '73c877d7-a269-4473-97d9-27c2ee3a3314', '{"action":"login","actor_id":"60bc8ec8-a502-4c69-bc14-052b33b52d85","actor_username":"admin@ihracatakademi.com","actor_via_sso":false,"log_type":"account","traits":{"provider":"email"}}', '2025-08-21 11:16:30.12824+00', ''),
	('00000000-0000-0000-0000-000000000000', 'c8e03015-028b-42bd-970d-eb65d518438c', '{"action":"login","actor_id":"60bc8ec8-a502-4c69-bc14-052b33b52d85","actor_username":"admin@ihracatakademi.com","actor_via_sso":false,"log_type":"account","traits":{"provider":"email"}}', '2025-08-21 11:25:35.297927+00', ''),
	('00000000-0000-0000-0000-000000000000', '5c73e864-d566-48b9-ac9a-18a55dee2476', '{"action":"token_refreshed","actor_id":"60bc8ec8-a502-4c69-bc14-052b33b52d85","actor_username":"admin@ihracatakademi.com","actor_via_sso":false,"log_type":"token"}', '2025-08-21 11:30:51.341663+00', ''),
	('00000000-0000-0000-0000-000000000000', '74a0dc91-1057-4dd9-bb9c-a78a953a07ba', '{"action":"token_revoked","actor_id":"60bc8ec8-a502-4c69-bc14-052b33b52d85","actor_username":"admin@ihracatakademi.com","actor_via_sso":false,"log_type":"token"}', '2025-08-21 11:30:51.344133+00', ''),
	('00000000-0000-0000-0000-000000000000', '1ff0910d-88f5-45f5-b98b-4b29d4040b2c', '{"action":"token_refreshed","actor_id":"60bc8ec8-a502-4c69-bc14-052b33b52d85","actor_username":"admin@ihracatakademi.com","actor_via_sso":false,"log_type":"token"}', '2025-08-21 11:31:06.758303+00', ''),
	('00000000-0000-0000-0000-000000000000', '300d594c-81f1-4244-96ef-eaa960c5bd99', '{"action":"token_revoked","actor_id":"60bc8ec8-a502-4c69-bc14-052b33b52d85","actor_username":"admin@ihracatakademi.com","actor_via_sso":false,"log_type":"token"}', '2025-08-21 11:31:06.759077+00', ''),
	('00000000-0000-0000-0000-000000000000', '66c5b7ce-586c-4dcb-980d-2c977b5ce1b8', '{"action":"token_refreshed","actor_id":"60bc8ec8-a502-4c69-bc14-052b33b52d85","actor_username":"admin@ihracatakademi.com","actor_via_sso":false,"log_type":"token"}', '2025-08-21 11:31:18.251673+00', ''),
	('00000000-0000-0000-0000-000000000000', 'b7181ab9-e0e0-4e94-a182-982e7ff0b3bb', '{"action":"token_revoked","actor_id":"60bc8ec8-a502-4c69-bc14-052b33b52d85","actor_username":"admin@ihracatakademi.com","actor_via_sso":false,"log_type":"token"}', '2025-08-21 11:31:18.255045+00', ''),
	('00000000-0000-0000-0000-000000000000', '3bff7448-2ea1-41e1-8181-5183b9f2399e', '{"action":"token_refreshed","actor_id":"60bc8ec8-a502-4c69-bc14-052b33b52d85","actor_username":"admin@ihracatakademi.com","actor_via_sso":false,"log_type":"token"}', '2025-08-21 11:31:54.218059+00', ''),
	('00000000-0000-0000-0000-000000000000', 'dbaa83ac-5a50-4a07-9066-36af2f5b21c9', '{"action":"token_revoked","actor_id":"60bc8ec8-a502-4c69-bc14-052b33b52d85","actor_username":"admin@ihracatakademi.com","actor_via_sso":false,"log_type":"token"}', '2025-08-21 11:31:54.219194+00', ''),
	('00000000-0000-0000-0000-000000000000', '3aae9bf8-d9d1-4f37-a3a9-b6c011ee1778', '{"action":"token_refreshed","actor_id":"60bc8ec8-a502-4c69-bc14-052b33b52d85","actor_username":"admin@ihracatakademi.com","actor_via_sso":false,"log_type":"token"}', '2025-08-21 11:32:23.346747+00', ''),
	('00000000-0000-0000-0000-000000000000', '8df41a37-1240-41a2-9001-55d6780652df', '{"action":"token_revoked","actor_id":"60bc8ec8-a502-4c69-bc14-052b33b52d85","actor_username":"admin@ihracatakademi.com","actor_via_sso":false,"log_type":"token"}', '2025-08-21 11:32:23.347692+00', ''),
	('00000000-0000-0000-0000-000000000000', 'b63e298f-b8a6-4b0d-8876-2615c29990dd', '{"action":"login","actor_id":"60bc8ec8-a502-4c69-bc14-052b33b52d85","actor_username":"admin@ihracatakademi.com","actor_via_sso":false,"log_type":"account","traits":{"provider":"email"}}', '2025-08-21 11:34:16.117258+00', ''),
	('00000000-0000-0000-0000-000000000000', '2c3400b0-08ed-43ba-8f01-2aa16e2cbdc5', '{"action":"login","actor_id":"60bc8ec8-a502-4c69-bc14-052b33b52d85","actor_username":"admin@ihracatakademi.com","actor_via_sso":false,"log_type":"account","traits":{"provider":"email"}}', '2025-08-21 11:36:58.685463+00', ''),
	('00000000-0000-0000-0000-000000000000', 'b97227ed-2806-4395-94c3-55c34644fa48', '{"action":"login","actor_id":"60bc8ec8-a502-4c69-bc14-052b33b52d85","actor_username":"admin@ihracatakademi.com","actor_via_sso":false,"log_type":"account","traits":{"provider":"email"}}', '2025-08-21 11:40:06.984004+00', ''),
	('00000000-0000-0000-0000-000000000000', '0f22d3ce-423a-4055-b1aa-13d50fc24986', '{"action":"user_signedup","actor_id":"00000000-0000-0000-0000-000000000000","actor_username":"service_role","actor_via_sso":false,"log_type":"team","traits":{"provider":"email","user_email":"omer@hoca.com","user_id":"f77a7efc-4e5d-44e4-965d-ae4664d43bd3","user_phone":""}}', '2025-08-21 11:40:30.178457+00', ''),
	('00000000-0000-0000-0000-000000000000', '5daea4c1-ef49-42c5-8807-34d1151b81ea', '{"action":"login","actor_id":"60bc8ec8-a502-4c69-bc14-052b33b52d85","actor_username":"admin@ihracatakademi.com","actor_via_sso":false,"log_type":"account","traits":{"provider":"email"}}', '2025-08-21 11:42:09.677303+00', ''),
	('00000000-0000-0000-0000-000000000000', '305f35ee-f19b-4059-bb15-c4a6cd753cb6', '{"action":"token_refreshed","actor_id":"60bc8ec8-a502-4c69-bc14-052b33b52d85","actor_username":"admin@ihracatakademi.com","actor_via_sso":false,"log_type":"token"}', '2025-08-21 11:43:04.419487+00', ''),
	('00000000-0000-0000-0000-000000000000', '2d652a87-ff2e-41df-9f93-b79d61143101', '{"action":"token_revoked","actor_id":"60bc8ec8-a502-4c69-bc14-052b33b52d85","actor_username":"admin@ihracatakademi.com","actor_via_sso":false,"log_type":"token"}', '2025-08-21 11:43:04.420462+00', ''),
	('00000000-0000-0000-0000-000000000000', 'bf57500a-6304-4b2d-97de-f6f8c3c1b25c', '{"action":"token_refreshed","actor_id":"60bc8ec8-a502-4c69-bc14-052b33b52d85","actor_username":"admin@ihracatakademi.com","actor_via_sso":false,"log_type":"token"}', '2025-08-21 11:43:07.277013+00', ''),
	('00000000-0000-0000-0000-000000000000', 'c99e2c56-c680-4155-835c-f3f0fc4fe499', '{"action":"token_revoked","actor_id":"60bc8ec8-a502-4c69-bc14-052b33b52d85","actor_username":"admin@ihracatakademi.com","actor_via_sso":false,"log_type":"token"}', '2025-08-21 11:43:07.277636+00', ''),
	('00000000-0000-0000-0000-000000000000', 'ec7f679e-305d-480e-9bdf-a97759ab6004', '{"action":"token_refreshed","actor_id":"60bc8ec8-a502-4c69-bc14-052b33b52d85","actor_username":"admin@ihracatakademi.com","actor_via_sso":false,"log_type":"token"}', '2025-08-21 11:43:17.010632+00', ''),
	('00000000-0000-0000-0000-000000000000', '08b3325b-b1a4-4610-b493-eed1c5c57e8b', '{"action":"token_revoked","actor_id":"60bc8ec8-a502-4c69-bc14-052b33b52d85","actor_username":"admin@ihracatakademi.com","actor_via_sso":false,"log_type":"token"}', '2025-08-21 11:43:17.012103+00', ''),
	('00000000-0000-0000-0000-000000000000', 'e9fd3442-5877-4252-8954-3983a83d50cf', '{"action":"token_refreshed","actor_id":"60bc8ec8-a502-4c69-bc14-052b33b52d85","actor_username":"admin@ihracatakademi.com","actor_via_sso":false,"log_type":"token"}', '2025-08-21 11:45:15.325614+00', ''),
	('00000000-0000-0000-0000-000000000000', '618520c8-0a5d-4de0-a965-d88e51eb0da8', '{"action":"token_revoked","actor_id":"60bc8ec8-a502-4c69-bc14-052b33b52d85","actor_username":"admin@ihracatakademi.com","actor_via_sso":false,"log_type":"token"}', '2025-08-21 11:45:15.337533+00', ''),
	('00000000-0000-0000-0000-000000000000', 'ec39626d-3206-4b3f-bd9f-3a983fe6ee9b', '{"action":"token_refreshed","actor_id":"60bc8ec8-a502-4c69-bc14-052b33b52d85","actor_username":"admin@ihracatakademi.com","actor_via_sso":false,"log_type":"token"}', '2025-08-21 11:45:32.578402+00', ''),
	('00000000-0000-0000-0000-000000000000', '730ebb30-c88e-4b21-932d-ad10a292cdbd', '{"action":"token_revoked","actor_id":"60bc8ec8-a502-4c69-bc14-052b33b52d85","actor_username":"admin@ihracatakademi.com","actor_via_sso":false,"log_type":"token"}', '2025-08-21 11:45:32.579261+00', ''),
	('00000000-0000-0000-0000-000000000000', '755efc80-961d-4c7b-ab56-fe77f0f1f24b', '{"action":"token_refreshed","actor_id":"60bc8ec8-a502-4c69-bc14-052b33b52d85","actor_username":"admin@ihracatakademi.com","actor_via_sso":false,"log_type":"token"}', '2025-08-21 11:47:52.239717+00', ''),
	('00000000-0000-0000-0000-000000000000', '125e573c-4ca9-4315-bfc4-0574438fd1f0', '{"action":"token_revoked","actor_id":"60bc8ec8-a502-4c69-bc14-052b33b52d85","actor_username":"admin@ihracatakademi.com","actor_via_sso":false,"log_type":"token"}', '2025-08-21 11:47:52.244128+00', ''),
	('00000000-0000-0000-0000-000000000000', '9eb3feeb-afbf-42b6-99a7-806d74a2a6cb', '{"action":"token_refreshed","actor_id":"60bc8ec8-a502-4c69-bc14-052b33b52d85","actor_username":"admin@ihracatakademi.com","actor_via_sso":false,"log_type":"token"}', '2025-08-21 11:48:04.702971+00', ''),
	('00000000-0000-0000-0000-000000000000', 'aaca60da-2d84-418b-a45f-04ab66d4ce66', '{"action":"token_revoked","actor_id":"60bc8ec8-a502-4c69-bc14-052b33b52d85","actor_username":"admin@ihracatakademi.com","actor_via_sso":false,"log_type":"token"}', '2025-08-21 11:48:04.703754+00', ''),
	('00000000-0000-0000-0000-000000000000', '9db5ecc2-df4e-4497-9a74-d0b5d5ba26b1', '{"action":"login","actor_id":"60bc8ec8-a502-4c69-bc14-052b33b52d85","actor_username":"admin@ihracatakademi.com","actor_via_sso":false,"log_type":"account","traits":{"provider":"email"}}', '2025-08-21 11:48:12.871958+00', ''),
	('00000000-0000-0000-0000-000000000000', '6be1c5cd-773a-4240-b1b3-4a66d2c39fd4', '{"action":"token_refreshed","actor_id":"60bc8ec8-a502-4c69-bc14-052b33b52d85","actor_username":"admin@ihracatakademi.com","actor_via_sso":false,"log_type":"token"}', '2025-08-21 11:49:00.291992+00', ''),
	('00000000-0000-0000-0000-000000000000', '2d530bf2-b4ef-41f9-81f8-e75675190592', '{"action":"token_revoked","actor_id":"60bc8ec8-a502-4c69-bc14-052b33b52d85","actor_username":"admin@ihracatakademi.com","actor_via_sso":false,"log_type":"token"}', '2025-08-21 11:49:00.293156+00', ''),
	('00000000-0000-0000-0000-000000000000', '7237345c-1235-4806-8136-a9244eb03645', '{"action":"login","actor_id":"60bc8ec8-a502-4c69-bc14-052b33b52d85","actor_username":"admin@ihracatakademi.com","actor_via_sso":false,"log_type":"account","traits":{"provider":"email"}}', '2025-08-21 11:50:38.282605+00', ''),
	('00000000-0000-0000-0000-000000000000', '08e85dfb-5927-4f5f-a24f-60b3ef292ba8', '{"action":"token_refreshed","actor_id":"60bc8ec8-a502-4c69-bc14-052b33b52d85","actor_username":"admin@ihracatakademi.com","actor_via_sso":false,"log_type":"token"}', '2025-08-21 11:51:00.839805+00', ''),
	('00000000-0000-0000-0000-000000000000', '6b227ef7-77d9-435b-9133-35be6fa6adc0', '{"action":"token_revoked","actor_id":"60bc8ec8-a502-4c69-bc14-052b33b52d85","actor_username":"admin@ihracatakademi.com","actor_via_sso":false,"log_type":"token"}', '2025-08-21 11:51:00.841254+00', ''),
	('00000000-0000-0000-0000-000000000000', 'f96b8fb1-a201-4e31-874d-67563ad5b710', '{"action":"token_refreshed","actor_id":"60bc8ec8-a502-4c69-bc14-052b33b52d85","actor_username":"admin@ihracatakademi.com","actor_via_sso":false,"log_type":"token"}', '2025-08-21 11:51:14.888303+00', ''),
	('00000000-0000-0000-0000-000000000000', '617abef0-dfec-448e-b29a-ba13035d3426', '{"action":"token_revoked","actor_id":"60bc8ec8-a502-4c69-bc14-052b33b52d85","actor_username":"admin@ihracatakademi.com","actor_via_sso":false,"log_type":"token"}', '2025-08-21 11:51:14.889531+00', ''),
	('00000000-0000-0000-0000-000000000000', '294ce1ee-8138-4f94-b247-ff1d68e49ce1', '{"action":"login","actor_id":"60bc8ec8-a502-4c69-bc14-052b33b52d85","actor_username":"admin@ihracatakademi.com","actor_via_sso":false,"log_type":"account","traits":{"provider":"email"}}', '2025-08-21 11:52:44.745838+00', ''),
	('00000000-0000-0000-0000-000000000000', '39e3536c-1f75-4a9a-9f2c-816b4c03a8e0', '{"action":"token_refreshed","actor_id":"60bc8ec8-a502-4c69-bc14-052b33b52d85","actor_username":"admin@ihracatakademi.com","actor_via_sso":false,"log_type":"token"}', '2025-08-21 11:52:48.476882+00', ''),
	('00000000-0000-0000-0000-000000000000', 'a7e9cd63-edac-4191-b171-24c11b31a80b', '{"action":"token_revoked","actor_id":"60bc8ec8-a502-4c69-bc14-052b33b52d85","actor_username":"admin@ihracatakademi.com","actor_via_sso":false,"log_type":"token"}', '2025-08-21 11:52:48.477533+00', ''),
	('00000000-0000-0000-0000-000000000000', 'eecb0f16-754d-45bc-bd31-cf1dd5f6836f', '{"action":"token_refreshed","actor_id":"60bc8ec8-a502-4c69-bc14-052b33b52d85","actor_username":"admin@ihracatakademi.com","actor_via_sso":false,"log_type":"token"}', '2025-08-21 11:52:55.387791+00', ''),
	('00000000-0000-0000-0000-000000000000', '2980481d-6468-45f4-acc0-9af65214229e', '{"action":"token_revoked","actor_id":"60bc8ec8-a502-4c69-bc14-052b33b52d85","actor_username":"admin@ihracatakademi.com","actor_via_sso":false,"log_type":"token"}', '2025-08-21 11:52:55.388659+00', ''),
	('00000000-0000-0000-0000-000000000000', 'f8b0921f-a53f-44d8-9aa4-5dc7fd3f2bb4', '{"action":"token_refreshed","actor_id":"60bc8ec8-a502-4c69-bc14-052b33b52d85","actor_username":"admin@ihracatakademi.com","actor_via_sso":false,"log_type":"token"}', '2025-08-21 11:52:58.304432+00', ''),
	('00000000-0000-0000-0000-000000000000', '36d5d43b-212f-4096-9538-8679f72ea92d', '{"action":"token_revoked","actor_id":"60bc8ec8-a502-4c69-bc14-052b33b52d85","actor_username":"admin@ihracatakademi.com","actor_via_sso":false,"log_type":"token"}', '2025-08-21 11:52:58.305247+00', ''),
	('00000000-0000-0000-0000-000000000000', 'fcb56e7a-9c43-4908-8a2b-0fb530ce14fa', '{"action":"token_refreshed","actor_id":"60bc8ec8-a502-4c69-bc14-052b33b52d85","actor_username":"admin@ihracatakademi.com","actor_via_sso":false,"log_type":"token"}', '2025-08-21 11:53:37.547221+00', ''),
	('00000000-0000-0000-0000-000000000000', 'e6c1a15a-3b7c-4eee-970f-e3cb1e74f992', '{"action":"token_revoked","actor_id":"60bc8ec8-a502-4c69-bc14-052b33b52d85","actor_username":"admin@ihracatakademi.com","actor_via_sso":false,"log_type":"token"}', '2025-08-21 11:53:37.548381+00', ''),
	('00000000-0000-0000-0000-000000000000', '72d7e2ac-900d-4038-82dc-3b4e69cc1e91', '{"action":"token_refreshed","actor_id":"60bc8ec8-a502-4c69-bc14-052b33b52d85","actor_username":"admin@ihracatakademi.com","actor_via_sso":false,"log_type":"token"}', '2025-08-21 11:53:45.119188+00', ''),
	('00000000-0000-0000-0000-000000000000', '9479302a-33bb-4127-99f4-8768943d3710', '{"action":"token_revoked","actor_id":"60bc8ec8-a502-4c69-bc14-052b33b52d85","actor_username":"admin@ihracatakademi.com","actor_via_sso":false,"log_type":"token"}', '2025-08-21 11:53:45.120936+00', ''),
	('00000000-0000-0000-0000-000000000000', '61b1d916-997c-4e43-85dd-b88dc79a2f00', '{"action":"token_refreshed","actor_id":"60bc8ec8-a502-4c69-bc14-052b33b52d85","actor_username":"admin@ihracatakademi.com","actor_via_sso":false,"log_type":"token"}', '2025-08-21 11:54:16.04306+00', ''),
	('00000000-0000-0000-0000-000000000000', 'c18d559c-f23b-4e15-9063-dd5ea8729310', '{"action":"token_revoked","actor_id":"60bc8ec8-a502-4c69-bc14-052b33b52d85","actor_username":"admin@ihracatakademi.com","actor_via_sso":false,"log_type":"token"}', '2025-08-21 11:54:16.045039+00', ''),
	('00000000-0000-0000-0000-000000000000', '360fec78-16d2-4098-8322-853adca222e0', '{"action":"token_refreshed","actor_id":"60bc8ec8-a502-4c69-bc14-052b33b52d85","actor_username":"admin@ihracatakademi.com","actor_via_sso":false,"log_type":"token"}', '2025-08-21 11:54:44.86474+00', ''),
	('00000000-0000-0000-0000-000000000000', '4a05c5ce-38ed-4cc2-8672-bb2be25bdfc5', '{"action":"token_revoked","actor_id":"60bc8ec8-a502-4c69-bc14-052b33b52d85","actor_username":"admin@ihracatakademi.com","actor_via_sso":false,"log_type":"token"}', '2025-08-21 11:54:44.875004+00', ''),
	('00000000-0000-0000-0000-000000000000', '45851888-fff6-4d98-9df2-d3ebf72c7145', '{"action":"token_refreshed","actor_id":"60bc8ec8-a502-4c69-bc14-052b33b52d85","actor_username":"admin@ihracatakademi.com","actor_via_sso":false,"log_type":"token"}', '2025-08-21 11:55:28.757588+00', ''),
	('00000000-0000-0000-0000-000000000000', 'e9db2695-22ed-4d01-8714-95fb80898877', '{"action":"token_revoked","actor_id":"60bc8ec8-a502-4c69-bc14-052b33b52d85","actor_username":"admin@ihracatakademi.com","actor_via_sso":false,"log_type":"token"}', '2025-08-21 11:55:28.758433+00', ''),
	('00000000-0000-0000-0000-000000000000', '3c5955bb-9a94-44ec-91ff-04a783caa255', '{"action":"token_refreshed","actor_id":"60bc8ec8-a502-4c69-bc14-052b33b52d85","actor_username":"admin@ihracatakademi.com","actor_via_sso":false,"log_type":"token"}', '2025-08-21 11:55:41.686257+00', ''),
	('00000000-0000-0000-0000-000000000000', 'aad4dad5-5afd-4b69-b4b6-ec645efd0ded', '{"action":"token_revoked","actor_id":"60bc8ec8-a502-4c69-bc14-052b33b52d85","actor_username":"admin@ihracatakademi.com","actor_via_sso":false,"log_type":"token"}', '2025-08-21 11:55:41.687357+00', ''),
	('00000000-0000-0000-0000-000000000000', 'ddff3289-1be2-4589-a6f7-1316ee47a950', '{"action":"login","actor_id":"60bc8ec8-a502-4c69-bc14-052b33b52d85","actor_username":"admin@ihracatakademi.com","actor_via_sso":false,"log_type":"account","traits":{"provider":"email"}}', '2025-08-21 11:56:00.109223+00', ''),
	('00000000-0000-0000-0000-000000000000', 'b9e5ad71-2271-4e73-92ea-2d476743dded', '{"action":"token_refreshed","actor_id":"60bc8ec8-a502-4c69-bc14-052b33b52d85","actor_username":"admin@ihracatakademi.com","actor_via_sso":false,"log_type":"token"}', '2025-08-21 11:56:25.105335+00', ''),
	('00000000-0000-0000-0000-000000000000', '96e854fa-d01f-4c07-a15b-f861ebfa209a', '{"action":"token_revoked","actor_id":"60bc8ec8-a502-4c69-bc14-052b33b52d85","actor_username":"admin@ihracatakademi.com","actor_via_sso":false,"log_type":"token"}', '2025-08-21 11:56:25.106554+00', ''),
	('00000000-0000-0000-0000-000000000000', '4bff7ca1-66ee-42f1-9976-cf02faad1f0c', '{"action":"token_refreshed","actor_id":"60bc8ec8-a502-4c69-bc14-052b33b52d85","actor_username":"admin@ihracatakademi.com","actor_via_sso":false,"log_type":"token"}', '2025-08-21 11:56:31.264912+00', ''),
	('00000000-0000-0000-0000-000000000000', 'af3eb01d-5eda-40b6-b015-c50231a06c10', '{"action":"token_revoked","actor_id":"60bc8ec8-a502-4c69-bc14-052b33b52d85","actor_username":"admin@ihracatakademi.com","actor_via_sso":false,"log_type":"token"}', '2025-08-21 11:56:31.266042+00', ''),
	('00000000-0000-0000-0000-000000000000', 'b44492d6-79a4-45fb-a0f7-623b2b93a1ff', '{"action":"token_refreshed","actor_id":"60bc8ec8-a502-4c69-bc14-052b33b52d85","actor_username":"admin@ihracatakademi.com","actor_via_sso":false,"log_type":"token"}', '2025-08-21 11:57:25.776567+00', ''),
	('00000000-0000-0000-0000-000000000000', 'b56ba1e1-23e8-4881-97f6-224d8aec6a6a', '{"action":"token_revoked","actor_id":"60bc8ec8-a502-4c69-bc14-052b33b52d85","actor_username":"admin@ihracatakademi.com","actor_via_sso":false,"log_type":"token"}', '2025-08-21 11:57:25.777338+00', ''),
	('00000000-0000-0000-0000-000000000000', '3641f2e4-aba9-4dca-8912-d17bd746231d', '{"action":"token_refreshed","actor_id":"60bc8ec8-a502-4c69-bc14-052b33b52d85","actor_username":"admin@ihracatakademi.com","actor_via_sso":false,"log_type":"token"}', '2025-08-21 11:58:43.46699+00', ''),
	('00000000-0000-0000-0000-000000000000', '7b44a1e1-8e81-4807-9fb3-1241b79cf14e', '{"action":"token_revoked","actor_id":"60bc8ec8-a502-4c69-bc14-052b33b52d85","actor_username":"admin@ihracatakademi.com","actor_via_sso":false,"log_type":"token"}', '2025-08-21 11:58:43.468023+00', ''),
	('00000000-0000-0000-0000-000000000000', '8b10a283-a5b4-48f3-955b-49a9c11725e9', '{"action":"login","actor_id":"60bc8ec8-a502-4c69-bc14-052b33b52d85","actor_username":"admin@ihracatakademi.com","actor_via_sso":false,"log_type":"account","traits":{"provider":"email"}}', '2025-08-21 12:00:32.799724+00', ''),
	('00000000-0000-0000-0000-000000000000', '093985bb-5922-443a-8422-db722e356480', '{"action":"token_refreshed","actor_id":"60bc8ec8-a502-4c69-bc14-052b33b52d85","actor_username":"admin@ihracatakademi.com","actor_via_sso":false,"log_type":"token"}', '2025-08-21 12:00:42.812372+00', ''),
	('00000000-0000-0000-0000-000000000000', '07cfda0b-8415-436b-9e24-3eca6a09e7e2', '{"action":"token_revoked","actor_id":"60bc8ec8-a502-4c69-bc14-052b33b52d85","actor_username":"admin@ihracatakademi.com","actor_via_sso":false,"log_type":"token"}', '2025-08-21 12:00:42.813601+00', ''),
	('00000000-0000-0000-0000-000000000000', '66c69aac-25c3-46e0-9612-be3acd3ea0cb', '{"action":"token_refreshed","actor_id":"60bc8ec8-a502-4c69-bc14-052b33b52d85","actor_username":"admin@ihracatakademi.com","actor_via_sso":false,"log_type":"token"}', '2025-08-21 12:00:53.425353+00', ''),
	('00000000-0000-0000-0000-000000000000', '7f3d7599-8cd8-450e-8cb2-a1978ce5ca0f', '{"action":"token_revoked","actor_id":"60bc8ec8-a502-4c69-bc14-052b33b52d85","actor_username":"admin@ihracatakademi.com","actor_via_sso":false,"log_type":"token"}', '2025-08-21 12:00:53.426038+00', ''),
	('00000000-0000-0000-0000-000000000000', 'a0c96e4b-9ecf-408b-83c3-3afbaa3c5be0', '{"action":"token_refreshed","actor_id":"60bc8ec8-a502-4c69-bc14-052b33b52d85","actor_username":"admin@ihracatakademi.com","actor_via_sso":false,"log_type":"token"}', '2025-08-21 12:01:02.366405+00', ''),
	('00000000-0000-0000-0000-000000000000', 'a7e2b9b3-b1da-4486-b029-7385125efe7e', '{"action":"token_revoked","actor_id":"60bc8ec8-a502-4c69-bc14-052b33b52d85","actor_username":"admin@ihracatakademi.com","actor_via_sso":false,"log_type":"token"}', '2025-08-21 12:01:02.367266+00', ''),
	('00000000-0000-0000-0000-000000000000', '61aa313d-4672-474f-8d36-f037e48b5a1a', '{"action":"login","actor_id":"60bc8ec8-a502-4c69-bc14-052b33b52d85","actor_username":"admin@ihracatakademi.com","actor_via_sso":false,"log_type":"account","traits":{"provider":"email"}}', '2025-08-21 12:03:29.930715+00', ''),
	('00000000-0000-0000-0000-000000000000', '6e3b5d9c-6407-4ba3-8f3f-7cfd13948381', '{"action":"user_signedup","actor_id":"00000000-0000-0000-0000-000000000000","actor_username":"service_role","actor_via_sso":false,"log_type":"team","traits":{"provider":"email","user_email":"1@omer.com","user_id":"34b2fc93-50e9-4776-90a9-fe0eb1e7472b","user_phone":""}}', '2025-08-21 12:03:56.676157+00', ''),
	('00000000-0000-0000-0000-000000000000', '254eb8d2-d1cb-42b9-b646-23641c5be862', '{"action":"token_refreshed","actor_id":"60bc8ec8-a502-4c69-bc14-052b33b52d85","actor_username":"admin@ihracatakademi.com","actor_via_sso":false,"log_type":"token"}', '2025-08-21 12:08:55.851518+00', ''),
	('00000000-0000-0000-0000-000000000000', 'db918eff-48c1-497a-a155-8d83984bc8d7', '{"action":"token_revoked","actor_id":"60bc8ec8-a502-4c69-bc14-052b33b52d85","actor_username":"admin@ihracatakademi.com","actor_via_sso":false,"log_type":"token"}', '2025-08-21 12:08:55.85293+00', ''),
	('00000000-0000-0000-0000-000000000000', '7837829e-479f-42b2-ad27-93ef290cc5de', '{"action":"token_refreshed","actor_id":"60bc8ec8-a502-4c69-bc14-052b33b52d85","actor_username":"admin@ihracatakademi.com","actor_via_sso":false,"log_type":"token"}', '2025-08-21 12:11:34.850561+00', ''),
	('00000000-0000-0000-0000-000000000000', '7c59dc92-0c29-48fc-b6a4-3f373f65a719', '{"action":"token_revoked","actor_id":"60bc8ec8-a502-4c69-bc14-052b33b52d85","actor_username":"admin@ihracatakademi.com","actor_via_sso":false,"log_type":"token"}', '2025-08-21 12:11:34.852153+00', ''),
	('00000000-0000-0000-0000-000000000000', 'f8bcc603-4d99-40b9-addf-526d6f5d8813', '{"action":"token_refreshed","actor_id":"60bc8ec8-a502-4c69-bc14-052b33b52d85","actor_username":"admin@ihracatakademi.com","actor_via_sso":false,"log_type":"token"}', '2025-08-21 12:14:30.279198+00', ''),
	('00000000-0000-0000-0000-000000000000', '60ffae17-1fe0-47d5-82f6-432fd92a6a1d', '{"action":"token_revoked","actor_id":"60bc8ec8-a502-4c69-bc14-052b33b52d85","actor_username":"admin@ihracatakademi.com","actor_via_sso":false,"log_type":"token"}', '2025-08-21 12:14:30.28277+00', ''),
	('00000000-0000-0000-0000-000000000000', 'ba8cc87d-46e6-424d-a375-006df598ec3a', '{"action":"login","actor_id":"60bc8ec8-a502-4c69-bc14-052b33b52d85","actor_username":"admin@ihracatakademi.com","actor_via_sso":false,"log_type":"account","traits":{"provider":"email"}}', '2025-08-21 12:19:30.967499+00', ''),
	('00000000-0000-0000-0000-000000000000', '5acb8938-1497-4d94-bc64-b5436e8536c8', '{"action":"token_refreshed","actor_id":"60bc8ec8-a502-4c69-bc14-052b33b52d85","actor_username":"admin@ihracatakademi.com","actor_via_sso":false,"log_type":"token"}', '2025-08-21 12:23:35.496384+00', ''),
	('00000000-0000-0000-0000-000000000000', '8f49dffb-340a-46b3-9c65-b8807ab5d11a', '{"action":"token_revoked","actor_id":"60bc8ec8-a502-4c69-bc14-052b33b52d85","actor_username":"admin@ihracatakademi.com","actor_via_sso":false,"log_type":"token"}', '2025-08-21 12:23:35.501569+00', ''),
	('00000000-0000-0000-0000-000000000000', 'fc7b744f-8ce0-4986-bf2b-d10ca1565129', '{"action":"login","actor_id":"60bc8ec8-a502-4c69-bc14-052b33b52d85","actor_username":"admin@ihracatakademi.com","actor_via_sso":false,"log_type":"account","traits":{"provider":"email"}}', '2025-08-21 12:27:40.388159+00', ''),
	('00000000-0000-0000-0000-000000000000', '40f32bca-d082-4338-8a03-32242688166b', '{"action":"token_refreshed","actor_id":"60bc8ec8-a502-4c69-bc14-052b33b52d85","actor_username":"admin@ihracatakademi.com","actor_via_sso":false,"log_type":"token"}', '2025-08-21 12:28:51.425572+00', ''),
	('00000000-0000-0000-0000-000000000000', 'bc2121cf-713a-44d7-8ead-3bdf280f061d', '{"action":"token_revoked","actor_id":"60bc8ec8-a502-4c69-bc14-052b33b52d85","actor_username":"admin@ihracatakademi.com","actor_via_sso":false,"log_type":"token"}', '2025-08-21 12:28:51.427498+00', ''),
	('00000000-0000-0000-0000-000000000000', '09531e51-b4fe-4000-a136-852909ba2b77', '{"action":"token_refreshed","actor_id":"60bc8ec8-a502-4c69-bc14-052b33b52d85","actor_username":"admin@ihracatakademi.com","actor_via_sso":false,"log_type":"token"}', '2025-08-21 12:29:06.966795+00', ''),
	('00000000-0000-0000-0000-000000000000', '2b8e0e6d-bca2-4316-8c0a-0a448acd2576', '{"action":"token_revoked","actor_id":"60bc8ec8-a502-4c69-bc14-052b33b52d85","actor_username":"admin@ihracatakademi.com","actor_via_sso":false,"log_type":"token"}', '2025-08-21 12:29:06.967952+00', ''),
	('00000000-0000-0000-0000-000000000000', 'af3ac891-327f-4196-b04a-71333e424005', '{"action":"token_refreshed","actor_id":"60bc8ec8-a502-4c69-bc14-052b33b52d85","actor_username":"admin@ihracatakademi.com","actor_via_sso":false,"log_type":"token"}', '2025-08-21 12:29:18.341755+00', ''),
	('00000000-0000-0000-0000-000000000000', '474f9004-449f-444e-ab50-fd081ccba834', '{"action":"token_revoked","actor_id":"60bc8ec8-a502-4c69-bc14-052b33b52d85","actor_username":"admin@ihracatakademi.com","actor_via_sso":false,"log_type":"token"}', '2025-08-21 12:29:18.343616+00', ''),
	('00000000-0000-0000-0000-000000000000', 'dc05f5f1-0fe1-4a18-92e8-90f06fc0b6bf', '{"action":"token_refreshed","actor_id":"60bc8ec8-a502-4c69-bc14-052b33b52d85","actor_username":"admin@ihracatakademi.com","actor_via_sso":false,"log_type":"token"}', '2025-08-21 12:29:54.430009+00', ''),
	('00000000-0000-0000-0000-000000000000', '469a8e7a-bec2-4d36-be22-56480b14d9c9', '{"action":"token_revoked","actor_id":"60bc8ec8-a502-4c69-bc14-052b33b52d85","actor_username":"admin@ihracatakademi.com","actor_via_sso":false,"log_type":"token"}', '2025-08-21 12:29:54.431839+00', ''),
	('00000000-0000-0000-0000-000000000000', 'cb59d3b1-8123-4e6c-b92f-846bc802b0f7', '{"action":"token_refreshed","actor_id":"60bc8ec8-a502-4c69-bc14-052b33b52d85","actor_username":"admin@ihracatakademi.com","actor_via_sso":false,"log_type":"token"}', '2025-08-21 12:30:23.591491+00', ''),
	('00000000-0000-0000-0000-000000000000', 'f71ec71c-f8c0-4634-9aa1-2157d855ab0b', '{"action":"token_revoked","actor_id":"60bc8ec8-a502-4c69-bc14-052b33b52d85","actor_username":"admin@ihracatakademi.com","actor_via_sso":false,"log_type":"token"}', '2025-08-21 12:30:23.592603+00', ''),
	('00000000-0000-0000-0000-000000000000', 'c007788a-a636-49aa-8de1-0049d91454a2', '{"action":"login","actor_id":"60bc8ec8-a502-4c69-bc14-052b33b52d85","actor_username":"admin@ihracatakademi.com","actor_via_sso":false,"log_type":"account","traits":{"provider":"email"}}', '2025-08-21 12:30:33.850275+00', ''),
	('00000000-0000-0000-0000-000000000000', '68a78458-b27e-4d45-9a9c-58e8db9cebe5', '{"action":"token_refreshed","actor_id":"60bc8ec8-a502-4c69-bc14-052b33b52d85","actor_username":"admin@ihracatakademi.com","actor_via_sso":false,"log_type":"token"}', '2025-08-21 12:32:46.22361+00', ''),
	('00000000-0000-0000-0000-000000000000', '36521640-9be1-461e-bbf1-a3073ecf1e0f', '{"action":"token_revoked","actor_id":"60bc8ec8-a502-4c69-bc14-052b33b52d85","actor_username":"admin@ihracatakademi.com","actor_via_sso":false,"log_type":"token"}', '2025-08-21 12:32:46.224902+00', ''),
	('00000000-0000-0000-0000-000000000000', '247eb87d-3bb5-43b8-8c73-274dbe03bb11', '{"action":"login","actor_id":"60bc8ec8-a502-4c69-bc14-052b33b52d85","actor_username":"admin@ihracatakademi.com","actor_via_sso":false,"log_type":"account","traits":{"provider":"email"}}', '2025-08-21 12:33:17.474648+00', ''),
	('00000000-0000-0000-0000-000000000000', '4e0b335a-2cda-4768-acac-cc167c28ff8d', '{"action":"token_refreshed","actor_id":"60bc8ec8-a502-4c69-bc14-052b33b52d85","actor_username":"admin@ihracatakademi.com","actor_via_sso":false,"log_type":"token"}', '2025-08-21 12:34:58.874783+00', ''),
	('00000000-0000-0000-0000-000000000000', '4810e44d-a4cd-43cc-a67e-f5318984d122', '{"action":"token_revoked","actor_id":"60bc8ec8-a502-4c69-bc14-052b33b52d85","actor_username":"admin@ihracatakademi.com","actor_via_sso":false,"log_type":"token"}', '2025-08-21 12:34:58.879792+00', ''),
	('00000000-0000-0000-0000-000000000000', 'b2acfa86-4503-419d-a8b9-f10d5b75886f', '{"action":"login","actor_id":"60bc8ec8-a502-4c69-bc14-052b33b52d85","actor_username":"admin@ihracatakademi.com","actor_via_sso":false,"log_type":"account","traits":{"provider":"email"}}', '2025-08-21 12:37:30.360944+00', ''),
	('00000000-0000-0000-0000-000000000000', '94026086-26c4-415c-aca8-455cb160f3e1', '{"action":"token_refreshed","actor_id":"60bc8ec8-a502-4c69-bc14-052b33b52d85","actor_username":"admin@ihracatakademi.com","actor_via_sso":false,"log_type":"token"}', '2025-08-21 12:38:37.066463+00', ''),
	('00000000-0000-0000-0000-000000000000', '54858131-73eb-4a08-82f2-8d4214eaa98c', '{"action":"token_revoked","actor_id":"60bc8ec8-a502-4c69-bc14-052b33b52d85","actor_username":"admin@ihracatakademi.com","actor_via_sso":false,"log_type":"token"}', '2025-08-21 12:38:37.070032+00', ''),
	('00000000-0000-0000-0000-000000000000', '0b995a19-35c2-4659-97fa-d58337491cf2', '{"action":"token_refreshed","actor_id":"60bc8ec8-a502-4c69-bc14-052b33b52d85","actor_username":"admin@ihracatakademi.com","actor_via_sso":false,"log_type":"token"}', '2025-08-21 12:40:09.808621+00', ''),
	('00000000-0000-0000-0000-000000000000', '911dde6d-092e-4c0e-9590-eccd095aca14', '{"action":"token_revoked","actor_id":"60bc8ec8-a502-4c69-bc14-052b33b52d85","actor_username":"admin@ihracatakademi.com","actor_via_sso":false,"log_type":"token"}', '2025-08-21 12:40:09.810388+00', ''),
	('00000000-0000-0000-0000-000000000000', 'f9d39998-c1c5-4cb3-864e-35096ebf8240', '{"action":"token_refreshed","actor_id":"60bc8ec8-a502-4c69-bc14-052b33b52d85","actor_username":"admin@ihracatakademi.com","actor_via_sso":false,"log_type":"token"}', '2025-08-21 12:41:04.695493+00', ''),
	('00000000-0000-0000-0000-000000000000', '81cb92c1-4134-432e-8da3-e07efd0d204c', '{"action":"token_revoked","actor_id":"60bc8ec8-a502-4c69-bc14-052b33b52d85","actor_username":"admin@ihracatakademi.com","actor_via_sso":false,"log_type":"token"}', '2025-08-21 12:41:04.6966+00', ''),
	('00000000-0000-0000-0000-000000000000', 'c3d1aadc-1507-4b0a-bfee-3894f07aae1b', '{"action":"token_refreshed","actor_id":"60bc8ec8-a502-4c69-bc14-052b33b52d85","actor_username":"admin@ihracatakademi.com","actor_via_sso":false,"log_type":"token"}', '2025-08-21 12:41:08.095185+00', ''),
	('00000000-0000-0000-0000-000000000000', '27b026f4-4541-4e73-a395-2e8ff8e5faf4', '{"action":"token_revoked","actor_id":"60bc8ec8-a502-4c69-bc14-052b33b52d85","actor_username":"admin@ihracatakademi.com","actor_via_sso":false,"log_type":"token"}', '2025-08-21 12:41:08.096332+00', ''),
	('00000000-0000-0000-0000-000000000000', '1b860943-8803-40b6-a1e5-26608044427f', '{"action":"token_refreshed","actor_id":"60bc8ec8-a502-4c69-bc14-052b33b52d85","actor_username":"admin@ihracatakademi.com","actor_via_sso":false,"log_type":"token"}', '2025-08-21 12:41:47.17898+00', ''),
	('00000000-0000-0000-0000-000000000000', '2195693f-757e-4719-8c0b-5012d434cb17', '{"action":"token_revoked","actor_id":"60bc8ec8-a502-4c69-bc14-052b33b52d85","actor_username":"admin@ihracatakademi.com","actor_via_sso":false,"log_type":"token"}', '2025-08-21 12:41:47.179659+00', ''),
	('00000000-0000-0000-0000-000000000000', 'cfdd0b0d-4cca-4db0-9b5c-794187685fb5', '{"action":"login","actor_id":"60bc8ec8-a502-4c69-bc14-052b33b52d85","actor_username":"admin@ihracatakademi.com","actor_via_sso":false,"log_type":"account","traits":{"provider":"email"}}', '2025-08-21 12:42:03.065341+00', ''),
	('00000000-0000-0000-0000-000000000000', 'ff2f2fb5-1d8a-49f9-b442-2cdaffb8e1ab', '{"action":"login","actor_id":"60bc8ec8-a502-4c69-bc14-052b33b52d85","actor_username":"admin@ihracatakademi.com","actor_via_sso":false,"log_type":"account","traits":{"provider":"email"}}', '2025-08-21 12:42:27.470391+00', ''),
	('00000000-0000-0000-0000-000000000000', '7e493be6-e75b-488c-975d-6101723562bf', '{"action":"token_refreshed","actor_id":"60bc8ec8-a502-4c69-bc14-052b33b52d85","actor_username":"admin@ihracatakademi.com","actor_via_sso":false,"log_type":"token"}', '2025-08-21 12:43:32.964022+00', ''),
	('00000000-0000-0000-0000-000000000000', '8cf67271-83a6-4d60-b5fb-cf231401ef60', '{"action":"token_revoked","actor_id":"60bc8ec8-a502-4c69-bc14-052b33b52d85","actor_username":"admin@ihracatakademi.com","actor_via_sso":false,"log_type":"token"}', '2025-08-21 12:43:32.966558+00', ''),
	('00000000-0000-0000-0000-000000000000', '2bc38931-11c6-4edc-a524-208b2e1cc949', '{"action":"token_refreshed","actor_id":"60bc8ec8-a502-4c69-bc14-052b33b52d85","actor_username":"admin@ihracatakademi.com","actor_via_sso":false,"log_type":"token"}', '2025-08-21 12:43:45.059383+00', ''),
	('00000000-0000-0000-0000-000000000000', 'a85beff7-3714-40a6-9f0a-9f79835aa68b', '{"action":"token_revoked","actor_id":"60bc8ec8-a502-4c69-bc14-052b33b52d85","actor_username":"admin@ihracatakademi.com","actor_via_sso":false,"log_type":"token"}', '2025-08-21 12:43:45.060386+00', ''),
	('00000000-0000-0000-0000-000000000000', 'fc113121-e78e-46a4-bc91-a3200c29c3a1', '{"action":"token_refreshed","actor_id":"60bc8ec8-a502-4c69-bc14-052b33b52d85","actor_username":"admin@ihracatakademi.com","actor_via_sso":false,"log_type":"token"}', '2025-08-21 12:45:52.437255+00', ''),
	('00000000-0000-0000-0000-000000000000', 'f65dc302-3555-4e83-9286-46d6a605aa98', '{"action":"token_revoked","actor_id":"60bc8ec8-a502-4c69-bc14-052b33b52d85","actor_username":"admin@ihracatakademi.com","actor_via_sso":false,"log_type":"token"}', '2025-08-21 12:45:52.439375+00', ''),
	('00000000-0000-0000-0000-000000000000', 'bedfa242-da01-4963-85c5-2dfc3973ba5d', '{"action":"token_refreshed","actor_id":"60bc8ec8-a502-4c69-bc14-052b33b52d85","actor_username":"admin@ihracatakademi.com","actor_via_sso":false,"log_type":"token"}', '2025-08-21 12:46:05.441709+00', ''),
	('00000000-0000-0000-0000-000000000000', '7c872cbe-b51e-4773-9b20-816d307eb741', '{"action":"token_revoked","actor_id":"60bc8ec8-a502-4c69-bc14-052b33b52d85","actor_username":"admin@ihracatakademi.com","actor_via_sso":false,"log_type":"token"}', '2025-08-21 12:46:05.44318+00', ''),
	('00000000-0000-0000-0000-000000000000', '1dceefb1-f5e2-4265-a061-ba7a480a9638', '{"action":"token_refreshed","actor_id":"60bc8ec8-a502-4c69-bc14-052b33b52d85","actor_username":"admin@ihracatakademi.com","actor_via_sso":false,"log_type":"token"}', '2025-08-21 12:46:13.03355+00', ''),
	('00000000-0000-0000-0000-000000000000', '7a213888-3d92-4189-a88c-4f29e162a38b', '{"action":"token_revoked","actor_id":"60bc8ec8-a502-4c69-bc14-052b33b52d85","actor_username":"admin@ihracatakademi.com","actor_via_sso":false,"log_type":"token"}', '2025-08-21 12:46:13.034927+00', ''),
	('00000000-0000-0000-0000-000000000000', '42945f01-8f73-41c6-ab93-05470b6ec8ba', '{"action":"token_refreshed","actor_id":"60bc8ec8-a502-4c69-bc14-052b33b52d85","actor_username":"admin@ihracatakademi.com","actor_via_sso":false,"log_type":"token"}', '2025-08-21 12:47:00.583665+00', ''),
	('00000000-0000-0000-0000-000000000000', '64c3cc1e-6cfc-46d8-bb06-a3788ec399dd', '{"action":"token_revoked","actor_id":"60bc8ec8-a502-4c69-bc14-052b33b52d85","actor_username":"admin@ihracatakademi.com","actor_via_sso":false,"log_type":"token"}', '2025-08-21 12:47:00.584476+00', ''),
	('00000000-0000-0000-0000-000000000000', 'd4e14c5f-ee25-469c-98d3-431da1c1ca15', '{"action":"login","actor_id":"60bc8ec8-a502-4c69-bc14-052b33b52d85","actor_username":"admin@ihracatakademi.com","actor_via_sso":false,"log_type":"account","traits":{"provider":"email"}}', '2025-08-21 12:47:09.675898+00', ''),
	('00000000-0000-0000-0000-000000000000', 'ef5c557e-9e69-4093-8667-70ecdbb02379', '{"action":"token_refreshed","actor_id":"60bc8ec8-a502-4c69-bc14-052b33b52d85","actor_username":"admin@ihracatakademi.com","actor_via_sso":false,"log_type":"token"}', '2025-08-21 12:48:38.396534+00', ''),
	('00000000-0000-0000-0000-000000000000', 'be8a164b-1a7f-46ef-ab6a-bad3a92ed9ac', '{"action":"token_revoked","actor_id":"60bc8ec8-a502-4c69-bc14-052b33b52d85","actor_username":"admin@ihracatakademi.com","actor_via_sso":false,"log_type":"token"}', '2025-08-21 12:48:38.397826+00', ''),
	('00000000-0000-0000-0000-000000000000', '5ea3648a-a658-46c1-914c-30329f683a1d', '{"action":"token_refreshed","actor_id":"60bc8ec8-a502-4c69-bc14-052b33b52d85","actor_username":"admin@ihracatakademi.com","actor_via_sso":false,"log_type":"token"}', '2025-08-21 12:49:01.141504+00', ''),
	('00000000-0000-0000-0000-000000000000', 'cfecf04b-e19a-4628-81d6-ec8ed8f4c9d4', '{"action":"token_revoked","actor_id":"60bc8ec8-a502-4c69-bc14-052b33b52d85","actor_username":"admin@ihracatakademi.com","actor_via_sso":false,"log_type":"token"}', '2025-08-21 12:49:01.142596+00', ''),
	('00000000-0000-0000-0000-000000000000', 'e573bc9e-90a9-45be-9339-31b13d7267f0', '{"action":"token_refreshed","actor_id":"60bc8ec8-a502-4c69-bc14-052b33b52d85","actor_username":"admin@ihracatakademi.com","actor_via_sso":false,"log_type":"token"}', '2025-08-21 12:49:15.552753+00', ''),
	('00000000-0000-0000-0000-000000000000', '6dfa5781-bca2-469e-a78b-44f4a20a3314', '{"action":"token_revoked","actor_id":"60bc8ec8-a502-4c69-bc14-052b33b52d85","actor_username":"admin@ihracatakademi.com","actor_via_sso":false,"log_type":"token"}', '2025-08-21 12:49:15.553723+00', ''),
	('00000000-0000-0000-0000-000000000000', 'c2142760-cc84-415f-bf09-2454033d2632', '{"action":"token_refreshed","actor_id":"60bc8ec8-a502-4c69-bc14-052b33b52d85","actor_username":"admin@ihracatakademi.com","actor_via_sso":false,"log_type":"token"}', '2025-08-21 12:50:44.840224+00', ''),
	('00000000-0000-0000-0000-000000000000', '39c962d0-a3bd-479d-8530-a0027ba65398', '{"action":"token_revoked","actor_id":"60bc8ec8-a502-4c69-bc14-052b33b52d85","actor_username":"admin@ihracatakademi.com","actor_via_sso":false,"log_type":"token"}', '2025-08-21 12:50:44.84318+00', ''),
	('00000000-0000-0000-0000-000000000000', 'ba5726c8-cd7c-46de-871c-3215dfebb202', '{"action":"token_refreshed","actor_id":"60bc8ec8-a502-4c69-bc14-052b33b52d85","actor_username":"admin@ihracatakademi.com","actor_via_sso":false,"log_type":"token"}', '2025-08-21 12:50:48.877421+00', ''),
	('00000000-0000-0000-0000-000000000000', 'b863a577-0170-432e-8eae-00836d1af078', '{"action":"token_revoked","actor_id":"60bc8ec8-a502-4c69-bc14-052b33b52d85","actor_username":"admin@ihracatakademi.com","actor_via_sso":false,"log_type":"token"}', '2025-08-21 12:50:48.879998+00', ''),
	('00000000-0000-0000-0000-000000000000', 'abeda42f-e1fb-48a9-8ece-cbaa4c73bb6f', '{"action":"token_refreshed","actor_id":"60bc8ec8-a502-4c69-bc14-052b33b52d85","actor_username":"admin@ihracatakademi.com","actor_via_sso":false,"log_type":"token"}', '2025-08-21 12:50:56.072243+00', ''),
	('00000000-0000-0000-0000-000000000000', 'e06a9b3b-119a-44f1-abcf-258619741f74', '{"action":"token_revoked","actor_id":"60bc8ec8-a502-4c69-bc14-052b33b52d85","actor_username":"admin@ihracatakademi.com","actor_via_sso":false,"log_type":"token"}', '2025-08-21 12:50:56.072914+00', ''),
	('00000000-0000-0000-0000-000000000000', 'd6a6698f-86a5-454b-b9a9-cb1076cf8832', '{"action":"token_refreshed","actor_id":"60bc8ec8-a502-4c69-bc14-052b33b52d85","actor_username":"admin@ihracatakademi.com","actor_via_sso":false,"log_type":"token"}', '2025-08-21 12:50:58.466275+00', ''),
	('00000000-0000-0000-0000-000000000000', 'c826bc4f-ee57-4199-b67a-e99f432bc44b', '{"action":"token_revoked","actor_id":"60bc8ec8-a502-4c69-bc14-052b33b52d85","actor_username":"admin@ihracatakademi.com","actor_via_sso":false,"log_type":"token"}', '2025-08-21 12:50:58.466977+00', ''),
	('00000000-0000-0000-0000-000000000000', 'e39cd6db-49ed-4322-91a3-912d03babe86', '{"action":"token_refreshed","actor_id":"60bc8ec8-a502-4c69-bc14-052b33b52d85","actor_username":"admin@ihracatakademi.com","actor_via_sso":false,"log_type":"token"}', '2025-08-21 12:51:38.188191+00', ''),
	('00000000-0000-0000-0000-000000000000', '2572e88f-d692-4379-8094-ca8bd6dc84b7', '{"action":"token_revoked","actor_id":"60bc8ec8-a502-4c69-bc14-052b33b52d85","actor_username":"admin@ihracatakademi.com","actor_via_sso":false,"log_type":"token"}', '2025-08-21 12:51:38.190031+00', ''),
	('00000000-0000-0000-0000-000000000000', 'f3409291-e3a3-4f1f-a282-cb971c684157', '{"action":"token_refreshed","actor_id":"60bc8ec8-a502-4c69-bc14-052b33b52d85","actor_username":"admin@ihracatakademi.com","actor_via_sso":false,"log_type":"token"}', '2025-08-21 12:51:45.558263+00', ''),
	('00000000-0000-0000-0000-000000000000', '553e808b-72c5-4993-8029-b5cda45c12a9', '{"action":"token_revoked","actor_id":"60bc8ec8-a502-4c69-bc14-052b33b52d85","actor_username":"admin@ihracatakademi.com","actor_via_sso":false,"log_type":"token"}', '2025-08-21 12:51:45.55931+00', ''),
	('00000000-0000-0000-0000-000000000000', '96831782-f659-47ba-b180-2763ff35330c', '{"action":"token_refreshed","actor_id":"60bc8ec8-a502-4c69-bc14-052b33b52d85","actor_username":"admin@ihracatakademi.com","actor_via_sso":false,"log_type":"token"}', '2025-08-21 12:52:16.239401+00', ''),
	('00000000-0000-0000-0000-000000000000', 'b2d5bc94-c711-4a3d-94d0-0ccd327495fa', '{"action":"token_revoked","actor_id":"60bc8ec8-a502-4c69-bc14-052b33b52d85","actor_username":"admin@ihracatakademi.com","actor_via_sso":false,"log_type":"token"}', '2025-08-21 12:52:16.240388+00', ''),
	('00000000-0000-0000-0000-000000000000', '27ea23a1-d073-4949-a606-26c276317572', '{"action":"token_refreshed","actor_id":"60bc8ec8-a502-4c69-bc14-052b33b52d85","actor_username":"admin@ihracatakademi.com","actor_via_sso":false,"log_type":"token"}', '2025-08-21 12:52:45.152087+00', ''),
	('00000000-0000-0000-0000-000000000000', 'd8d56309-b19c-482a-b5a4-929689c1f169', '{"action":"token_revoked","actor_id":"60bc8ec8-a502-4c69-bc14-052b33b52d85","actor_username":"admin@ihracatakademi.com","actor_via_sso":false,"log_type":"token"}', '2025-08-21 12:52:45.163223+00', ''),
	('00000000-0000-0000-0000-000000000000', 'd58aebbc-23f1-4ed8-a8a8-f977d49783fe', '{"action":"token_refreshed","actor_id":"60bc8ec8-a502-4c69-bc14-052b33b52d85","actor_username":"admin@ihracatakademi.com","actor_via_sso":false,"log_type":"token"}', '2025-08-21 12:53:28.907137+00', ''),
	('00000000-0000-0000-0000-000000000000', '536dfff7-4e36-4a04-80ab-7d4a72b3bfb4', '{"action":"token_revoked","actor_id":"60bc8ec8-a502-4c69-bc14-052b33b52d85","actor_username":"admin@ihracatakademi.com","actor_via_sso":false,"log_type":"token"}', '2025-08-21 12:53:28.90862+00', ''),
	('00000000-0000-0000-0000-000000000000', 'f17c2643-6f7e-44d6-9f1e-7f92e8665c53', '{"action":"token_refreshed","actor_id":"60bc8ec8-a502-4c69-bc14-052b33b52d85","actor_username":"admin@ihracatakademi.com","actor_via_sso":false,"log_type":"token"}', '2025-08-21 12:53:41.854236+00', ''),
	('00000000-0000-0000-0000-000000000000', 'd8199cd5-4c1a-4274-b9b5-12d2ba78bf68', '{"action":"token_revoked","actor_id":"60bc8ec8-a502-4c69-bc14-052b33b52d85","actor_username":"admin@ihracatakademi.com","actor_via_sso":false,"log_type":"token"}', '2025-08-21 12:53:41.855047+00', ''),
	('00000000-0000-0000-0000-000000000000', 'ef2aed10-50e7-4e8e-8006-959de5e52ac5', '{"action":"token_refreshed","actor_id":"60bc8ec8-a502-4c69-bc14-052b33b52d85","actor_username":"admin@ihracatakademi.com","actor_via_sso":false,"log_type":"token"}', '2025-08-21 12:54:00.296746+00', ''),
	('00000000-0000-0000-0000-000000000000', '6b9c0b71-0696-4362-b097-cb73b0429b83', '{"action":"token_revoked","actor_id":"60bc8ec8-a502-4c69-bc14-052b33b52d85","actor_username":"admin@ihracatakademi.com","actor_via_sso":false,"log_type":"token"}', '2025-08-21 12:54:00.297858+00', ''),
	('00000000-0000-0000-0000-000000000000', 'ae9d30b3-7200-4f45-b621-9efd56a973f0', '{"action":"token_refreshed","actor_id":"60bc8ec8-a502-4c69-bc14-052b33b52d85","actor_username":"admin@ihracatakademi.com","actor_via_sso":false,"log_type":"token"}', '2025-08-21 12:54:26.036231+00', ''),
	('00000000-0000-0000-0000-000000000000', 'ad857a6c-adea-440b-ba3c-6771a009e543', '{"action":"token_revoked","actor_id":"60bc8ec8-a502-4c69-bc14-052b33b52d85","actor_username":"admin@ihracatakademi.com","actor_via_sso":false,"log_type":"token"}', '2025-08-21 12:54:26.039055+00', ''),
	('00000000-0000-0000-0000-000000000000', '4aa4bcc8-1b84-4548-9433-bc9d6a496674', '{"action":"token_refreshed","actor_id":"60bc8ec8-a502-4c69-bc14-052b33b52d85","actor_username":"admin@ihracatakademi.com","actor_via_sso":false,"log_type":"token"}', '2025-08-21 12:54:31.443333+00', ''),
	('00000000-0000-0000-0000-000000000000', 'abe4e6c6-5e2a-4fc7-98bc-3d3f07251359', '{"action":"token_revoked","actor_id":"60bc8ec8-a502-4c69-bc14-052b33b52d85","actor_username":"admin@ihracatakademi.com","actor_via_sso":false,"log_type":"token"}', '2025-08-21 12:54:31.445559+00', ''),
	('00000000-0000-0000-0000-000000000000', 'e342b911-b3a5-49cf-91a8-c55f30e48f83', '{"action":"token_refreshed","actor_id":"60bc8ec8-a502-4c69-bc14-052b33b52d85","actor_username":"admin@ihracatakademi.com","actor_via_sso":false,"log_type":"token"}', '2025-08-21 12:55:26.089023+00', ''),
	('00000000-0000-0000-0000-000000000000', 'e0088d2d-4da8-4d64-8ae1-e8680883c9b7', '{"action":"token_revoked","actor_id":"60bc8ec8-a502-4c69-bc14-052b33b52d85","actor_username":"admin@ihracatakademi.com","actor_via_sso":false,"log_type":"token"}', '2025-08-21 12:55:26.089934+00', ''),
	('00000000-0000-0000-0000-000000000000', 'fbdc99a5-e276-4384-94e3-490a91810bb5', '{"action":"token_refreshed","actor_id":"60bc8ec8-a502-4c69-bc14-052b33b52d85","actor_username":"admin@ihracatakademi.com","actor_via_sso":false,"log_type":"token"}', '2025-08-21 12:56:44.159284+00', ''),
	('00000000-0000-0000-0000-000000000000', 'b1ef5fc6-9ac9-4a37-a5ce-029ac14769ca', '{"action":"token_revoked","actor_id":"60bc8ec8-a502-4c69-bc14-052b33b52d85","actor_username":"admin@ihracatakademi.com","actor_via_sso":false,"log_type":"token"}', '2025-08-21 12:56:44.163121+00', ''),
	('00000000-0000-0000-0000-000000000000', '7c7d00fa-eec9-4eb1-a6b7-ecc41b7523fa', '{"action":"token_refreshed","actor_id":"60bc8ec8-a502-4c69-bc14-052b33b52d85","actor_username":"admin@ihracatakademi.com","actor_via_sso":false,"log_type":"token"}', '2025-08-21 12:58:32.848127+00', ''),
	('00000000-0000-0000-0000-000000000000', '2d5ba7b8-31a5-4d24-9bb3-0080d22c3a9c', '{"action":"token_revoked","actor_id":"60bc8ec8-a502-4c69-bc14-052b33b52d85","actor_username":"admin@ihracatakademi.com","actor_via_sso":false,"log_type":"token"}', '2025-08-21 12:58:32.849124+00', ''),
	('00000000-0000-0000-0000-000000000000', 'd7dc5543-7046-437a-bb90-4205ad2f1b5c', '{"action":"token_refreshed","actor_id":"60bc8ec8-a502-4c69-bc14-052b33b52d85","actor_username":"admin@ihracatakademi.com","actor_via_sso":false,"log_type":"token"}', '2025-08-21 12:58:43.168774+00', ''),
	('00000000-0000-0000-0000-000000000000', '6739ca9d-3a92-4ed7-85af-8be0fc120d8d', '{"action":"token_revoked","actor_id":"60bc8ec8-a502-4c69-bc14-052b33b52d85","actor_username":"admin@ihracatakademi.com","actor_via_sso":false,"log_type":"token"}', '2025-08-21 12:58:43.169906+00', ''),
	('00000000-0000-0000-0000-000000000000', '10f2307c-bde1-4318-9242-58a8c8b42caf', '{"action":"token_refreshed","actor_id":"60bc8ec8-a502-4c69-bc14-052b33b52d85","actor_username":"admin@ihracatakademi.com","actor_via_sso":false,"log_type":"token"}', '2025-08-21 12:58:53.579251+00', ''),
	('00000000-0000-0000-0000-000000000000', '1cca30f4-6bf2-485b-b1a6-0f3673334eee', '{"action":"token_revoked","actor_id":"60bc8ec8-a502-4c69-bc14-052b33b52d85","actor_username":"admin@ihracatakademi.com","actor_via_sso":false,"log_type":"token"}', '2025-08-21 12:58:53.58049+00', ''),
	('00000000-0000-0000-0000-000000000000', '85e957d4-c758-4d4c-a8f5-c8d71308d148', '{"action":"token_refreshed","actor_id":"60bc8ec8-a502-4c69-bc14-052b33b52d85","actor_username":"admin@ihracatakademi.com","actor_via_sso":false,"log_type":"token"}', '2025-08-21 12:59:02.532659+00', ''),
	('00000000-0000-0000-0000-000000000000', '7f836b63-b906-4367-9515-756566ff335d', '{"action":"token_revoked","actor_id":"60bc8ec8-a502-4c69-bc14-052b33b52d85","actor_username":"admin@ihracatakademi.com","actor_via_sso":false,"log_type":"token"}', '2025-08-21 12:59:02.53389+00', ''),
	('00000000-0000-0000-0000-000000000000', '89ba60e3-a3cc-49c8-905e-89463995f99d', '{"action":"login","actor_id":"60bc8ec8-a502-4c69-bc14-052b33b52d85","actor_username":"admin@ihracatakademi.com","actor_via_sso":false,"log_type":"account","traits":{"provider":"email"}}', '2025-08-21 13:00:29.014508+00', ''),
	('00000000-0000-0000-0000-000000000000', 'c5f1ac61-6127-428f-be58-4b85e1f58faf', '{"action":"token_refreshed","actor_id":"60bc8ec8-a502-4c69-bc14-052b33b52d85","actor_username":"admin@ihracatakademi.com","actor_via_sso":false,"log_type":"token"}', '2025-08-21 13:01:30.187075+00', ''),
	('00000000-0000-0000-0000-000000000000', 'f66e2cca-6d98-4f2c-a612-51b503c626e7', '{"action":"token_revoked","actor_id":"60bc8ec8-a502-4c69-bc14-052b33b52d85","actor_username":"admin@ihracatakademi.com","actor_via_sso":false,"log_type":"token"}', '2025-08-21 13:01:30.193215+00', ''),
	('00000000-0000-0000-0000-000000000000', 'ae2d413e-137b-41b8-b6b9-b59ad9a6165e', '{"action":"login","actor_id":"60bc8ec8-a502-4c69-bc14-052b33b52d85","actor_username":"admin@ihracatakademi.com","actor_via_sso":false,"log_type":"account","traits":{"provider":"email"}}', '2025-08-21 13:03:44.882846+00', ''),
	('00000000-0000-0000-0000-000000000000', '9b553edb-1b4a-4a9d-ad53-53d8e9f2c08d', '{"action":"token_refreshed","actor_id":"60bc8ec8-a502-4c69-bc14-052b33b52d85","actor_username":"admin@ihracatakademi.com","actor_via_sso":false,"log_type":"token"}', '2025-08-21 13:06:56.202594+00', ''),
	('00000000-0000-0000-0000-000000000000', '4f557499-362b-4572-a0da-26fb25b8fb98', '{"action":"token_revoked","actor_id":"60bc8ec8-a502-4c69-bc14-052b33b52d85","actor_username":"admin@ihracatakademi.com","actor_via_sso":false,"log_type":"token"}', '2025-08-21 13:06:56.20428+00', ''),
	('00000000-0000-0000-0000-000000000000', 'e08b3f27-8bd7-4890-9cc3-2888f125ba7f', '{"action":"token_refreshed","actor_id":"60bc8ec8-a502-4c69-bc14-052b33b52d85","actor_username":"admin@ihracatakademi.com","actor_via_sso":false,"log_type":"token"}', '2025-08-21 13:09:35.557941+00', ''),
	('00000000-0000-0000-0000-000000000000', '04e5496a-05a1-4438-87a5-0e53835d4a0c', '{"action":"token_revoked","actor_id":"60bc8ec8-a502-4c69-bc14-052b33b52d85","actor_username":"admin@ihracatakademi.com","actor_via_sso":false,"log_type":"token"}', '2025-08-21 13:09:35.560635+00', ''),
	('00000000-0000-0000-0000-000000000000', 'a91e1291-22f4-404a-99b3-e50ed3b39c18', '{"action":"token_refreshed","actor_id":"60bc8ec8-a502-4c69-bc14-052b33b52d85","actor_username":"admin@ihracatakademi.com","actor_via_sso":false,"log_type":"token"}', '2025-08-21 13:12:30.529963+00', ''),
	('00000000-0000-0000-0000-000000000000', 'c6404a43-654c-4c0d-9127-f5180bf5f341', '{"action":"token_revoked","actor_id":"60bc8ec8-a502-4c69-bc14-052b33b52d85","actor_username":"admin@ihracatakademi.com","actor_via_sso":false,"log_type":"token"}', '2025-08-21 13:12:30.531317+00', ''),
	('00000000-0000-0000-0000-000000000000', 'edf81ed2-3222-432b-a9a4-5617674ce25e', '{"action":"token_refreshed","actor_id":"60bc8ec8-a502-4c69-bc14-052b33b52d85","actor_username":"admin@ihracatakademi.com","actor_via_sso":false,"log_type":"token"}', '2025-08-21 13:17:31.474753+00', ''),
	('00000000-0000-0000-0000-000000000000', 'eac97726-fa70-4273-9b37-0da5090e418d', '{"action":"token_revoked","actor_id":"60bc8ec8-a502-4c69-bc14-052b33b52d85","actor_username":"admin@ihracatakademi.com","actor_via_sso":false,"log_type":"token"}', '2025-08-21 13:17:31.477809+00', ''),
	('00000000-0000-0000-0000-000000000000', '4a2e585c-8f2f-4e77-91ce-91355172e7d1', '{"action":"token_refreshed","actor_id":"60bc8ec8-a502-4c69-bc14-052b33b52d85","actor_username":"admin@ihracatakademi.com","actor_via_sso":false,"log_type":"token"}', '2025-08-21 13:31:07.434714+00', ''),
	('00000000-0000-0000-0000-000000000000', 'd081e385-0ecd-4850-b1d7-423b48c9ec60', '{"action":"token_refreshed","actor_id":"60bc8ec8-a502-4c69-bc14-052b33b52d85","actor_username":"admin@ihracatakademi.com","actor_via_sso":false,"log_type":"token"}', '2025-08-21 13:31:07.436398+00', ''),
	('00000000-0000-0000-0000-000000000000', '3e0f33bb-2c0d-4637-89e0-9f6cd98ed73c', '{"action":"token_revoked","actor_id":"60bc8ec8-a502-4c69-bc14-052b33b52d85","actor_username":"admin@ihracatakademi.com","actor_via_sso":false,"log_type":"token"}', '2025-08-21 13:31:07.442926+00', ''),
	('00000000-0000-0000-0000-000000000000', '41ba2f42-cf90-4511-838e-618180931f02', '{"action":"token_revoked","actor_id":"60bc8ec8-a502-4c69-bc14-052b33b52d85","actor_username":"admin@ihracatakademi.com","actor_via_sso":false,"log_type":"token"}', '2025-08-21 13:31:07.444627+00', ''),
	('00000000-0000-0000-0000-000000000000', '78db2b07-169c-446d-b99a-94554dcf8d65', '{"action":"token_refreshed","actor_id":"60bc8ec8-a502-4c69-bc14-052b33b52d85","actor_username":"admin@ihracatakademi.com","actor_via_sso":false,"log_type":"token"}', '2025-08-21 13:31:07.45427+00', ''),
	('00000000-0000-0000-0000-000000000000', '8cfcca01-878b-4c01-9778-5a21b48d6b5c', '{"action":"token_revoked","actor_id":"60bc8ec8-a502-4c69-bc14-052b33b52d85","actor_username":"admin@ihracatakademi.com","actor_via_sso":false,"log_type":"token"}', '2025-08-21 13:31:07.472516+00', ''),
	('00000000-0000-0000-0000-000000000000', '570df4cc-3da5-43d2-92c9-0d3cda86d8b1', '{"action":"token_refreshed","actor_id":"60bc8ec8-a502-4c69-bc14-052b33b52d85","actor_username":"admin@ihracatakademi.com","actor_via_sso":false,"log_type":"token"}', '2025-08-21 13:31:07.483621+00', ''),
	('00000000-0000-0000-0000-000000000000', 'd4a6a131-01f9-46ff-ae44-75ddf6e15df6', '{"action":"token_refreshed","actor_id":"60bc8ec8-a502-4c69-bc14-052b33b52d85","actor_username":"admin@ihracatakademi.com","actor_via_sso":false,"log_type":"token"}', '2025-08-21 13:31:07.483729+00', ''),
	('00000000-0000-0000-0000-000000000000', '9b9b3a2b-10ac-416f-8bb1-ce2903a8368a', '{"action":"token_revoked","actor_id":"60bc8ec8-a502-4c69-bc14-052b33b52d85","actor_username":"admin@ihracatakademi.com","actor_via_sso":false,"log_type":"token"}', '2025-08-21 13:31:07.487536+00', ''),
	('00000000-0000-0000-0000-000000000000', '573cc5c8-a5fc-47ea-bdd4-b3e197b36ec1', '{"action":"token_revoked","actor_id":"60bc8ec8-a502-4c69-bc14-052b33b52d85","actor_username":"admin@ihracatakademi.com","actor_via_sso":false,"log_type":"token"}', '2025-08-21 13:31:07.487727+00', ''),
	('00000000-0000-0000-0000-000000000000', 'c36a39e5-79e7-47b9-87de-6acc55e1174b', '{"action":"token_refreshed","actor_id":"60bc8ec8-a502-4c69-bc14-052b33b52d85","actor_username":"admin@ihracatakademi.com","actor_via_sso":false,"log_type":"token"}', '2025-08-21 13:31:07.488506+00', ''),
	('00000000-0000-0000-0000-000000000000', '00fa14eb-e473-4b76-8416-40f870c5d594', '{"action":"token_revoked","actor_id":"60bc8ec8-a502-4c69-bc14-052b33b52d85","actor_username":"admin@ihracatakademi.com","actor_via_sso":false,"log_type":"token"}', '2025-08-21 13:31:07.494036+00', ''),
	('00000000-0000-0000-0000-000000000000', '50f829cf-59d5-4539-92ce-f29ff3a976a4', '{"action":"token_refreshed","actor_id":"60bc8ec8-a502-4c69-bc14-052b33b52d85","actor_username":"admin@ihracatakademi.com","actor_via_sso":false,"log_type":"token"}', '2025-08-21 13:31:07.510059+00', ''),
	('00000000-0000-0000-0000-000000000000', '11906009-927f-4a62-b2ed-a9d426351c2e', '{"action":"token_refreshed","actor_id":"60bc8ec8-a502-4c69-bc14-052b33b52d85","actor_username":"admin@ihracatakademi.com","actor_via_sso":false,"log_type":"token"}', '2025-08-21 13:31:07.512378+00', ''),
	('00000000-0000-0000-0000-000000000000', '3d6d35c5-87c2-4bf6-9d3d-0ab174fb897e', '{"action":"token_revoked","actor_id":"60bc8ec8-a502-4c69-bc14-052b33b52d85","actor_username":"admin@ihracatakademi.com","actor_via_sso":false,"log_type":"token"}', '2025-08-21 13:31:07.514206+00', ''),
	('00000000-0000-0000-0000-000000000000', '232f9070-c7b7-4ac2-9b3a-b81f5ec9a748', '{"action":"token_revoked","actor_id":"60bc8ec8-a502-4c69-bc14-052b33b52d85","actor_username":"admin@ihracatakademi.com","actor_via_sso":false,"log_type":"token"}', '2025-08-21 13:31:07.514792+00', ''),
	('00000000-0000-0000-0000-000000000000', '13881330-23c8-42e2-89c3-66f641fb8804', '{"action":"token_refreshed","actor_id":"60bc8ec8-a502-4c69-bc14-052b33b52d85","actor_username":"admin@ihracatakademi.com","actor_via_sso":false,"log_type":"token"}', '2025-08-21 13:31:07.517557+00', ''),
	('00000000-0000-0000-0000-000000000000', '9ae300bb-9649-4a7c-9e03-6588e7230f67', '{"action":"token_revoked","actor_id":"60bc8ec8-a502-4c69-bc14-052b33b52d85","actor_username":"admin@ihracatakademi.com","actor_via_sso":false,"log_type":"token"}', '2025-08-21 13:31:07.520968+00', ''),
	('00000000-0000-0000-0000-000000000000', '4390e80d-8e28-4138-9bc3-ff1a0534113a', '{"action":"token_refreshed","actor_id":"60bc8ec8-a502-4c69-bc14-052b33b52d85","actor_username":"admin@ihracatakademi.com","actor_via_sso":false,"log_type":"token"}', '2025-08-21 13:31:37.280892+00', ''),
	('00000000-0000-0000-0000-000000000000', 'b3f2db5f-23e4-4721-93bb-8e47f06c06ec', '{"action":"token_revoked","actor_id":"60bc8ec8-a502-4c69-bc14-052b33b52d85","actor_username":"admin@ihracatakademi.com","actor_via_sso":false,"log_type":"token"}', '2025-08-21 13:31:37.284648+00', ''),
	('00000000-0000-0000-0000-000000000000', '80a69059-c641-4867-a14d-6cfa69eaeba4', '{"action":"token_refreshed","actor_id":"60bc8ec8-a502-4c69-bc14-052b33b52d85","actor_username":"admin@ihracatakademi.com","actor_via_sso":false,"log_type":"token"}', '2025-08-21 13:43:38.592335+00', ''),
	('00000000-0000-0000-0000-000000000000', '805e9258-7436-48d7-b07a-ac961dffd672', '{"action":"token_refreshed","actor_id":"60bc8ec8-a502-4c69-bc14-052b33b52d85","actor_username":"admin@ihracatakademi.com","actor_via_sso":false,"log_type":"token"}', '2025-08-21 13:43:38.594007+00', ''),
	('00000000-0000-0000-0000-000000000000', '86b1f727-2065-44d1-930f-e8e67c48a79d', '{"action":"token_refreshed","actor_id":"60bc8ec8-a502-4c69-bc14-052b33b52d85","actor_username":"admin@ihracatakademi.com","actor_via_sso":false,"log_type":"token"}', '2025-08-21 13:43:38.587166+00', ''),
	('00000000-0000-0000-0000-000000000000', '0dda5a4a-feb2-4a47-a3a0-9355abd5296d', '{"action":"token_refreshed","actor_id":"60bc8ec8-a502-4c69-bc14-052b33b52d85","actor_username":"admin@ihracatakademi.com","actor_via_sso":false,"log_type":"token"}', '2025-08-21 13:43:38.590226+00', ''),
	('00000000-0000-0000-0000-000000000000', '05d7b211-a00d-4f48-abf8-1a8a95042606', '{"action":"token_refreshed","actor_id":"60bc8ec8-a502-4c69-bc14-052b33b52d85","actor_username":"admin@ihracatakademi.com","actor_via_sso":false,"log_type":"token"}', '2025-08-21 13:43:38.592828+00', ''),
	('00000000-0000-0000-0000-000000000000', 'c392ef90-48dd-4e6d-b0b2-ad3276aa92c0', '{"action":"token_refreshed","actor_id":"60bc8ec8-a502-4c69-bc14-052b33b52d85","actor_username":"admin@ihracatakademi.com","actor_via_sso":false,"log_type":"token"}', '2025-08-21 13:43:38.592727+00', ''),
	('00000000-0000-0000-0000-000000000000', '05c2a832-efa1-46cc-92ae-4aadbbc83857', '{"action":"token_refreshed","actor_id":"60bc8ec8-a502-4c69-bc14-052b33b52d85","actor_username":"admin@ihracatakademi.com","actor_via_sso":false,"log_type":"token"}', '2025-08-21 13:43:38.596036+00', ''),
	('00000000-0000-0000-0000-000000000000', 'fbc1d2ac-5206-4e8f-b255-6a35e7137b2a', '{"action":"token_refreshed","actor_id":"60bc8ec8-a502-4c69-bc14-052b33b52d85","actor_username":"admin@ihracatakademi.com","actor_via_sso":false,"log_type":"token"}', '2025-08-21 13:43:38.595821+00', ''),
	('00000000-0000-0000-0000-000000000000', 'a4f02718-37dd-4d1c-be08-a394748d954e', '{"action":"token_refreshed","actor_id":"60bc8ec8-a502-4c69-bc14-052b33b52d85","actor_username":"admin@ihracatakademi.com","actor_via_sso":false,"log_type":"token"}', '2025-08-21 13:43:38.595298+00', ''),
	('00000000-0000-0000-0000-000000000000', '195d0a22-719d-4d8c-b3eb-08335ccf36bc', '{"action":"token_revoked","actor_id":"60bc8ec8-a502-4c69-bc14-052b33b52d85","actor_username":"admin@ihracatakademi.com","actor_via_sso":false,"log_type":"token"}', '2025-08-21 13:43:38.600547+00', ''),
	('00000000-0000-0000-0000-000000000000', '848ed325-344a-403e-b3a6-ebcd998a929d', '{"action":"token_revoked","actor_id":"60bc8ec8-a502-4c69-bc14-052b33b52d85","actor_username":"admin@ihracatakademi.com","actor_via_sso":false,"log_type":"token"}', '2025-08-21 13:43:38.600412+00', ''),
	('00000000-0000-0000-0000-000000000000', '5af6f75a-637f-4453-8096-059f637b1089', '{"action":"token_revoked","actor_id":"60bc8ec8-a502-4c69-bc14-052b33b52d85","actor_username":"admin@ihracatakademi.com","actor_via_sso":false,"log_type":"token"}', '2025-08-21 13:43:38.600831+00', ''),
	('00000000-0000-0000-0000-000000000000', 'cc5e3c04-bcef-4939-94a7-1499bda3ad5e', '{"action":"token_revoked","actor_id":"60bc8ec8-a502-4c69-bc14-052b33b52d85","actor_username":"admin@ihracatakademi.com","actor_via_sso":false,"log_type":"token"}', '2025-08-21 13:43:38.59985+00', ''),
	('00000000-0000-0000-0000-000000000000', 'bfc60cb1-fb3a-4fb0-b79e-191e3904bd42', '{"action":"token_revoked","actor_id":"60bc8ec8-a502-4c69-bc14-052b33b52d85","actor_username":"admin@ihracatakademi.com","actor_via_sso":false,"log_type":"token"}', '2025-08-21 13:43:38.600655+00', ''),
	('00000000-0000-0000-0000-000000000000', '68b98209-e02e-4795-8c60-b24b65543edf', '{"action":"token_revoked","actor_id":"60bc8ec8-a502-4c69-bc14-052b33b52d85","actor_username":"admin@ihracatakademi.com","actor_via_sso":false,"log_type":"token"}', '2025-08-21 13:43:38.602071+00', ''),
	('00000000-0000-0000-0000-000000000000', 'e63db3b2-2a6a-40b9-94b2-305295f45af6', '{"action":"token_revoked","actor_id":"60bc8ec8-a502-4c69-bc14-052b33b52d85","actor_username":"admin@ihracatakademi.com","actor_via_sso":false,"log_type":"token"}', '2025-08-21 13:43:38.601414+00', ''),
	('00000000-0000-0000-0000-000000000000', '26054ca0-38c8-4e9f-98e8-ea653abc81ce', '{"action":"token_revoked","actor_id":"60bc8ec8-a502-4c69-bc14-052b33b52d85","actor_username":"admin@ihracatakademi.com","actor_via_sso":false,"log_type":"token"}', '2025-08-21 13:43:38.601093+00', ''),
	('00000000-0000-0000-0000-000000000000', '680a6bc9-c151-4c58-bbf2-1404c9a56f51', '{"action":"token_revoked","actor_id":"60bc8ec8-a502-4c69-bc14-052b33b52d85","actor_username":"admin@ihracatakademi.com","actor_via_sso":false,"log_type":"token"}', '2025-08-21 13:43:38.605788+00', ''),
	('00000000-0000-0000-0000-000000000000', 'cc5922c0-5a0a-45ca-8690-09f822074f60', '{"action":"token_refreshed","actor_id":"60bc8ec8-a502-4c69-bc14-052b33b52d85","actor_username":"admin@ihracatakademi.com","actor_via_sso":false,"log_type":"token"}', '2025-08-21 13:43:38.604569+00', ''),
	('00000000-0000-0000-0000-000000000000', '084d8fa0-c868-47a8-895c-516a6a2ea428', '{"action":"token_revoked","actor_id":"60bc8ec8-a502-4c69-bc14-052b33b52d85","actor_username":"admin@ihracatakademi.com","actor_via_sso":false,"log_type":"token"}', '2025-08-21 13:43:38.609643+00', ''),
	('00000000-0000-0000-0000-000000000000', '911b7dd4-5c6c-49ec-be9a-6aa947865932', '{"action":"token_refreshed","actor_id":"60bc8ec8-a502-4c69-bc14-052b33b52d85","actor_username":"admin@ihracatakademi.com","actor_via_sso":false,"log_type":"token"}', '2025-08-21 13:43:38.636806+00', ''),
	('00000000-0000-0000-0000-000000000000', 'fc4700ee-babf-4475-a666-c55e2ed21338', '{"action":"token_revoked","actor_id":"60bc8ec8-a502-4c69-bc14-052b33b52d85","actor_username":"admin@ihracatakademi.com","actor_via_sso":false,"log_type":"token"}', '2025-08-21 13:43:38.637753+00', ''),
	('00000000-0000-0000-0000-000000000000', 'eb25b64c-65d4-4b04-9e1b-1cc6c8f7e896', '{"action":"token_refreshed","actor_id":"60bc8ec8-a502-4c69-bc14-052b33b52d85","actor_username":"admin@ihracatakademi.com","actor_via_sso":false,"log_type":"token"}', '2025-08-21 13:44:08.395906+00', ''),
	('00000000-0000-0000-0000-000000000000', 'b0c6f6d1-28ad-415c-92f4-86dc40472d6e', '{"action":"token_revoked","actor_id":"60bc8ec8-a502-4c69-bc14-052b33b52d85","actor_username":"admin@ihracatakademi.com","actor_via_sso":false,"log_type":"token"}', '2025-08-21 13:44:08.397111+00', ''),
	('00000000-0000-0000-0000-000000000000', '6de06cef-65a1-4b53-b688-1516a3c1a8b3', '{"action":"token_refreshed","actor_id":"60bc8ec8-a502-4c69-bc14-052b33b52d85","actor_username":"admin@ihracatakademi.com","actor_via_sso":false,"log_type":"token"}', '2025-08-21 13:44:08.401356+00', ''),
	('00000000-0000-0000-0000-000000000000', 'df3f65dc-c272-4dc0-abe2-6d73618930f2', '{"action":"token_revoked","actor_id":"60bc8ec8-a502-4c69-bc14-052b33b52d85","actor_username":"admin@ihracatakademi.com","actor_via_sso":false,"log_type":"token"}', '2025-08-21 13:44:08.402371+00', ''),
	('00000000-0000-0000-0000-000000000000', 'c133afbc-d5d4-437f-9e9a-282b237d03eb', '{"action":"token_refreshed","actor_id":"60bc8ec8-a502-4c69-bc14-052b33b52d85","actor_username":"admin@ihracatakademi.com","actor_via_sso":false,"log_type":"token"}', '2025-08-21 13:44:38.334259+00', ''),
	('00000000-0000-0000-0000-000000000000', '4a68a822-0438-4da5-9746-0909f2617229', '{"action":"token_revoked","actor_id":"60bc8ec8-a502-4c69-bc14-052b33b52d85","actor_username":"admin@ihracatakademi.com","actor_via_sso":false,"log_type":"token"}', '2025-08-21 13:44:38.337496+00', ''),
	('00000000-0000-0000-0000-000000000000', '1ff751db-15e6-439b-9501-0b6b87ddba10', '{"action":"token_refreshed","actor_id":"60bc8ec8-a502-4c69-bc14-052b33b52d85","actor_username":"admin@ihracatakademi.com","actor_via_sso":false,"log_type":"token"}', '2025-08-21 13:45:08.41182+00', ''),
	('00000000-0000-0000-0000-000000000000', 'bc77f521-eda1-45e4-9de8-33dbd4911072', '{"action":"token_revoked","actor_id":"60bc8ec8-a502-4c69-bc14-052b33b52d85","actor_username":"admin@ihracatakademi.com","actor_via_sso":false,"log_type":"token"}', '2025-08-21 13:45:08.412953+00', ''),
	('00000000-0000-0000-0000-000000000000', '13d82e1d-86ae-4909-8a36-4613cfc223fb', '{"action":"token_refreshed","actor_id":"60bc8ec8-a502-4c69-bc14-052b33b52d85","actor_username":"admin@ihracatakademi.com","actor_via_sso":false,"log_type":"token"}', '2025-08-21 13:45:38.462251+00', ''),
	('00000000-0000-0000-0000-000000000000', '8bf938f8-b26d-496d-bf3a-b95c3639d9d3', '{"action":"token_revoked","actor_id":"60bc8ec8-a502-4c69-bc14-052b33b52d85","actor_username":"admin@ihracatakademi.com","actor_via_sso":false,"log_type":"token"}', '2025-08-21 13:45:38.462926+00', ''),
	('00000000-0000-0000-0000-000000000000', '8b59146f-d7d3-4a85-a626-a6289f5b069f', '{"action":"token_refreshed","actor_id":"60bc8ec8-a502-4c69-bc14-052b33b52d85","actor_username":"admin@ihracatakademi.com","actor_via_sso":false,"log_type":"token"}', '2025-08-21 13:46:38.416895+00', ''),
	('00000000-0000-0000-0000-000000000000', 'fbffdc2b-6675-4980-a566-34eeb810a7f9', '{"action":"token_revoked","actor_id":"60bc8ec8-a502-4c69-bc14-052b33b52d85","actor_username":"admin@ihracatakademi.com","actor_via_sso":false,"log_type":"token"}', '2025-08-21 13:46:38.417966+00', ''),
	('00000000-0000-0000-0000-000000000000', 'b44c4c51-7dec-42a7-9cd1-c98af5996bd1', '{"action":"token_refreshed","actor_id":"60bc8ec8-a502-4c69-bc14-052b33b52d85","actor_username":"admin@ihracatakademi.com","actor_via_sso":false,"log_type":"token"}', '2025-08-21 13:47:08.540428+00', ''),
	('00000000-0000-0000-0000-000000000000', 'ef554dd3-5662-4b5a-8195-ed534255e68e', '{"action":"token_revoked","actor_id":"60bc8ec8-a502-4c69-bc14-052b33b52d85","actor_username":"admin@ihracatakademi.com","actor_via_sso":false,"log_type":"token"}', '2025-08-21 13:47:08.541283+00', ''),
	('00000000-0000-0000-0000-000000000000', '5feb7347-ade3-4194-b8c0-c3547f34c773', '{"action":"token_refreshed","actor_id":"60bc8ec8-a502-4c69-bc14-052b33b52d85","actor_username":"admin@ihracatakademi.com","actor_via_sso":false,"log_type":"token"}', '2025-08-21 13:47:38.473103+00', ''),
	('00000000-0000-0000-0000-000000000000', '4871ccb3-17cb-4c14-bad6-9c0e0e405f61', '{"action":"token_revoked","actor_id":"60bc8ec8-a502-4c69-bc14-052b33b52d85","actor_username":"admin@ihracatakademi.com","actor_via_sso":false,"log_type":"token"}', '2025-08-21 13:47:38.474249+00', ''),
	('00000000-0000-0000-0000-000000000000', '95f65b5c-2c1c-4152-99a1-cd3aa42657e2', '{"action":"token_refreshed","actor_id":"60bc8ec8-a502-4c69-bc14-052b33b52d85","actor_username":"admin@ihracatakademi.com","actor_via_sso":false,"log_type":"token"}', '2025-08-21 13:49:08.510361+00', ''),
	('00000000-0000-0000-0000-000000000000', '69f5064d-6625-4be9-9b78-869512ccc140', '{"action":"token_revoked","actor_id":"60bc8ec8-a502-4c69-bc14-052b33b52d85","actor_username":"admin@ihracatakademi.com","actor_via_sso":false,"log_type":"token"}', '2025-08-21 13:49:08.511386+00', ''),
	('00000000-0000-0000-0000-000000000000', '6d209c43-4d39-4622-a7b3-c840a39cc703', '{"action":"token_refreshed","actor_id":"60bc8ec8-a502-4c69-bc14-052b33b52d85","actor_username":"admin@ihracatakademi.com","actor_via_sso":false,"log_type":"token"}', '2025-08-21 13:49:08.53881+00', ''),
	('00000000-0000-0000-0000-000000000000', '58c4a766-8560-40af-8e87-4f5a6a5d1b92', '{"action":"token_refreshed","actor_id":"60bc8ec8-a502-4c69-bc14-052b33b52d85","actor_username":"admin@ihracatakademi.com","actor_via_sso":false,"log_type":"token"}', '2025-08-21 13:49:08.540109+00', ''),
	('00000000-0000-0000-0000-000000000000', '037171ed-9a5a-42e7-84c3-595c00471155', '{"action":"token_revoked","actor_id":"60bc8ec8-a502-4c69-bc14-052b33b52d85","actor_username":"admin@ihracatakademi.com","actor_via_sso":false,"log_type":"token"}', '2025-08-21 13:49:08.540538+00', ''),
	('00000000-0000-0000-0000-000000000000', '7805ae4d-cc87-4ca9-9e4b-6493612711d0', '{"action":"token_revoked","actor_id":"60bc8ec8-a502-4c69-bc14-052b33b52d85","actor_username":"admin@ihracatakademi.com","actor_via_sso":false,"log_type":"token"}', '2025-08-21 13:49:08.541903+00', ''),
	('00000000-0000-0000-0000-000000000000', '59d194f4-deca-4816-9172-033da1e7a671', '{"action":"token_refreshed","actor_id":"60bc8ec8-a502-4c69-bc14-052b33b52d85","actor_username":"admin@ihracatakademi.com","actor_via_sso":false,"log_type":"token"}', '2025-08-21 13:49:08.541242+00', ''),
	('00000000-0000-0000-0000-000000000000', '3825f92e-10e9-499b-974e-d21853fe2040', '{"action":"token_revoked","actor_id":"60bc8ec8-a502-4c69-bc14-052b33b52d85","actor_username":"admin@ihracatakademi.com","actor_via_sso":false,"log_type":"token"}', '2025-08-21 13:49:08.543125+00', ''),
	('00000000-0000-0000-0000-000000000000', '84e34f7a-fdd0-43c8-be84-7ad54c5f472b', '{"action":"token_refreshed","actor_id":"60bc8ec8-a502-4c69-bc14-052b33b52d85","actor_username":"admin@ihracatakademi.com","actor_via_sso":false,"log_type":"token"}', '2025-08-21 13:49:39.109773+00', ''),
	('00000000-0000-0000-0000-000000000000', 'e3a3da43-b4f4-42a5-8254-2fd43cc4405c', '{"action":"token_revoked","actor_id":"60bc8ec8-a502-4c69-bc14-052b33b52d85","actor_username":"admin@ihracatakademi.com","actor_via_sso":false,"log_type":"token"}', '2025-08-21 13:49:39.111796+00', ''),
	('00000000-0000-0000-0000-000000000000', 'c9576d32-5b98-4bf8-b9ad-5783fd886073', '{"action":"token_refreshed","actor_id":"60bc8ec8-a502-4c69-bc14-052b33b52d85","actor_username":"admin@ihracatakademi.com","actor_via_sso":false,"log_type":"token"}', '2025-08-21 13:50:08.586328+00', ''),
	('00000000-0000-0000-0000-000000000000', '59714c23-990f-4d0c-a529-2873e7321f94', '{"action":"token_revoked","actor_id":"60bc8ec8-a502-4c69-bc14-052b33b52d85","actor_username":"admin@ihracatakademi.com","actor_via_sso":false,"log_type":"token"}', '2025-08-21 13:50:08.587412+00', ''),
	('00000000-0000-0000-0000-000000000000', 'cb52b828-52a8-4a66-bd44-313014ec025c', '{"action":"token_refreshed","actor_id":"60bc8ec8-a502-4c69-bc14-052b33b52d85","actor_username":"admin@ihracatakademi.com","actor_via_sso":false,"log_type":"token"}', '2025-08-21 13:50:38.577899+00', ''),
	('00000000-0000-0000-0000-000000000000', 'bab991ea-0ebc-4191-902e-dad75796ff85', '{"action":"token_revoked","actor_id":"60bc8ec8-a502-4c69-bc14-052b33b52d85","actor_username":"admin@ihracatakademi.com","actor_via_sso":false,"log_type":"token"}', '2025-08-21 13:50:38.579034+00', ''),
	('00000000-0000-0000-0000-000000000000', 'e09df392-a7cd-47cb-b0e9-b26014781205', '{"action":"token_refreshed","actor_id":"60bc8ec8-a502-4c69-bc14-052b33b52d85","actor_username":"admin@ihracatakademi.com","actor_via_sso":false,"log_type":"token"}', '2025-08-21 13:51:08.596141+00', ''),
	('00000000-0000-0000-0000-000000000000', '919464c2-e4ed-4e32-9390-921ba00bead2', '{"action":"token_revoked","actor_id":"60bc8ec8-a502-4c69-bc14-052b33b52d85","actor_username":"admin@ihracatakademi.com","actor_via_sso":false,"log_type":"token"}', '2025-08-21 13:51:08.597088+00', ''),
	('00000000-0000-0000-0000-000000000000', '47f98d5a-2dcf-453f-9636-a416a5a2dbaf', '{"action":"token_refreshed","actor_id":"60bc8ec8-a502-4c69-bc14-052b33b52d85","actor_username":"admin@ihracatakademi.com","actor_via_sso":false,"log_type":"token"}', '2025-08-21 13:51:38.719464+00', ''),
	('00000000-0000-0000-0000-000000000000', '00980e31-fb09-4ddc-a885-562d8d346848', '{"action":"token_revoked","actor_id":"60bc8ec8-a502-4c69-bc14-052b33b52d85","actor_username":"admin@ihracatakademi.com","actor_via_sso":false,"log_type":"token"}', '2025-08-21 13:51:38.720575+00', ''),
	('00000000-0000-0000-0000-000000000000', '021fb5d9-a26d-41c3-a214-8342fffa1202', '{"action":"token_refreshed","actor_id":"60bc8ec8-a502-4c69-bc14-052b33b52d85","actor_username":"admin@ihracatakademi.com","actor_via_sso":false,"log_type":"token"}', '2025-08-21 13:52:08.715576+00', ''),
	('00000000-0000-0000-0000-000000000000', '0ad56b3a-8ea4-4a5d-86a3-ce739628db69', '{"action":"token_revoked","actor_id":"60bc8ec8-a502-4c69-bc14-052b33b52d85","actor_username":"admin@ihracatakademi.com","actor_via_sso":false,"log_type":"token"}', '2025-08-21 13:52:08.716848+00', ''),
	('00000000-0000-0000-0000-000000000000', '07820d5a-ec73-441c-b58b-03c5103527ce', '{"action":"token_refreshed","actor_id":"60bc8ec8-a502-4c69-bc14-052b33b52d85","actor_username":"admin@ihracatakademi.com","actor_via_sso":false,"log_type":"token"}', '2025-08-21 13:52:08.771989+00', ''),
	('00000000-0000-0000-0000-000000000000', 'fd53ff30-3c8b-481e-b512-5133b0d03616', '{"action":"token_revoked","actor_id":"60bc8ec8-a502-4c69-bc14-052b33b52d85","actor_username":"admin@ihracatakademi.com","actor_via_sso":false,"log_type":"token"}', '2025-08-21 13:52:08.772692+00', ''),
	('00000000-0000-0000-0000-000000000000', 'f1425877-1ffc-468f-9a6a-24d52e74bc98', '{"action":"token_refreshed","actor_id":"60bc8ec8-a502-4c69-bc14-052b33b52d85","actor_username":"admin@ihracatakademi.com","actor_via_sso":false,"log_type":"token"}', '2025-08-21 13:52:38.658912+00', ''),
	('00000000-0000-0000-0000-000000000000', '85334abe-5028-4e50-bbd1-a4a3ed62c0cf', '{"action":"token_revoked","actor_id":"60bc8ec8-a502-4c69-bc14-052b33b52d85","actor_username":"admin@ihracatakademi.com","actor_via_sso":false,"log_type":"token"}', '2025-08-21 13:52:38.660103+00', ''),
	('00000000-0000-0000-0000-000000000000', 'bf941489-8fe6-423d-b02e-840d15c8fa29', '{"action":"token_refreshed","actor_id":"60bc8ec8-a502-4c69-bc14-052b33b52d85","actor_username":"admin@ihracatakademi.com","actor_via_sso":false,"log_type":"token"}', '2025-08-21 13:52:38.678027+00', ''),
	('00000000-0000-0000-0000-000000000000', '5029e77a-45c6-4c3b-a921-9161a9572d93', '{"action":"token_revoked","actor_id":"60bc8ec8-a502-4c69-bc14-052b33b52d85","actor_username":"admin@ihracatakademi.com","actor_via_sso":false,"log_type":"token"}', '2025-08-21 13:52:38.679168+00', ''),
	('00000000-0000-0000-0000-000000000000', 'd8667714-58b1-491a-9af2-b86eb8966acf', '{"action":"token_refreshed","actor_id":"60bc8ec8-a502-4c69-bc14-052b33b52d85","actor_username":"admin@ihracatakademi.com","actor_via_sso":false,"log_type":"token"}', '2025-08-21 13:53:38.793286+00', ''),
	('00000000-0000-0000-0000-000000000000', '812d33b6-585c-4767-99f8-03a18cc64f56', '{"action":"token_revoked","actor_id":"60bc8ec8-a502-4c69-bc14-052b33b52d85","actor_username":"admin@ihracatakademi.com","actor_via_sso":false,"log_type":"token"}', '2025-08-21 13:53:38.795146+00', ''),
	('00000000-0000-0000-0000-000000000000', '23fde762-7c0e-4383-8679-09663a2a4297', '{"action":"login","actor_id":"60bc8ec8-a502-4c69-bc14-052b33b52d85","actor_username":"admin@ihracatakademi.com","actor_via_sso":false,"log_type":"account","traits":{"provider":"email"}}', '2025-08-21 13:53:42.878517+00', ''),
	('00000000-0000-0000-0000-000000000000', '70483e64-c769-474e-b562-f140261facf1', '{"action":"token_refreshed","actor_id":"60bc8ec8-a502-4c69-bc14-052b33b52d85","actor_username":"admin@ihracatakademi.com","actor_via_sso":false,"log_type":"token"}', '2025-08-21 13:55:08.972801+00', ''),
	('00000000-0000-0000-0000-000000000000', '74aca2d8-cc91-478a-a14d-f9d353b5002f', '{"action":"token_revoked","actor_id":"60bc8ec8-a502-4c69-bc14-052b33b52d85","actor_username":"admin@ihracatakademi.com","actor_via_sso":false,"log_type":"token"}', '2025-08-21 13:55:08.978405+00', ''),
	('00000000-0000-0000-0000-000000000000', 'ddd5fa96-6d61-41bc-b1c3-6317eb30ea2c', '{"action":"token_refreshed","actor_id":"60bc8ec8-a502-4c69-bc14-052b33b52d85","actor_username":"admin@ihracatakademi.com","actor_via_sso":false,"log_type":"token"}', '2025-08-21 13:56:38.915514+00', ''),
	('00000000-0000-0000-0000-000000000000', '0f74d0db-1adf-4f4b-bafc-1c21bbbdd2e1', '{"action":"token_revoked","actor_id":"60bc8ec8-a502-4c69-bc14-052b33b52d85","actor_username":"admin@ihracatakademi.com","actor_via_sso":false,"log_type":"token"}', '2025-08-21 13:56:38.916877+00', ''),
	('00000000-0000-0000-0000-000000000000', '6b168f31-4bf8-4e89-83ce-7817b56d827a', '{"action":"token_refreshed","actor_id":"60bc8ec8-a502-4c69-bc14-052b33b52d85","actor_username":"admin@ihracatakademi.com","actor_via_sso":false,"log_type":"token"}', '2025-08-21 13:57:08.833261+00', ''),
	('00000000-0000-0000-0000-000000000000', 'fb1fb461-9722-4b1f-9db1-7361b7892a3d', '{"action":"token_revoked","actor_id":"60bc8ec8-a502-4c69-bc14-052b33b52d85","actor_username":"admin@ihracatakademi.com","actor_via_sso":false,"log_type":"token"}', '2025-08-21 13:57:08.834356+00', ''),
	('00000000-0000-0000-0000-000000000000', 'ef5a831a-caa8-475b-ba97-fa56282b31e5', '{"action":"token_refreshed","actor_id":"60bc8ec8-a502-4c69-bc14-052b33b52d85","actor_username":"admin@ihracatakademi.com","actor_via_sso":false,"log_type":"token"}', '2025-08-21 13:57:08.998997+00', ''),
	('00000000-0000-0000-0000-000000000000', '850bb62d-e9cc-4c2a-933e-aab8fa25faa2', '{"action":"token_revoked","actor_id":"60bc8ec8-a502-4c69-bc14-052b33b52d85","actor_username":"admin@ihracatakademi.com","actor_via_sso":false,"log_type":"token"}', '2025-08-21 13:57:09.000138+00', ''),
	('00000000-0000-0000-0000-000000000000', '588697a6-fd51-4a2f-abda-4c3e47794c51', '{"action":"token_refreshed","actor_id":"60bc8ec8-a502-4c69-bc14-052b33b52d85","actor_username":"admin@ihracatakademi.com","actor_via_sso":false,"log_type":"token"}', '2025-08-21 13:57:09.01306+00', ''),
	('00000000-0000-0000-0000-000000000000', '7ae21c0f-0225-4b27-badc-8e5b10467c43', '{"action":"token_revoked","actor_id":"60bc8ec8-a502-4c69-bc14-052b33b52d85","actor_username":"admin@ihracatakademi.com","actor_via_sso":false,"log_type":"token"}', '2025-08-21 13:57:09.014123+00', ''),
	('00000000-0000-0000-0000-000000000000', 'f89c5273-e485-4e43-b8a2-e6053b7d67ed', '{"action":"token_refreshed","actor_id":"60bc8ec8-a502-4c69-bc14-052b33b52d85","actor_username":"admin@ihracatakademi.com","actor_via_sso":false,"log_type":"token"}', '2025-08-21 13:58:38.960975+00', ''),
	('00000000-0000-0000-0000-000000000000', '973cd215-f3e9-4cb8-aeee-37d88266e4b3', '{"action":"token_revoked","actor_id":"60bc8ec8-a502-4c69-bc14-052b33b52d85","actor_username":"admin@ihracatakademi.com","actor_via_sso":false,"log_type":"token"}', '2025-08-21 13:58:38.961916+00', ''),
	('00000000-0000-0000-0000-000000000000', 'bc84deb6-3962-46cb-a9f7-d0a4cf0a7369', '{"action":"token_refreshed","actor_id":"60bc8ec8-a502-4c69-bc14-052b33b52d85","actor_username":"admin@ihracatakademi.com","actor_via_sso":false,"log_type":"token"}', '2025-08-21 13:59:38.914421+00', ''),
	('00000000-0000-0000-0000-000000000000', '97da8997-0104-40c0-a1e8-31ecd46fe679', '{"action":"token_revoked","actor_id":"60bc8ec8-a502-4c69-bc14-052b33b52d85","actor_username":"admin@ihracatakademi.com","actor_via_sso":false,"log_type":"token"}', '2025-08-21 13:59:38.917846+00', ''),
	('00000000-0000-0000-0000-000000000000', 'b45049c0-46c4-4292-a8fd-55615c40ced3', '{"action":"token_refreshed","actor_id":"60bc8ec8-a502-4c69-bc14-052b33b52d85","actor_username":"admin@ihracatakademi.com","actor_via_sso":false,"log_type":"token"}', '2025-08-21 14:02:09.21626+00', ''),
	('00000000-0000-0000-0000-000000000000', 'ce6b19ba-dac1-4c3a-803a-e73ed97f97f8', '{"action":"token_revoked","actor_id":"60bc8ec8-a502-4c69-bc14-052b33b52d85","actor_username":"admin@ihracatakademi.com","actor_via_sso":false,"log_type":"token"}', '2025-08-21 14:02:09.217601+00', ''),
	('00000000-0000-0000-0000-000000000000', 'a7895688-f1bb-4764-981d-d2c9df305229', '{"action":"token_refreshed","actor_id":"60bc8ec8-a502-4c69-bc14-052b33b52d85","actor_username":"admin@ihracatakademi.com","actor_via_sso":false,"log_type":"token"}', '2025-08-21 14:05:09.124583+00', ''),
	('00000000-0000-0000-0000-000000000000', '8bd3f0c0-a74f-401b-a523-84168a3ad7f4', '{"action":"token_revoked","actor_id":"60bc8ec8-a502-4c69-bc14-052b33b52d85","actor_username":"admin@ihracatakademi.com","actor_via_sso":false,"log_type":"token"}', '2025-08-21 14:05:09.13033+00', ''),
	('00000000-0000-0000-0000-000000000000', '67ac086b-cbb5-413c-bf4d-77f1c4d409fa', '{"action":"token_refreshed","actor_id":"60bc8ec8-a502-4c69-bc14-052b33b52d85","actor_username":"admin@ihracatakademi.com","actor_via_sso":false,"log_type":"token"}', '2025-08-21 14:07:39.201156+00', ''),
	('00000000-0000-0000-0000-000000000000', '52a7e597-3061-46b8-9c4d-e578a6d0e6cb', '{"action":"token_revoked","actor_id":"60bc8ec8-a502-4c69-bc14-052b33b52d85","actor_username":"admin@ihracatakademi.com","actor_via_sso":false,"log_type":"token"}', '2025-08-21 14:07:39.203213+00', ''),
	('00000000-0000-0000-0000-000000000000', '80c77495-f9ce-4fda-9ce2-b990569069a1', '{"action":"token_refreshed","actor_id":"60bc8ec8-a502-4c69-bc14-052b33b52d85","actor_username":"admin@ihracatakademi.com","actor_via_sso":false,"log_type":"token"}', '2025-08-21 14:10:39.1622+00', ''),
	('00000000-0000-0000-0000-000000000000', 'aed9c23c-00b3-439d-9b63-a1b0877bc690', '{"action":"token_revoked","actor_id":"60bc8ec8-a502-4c69-bc14-052b33b52d85","actor_username":"admin@ihracatakademi.com","actor_via_sso":false,"log_type":"token"}', '2025-08-21 14:10:39.165137+00', ''),
	('00000000-0000-0000-0000-000000000000', '1839339d-96cd-4aa2-9887-410e3cd37cec', '{"action":"token_refreshed","actor_id":"60bc8ec8-a502-4c69-bc14-052b33b52d85","actor_username":"admin@ihracatakademi.com","actor_via_sso":false,"log_type":"token"}', '2025-08-21 14:15:39.299936+00', ''),
	('00000000-0000-0000-0000-000000000000', '313e1546-e3f3-4b58-bbc3-64a700a05323', '{"action":"token_revoked","actor_id":"60bc8ec8-a502-4c69-bc14-052b33b52d85","actor_username":"admin@ihracatakademi.com","actor_via_sso":false,"log_type":"token"}', '2025-08-21 14:15:39.304126+00', ''),
	('00000000-0000-0000-0000-000000000000', '36a559f3-15c1-4734-8812-619423562de0', '{"action":"login","actor_id":"60bc8ec8-a502-4c69-bc14-052b33b52d85","actor_username":"admin@ihracatakademi.com","actor_via_sso":false,"log_type":"account","traits":{"provider":"email"}}', '2025-08-21 14:27:19.821708+00', ''),
	('00000000-0000-0000-0000-000000000000', 'ebd1c223-c46c-4864-9f01-1f23b837b36f', '{"action":"login","actor_id":"60bc8ec8-a502-4c69-bc14-052b33b52d85","actor_username":"admin@ihracatakademi.com","actor_via_sso":false,"log_type":"account","traits":{"provider":"email"}}', '2025-08-21 15:13:25.034296+00', ''),
	('00000000-0000-0000-0000-000000000000', 'bb2d1bbe-a2e4-4bfc-91d6-7412d6e8996a', '{"action":"login","actor_id":"60bc8ec8-a502-4c69-bc14-052b33b52d85","actor_username":"admin@ihracatakademi.com","actor_via_sso":false,"log_type":"account","traits":{"provider":"email"}}', '2025-08-21 15:16:32.945416+00', ''),
	('00000000-0000-0000-0000-000000000000', '33a48441-e1b1-4ece-b9df-67bf78bb7902', '{"action":"token_refreshed","actor_id":"60bc8ec8-a502-4c69-bc14-052b33b52d85","actor_username":"admin@ihracatakademi.com","actor_via_sso":false,"log_type":"token"}', '2025-08-21 17:29:57.883435+00', ''),
	('00000000-0000-0000-0000-000000000000', '0049d563-724b-433a-a588-1c43cefe0940', '{"action":"token_refreshed","actor_id":"60bc8ec8-a502-4c69-bc14-052b33b52d85","actor_username":"admin@ihracatakademi.com","actor_via_sso":false,"log_type":"token"}', '2025-08-21 17:29:57.882876+00', ''),
	('00000000-0000-0000-0000-000000000000', '8ffcc09b-4a3e-4ec4-8db7-8081d32c1fd3', '{"action":"token_revoked","actor_id":"60bc8ec8-a502-4c69-bc14-052b33b52d85","actor_username":"admin@ihracatakademi.com","actor_via_sso":false,"log_type":"token"}', '2025-08-21 17:29:57.906127+00', ''),
	('00000000-0000-0000-0000-000000000000', '4ec3aa00-5623-495b-aa51-eb91f019f251', '{"action":"token_revoked","actor_id":"60bc8ec8-a502-4c69-bc14-052b33b52d85","actor_username":"admin@ihracatakademi.com","actor_via_sso":false,"log_type":"token"}', '2025-08-21 17:29:57.906238+00', ''),
	('00000000-0000-0000-0000-000000000000', 'a99edaca-d360-4054-8e63-1bba87f54a03', '{"action":"login","actor_id":"60bc8ec8-a502-4c69-bc14-052b33b52d85","actor_username":"admin@ihracatakademi.com","actor_via_sso":false,"log_type":"account","traits":{"provider":"email"}}', '2025-08-21 18:20:25.467299+00', ''),
	('00000000-0000-0000-0000-000000000000', '8bca4361-d97e-47e5-8638-8c77e4addd10', '{"action":"token_refreshed","actor_id":"60bc8ec8-a502-4c69-bc14-052b33b52d85","actor_username":"admin@ihracatakademi.com","actor_via_sso":false,"log_type":"token"}', '2025-08-21 19:32:05.858381+00', ''),
	('00000000-0000-0000-0000-000000000000', '25d5d5f2-f6e7-43db-8ab8-39b3ce58d4a2', '{"action":"token_refreshed","actor_id":"60bc8ec8-a502-4c69-bc14-052b33b52d85","actor_username":"admin@ihracatakademi.com","actor_via_sso":false,"log_type":"token"}', '2025-08-21 19:32:05.855777+00', ''),
	('00000000-0000-0000-0000-000000000000', 'ec746142-ab96-4bb6-8c85-7ee6f37287b2', '{"action":"token_refreshed","actor_id":"60bc8ec8-a502-4c69-bc14-052b33b52d85","actor_username":"admin@ihracatakademi.com","actor_via_sso":false,"log_type":"token"}', '2025-08-21 19:32:05.856793+00', ''),
	('00000000-0000-0000-0000-000000000000', '6e91f4e4-e0df-4b3b-b8ae-313a0e583dab', '{"action":"token_revoked","actor_id":"60bc8ec8-a502-4c69-bc14-052b33b52d85","actor_username":"admin@ihracatakademi.com","actor_via_sso":false,"log_type":"token"}', '2025-08-21 19:32:05.875538+00', ''),
	('00000000-0000-0000-0000-000000000000', 'dff8d6c2-b596-499e-80e5-3f9070a34624', '{"action":"token_revoked","actor_id":"60bc8ec8-a502-4c69-bc14-052b33b52d85","actor_username":"admin@ihracatakademi.com","actor_via_sso":false,"log_type":"token"}', '2025-08-21 19:32:05.875436+00', ''),
	('00000000-0000-0000-0000-000000000000', '3686eb8f-8e37-4ff2-ae65-d8a692559521', '{"action":"token_revoked","actor_id":"60bc8ec8-a502-4c69-bc14-052b33b52d85","actor_username":"admin@ihracatakademi.com","actor_via_sso":false,"log_type":"token"}', '2025-08-21 19:32:05.875781+00', ''),
	('00000000-0000-0000-0000-000000000000', 'f254f680-0c04-49c8-95a8-b0f76b9af4c6', '{"action":"login","actor_id":"60bc8ec8-a502-4c69-bc14-052b33b52d85","actor_username":"admin@ihracatakademi.com","actor_via_sso":false,"log_type":"account","traits":{"provider":"email"}}', '2025-08-21 19:43:09.263338+00', ''),
	('00000000-0000-0000-0000-000000000000', '797af7db-cf8d-4529-a141-6cfabb1ccc3e', '{"action":"login","actor_id":"60bc8ec8-a502-4c69-bc14-052b33b52d85","actor_username":"admin@ihracatakademi.com","actor_via_sso":false,"log_type":"account","traits":{"provider":"email"}}', '2025-08-21 20:33:27.510062+00', ''),
	('00000000-0000-0000-0000-000000000000', '737479ae-97b1-4cea-9696-8dfaf10459e5', '{"action":"login","actor_id":"60bc8ec8-a502-4c69-bc14-052b33b52d85","actor_username":"admin@ihracatakademi.com","actor_via_sso":false,"log_type":"account","traits":{"provider":"email"}}', '2025-08-21 21:11:21.148705+00', ''),
	('00000000-0000-0000-0000-000000000000', 'fb129d34-6ffa-48a5-ad8d-6c2608e93c54', '{"action":"token_refreshed","actor_id":"60bc8ec8-a502-4c69-bc14-052b33b52d85","actor_username":"admin@ihracatakademi.com","actor_via_sso":false,"log_type":"token"}', '2025-08-21 21:31:27.631383+00', ''),
	('00000000-0000-0000-0000-000000000000', '8796ae35-9a6e-4053-a970-58b8f90398eb', '{"action":"token_revoked","actor_id":"60bc8ec8-a502-4c69-bc14-052b33b52d85","actor_username":"admin@ihracatakademi.com","actor_via_sso":false,"log_type":"token"}', '2025-08-21 21:31:27.653878+00', ''),
	('00000000-0000-0000-0000-000000000000', 'f08f175a-e4fb-486a-bbca-825c2659b988', '{"action":"login","actor_id":"60bc8ec8-a502-4c69-bc14-052b33b52d85","actor_username":"admin@ihracatakademi.com","actor_via_sso":false,"log_type":"account","traits":{"provider":"email"}}', '2025-08-21 21:52:32.659041+00', ''),
	('00000000-0000-0000-0000-000000000000', 'd414b963-ef01-4bce-8b57-7462e0fe7b5e', '{"action":"login","actor_id":"60bc8ec8-a502-4c69-bc14-052b33b52d85","actor_username":"admin@ihracatakademi.com","actor_via_sso":false,"log_type":"account","traits":{"provider":"email"}}', '2025-08-21 21:53:18.865264+00', ''),
	('00000000-0000-0000-0000-000000000000', 'e2724e33-fde2-49b5-b3a9-871d27c82e14', '{"action":"login","actor_id":"60bc8ec8-a502-4c69-bc14-052b33b52d85","actor_username":"admin@ihracatakademi.com","actor_via_sso":false,"log_type":"account","traits":{"provider":"email"}}', '2025-08-21 21:53:24.977801+00', ''),
	('00000000-0000-0000-0000-000000000000', 'd1b6503e-5e23-4661-b2e7-23e55203eda4', '{"action":"login","actor_id":"60bc8ec8-a502-4c69-bc14-052b33b52d85","actor_username":"admin@ihracatakademi.com","actor_via_sso":false,"log_type":"account","traits":{"provider":"email"}}', '2025-08-21 21:58:12.60263+00', ''),
	('00000000-0000-0000-0000-000000000000', 'f8e036da-5e3a-4fcd-bb21-1bed4b2f92e9', '{"action":"login","actor_id":"60bc8ec8-a502-4c69-bc14-052b33b52d85","actor_username":"admin@ihracatakademi.com","actor_via_sso":false,"log_type":"account","traits":{"provider":"email"}}', '2025-08-21 21:59:43.355623+00', ''),
	('00000000-0000-0000-0000-000000000000', 'b86ff39d-62cd-4a39-bee2-47c319c385c0', '{"action":"login","actor_id":"60bc8ec8-a502-4c69-bc14-052b33b52d85","actor_username":"admin@ihracatakademi.com","actor_via_sso":false,"log_type":"account","traits":{"provider":"email"}}', '2025-08-21 22:24:29.116719+00', ''),
	('00000000-0000-0000-0000-000000000000', 'b1def0f9-d831-4c04-b72c-fc9abc703625', '{"action":"login","actor_id":"60bc8ec8-a502-4c69-bc14-052b33b52d85","actor_username":"admin@ihracatakademi.com","actor_via_sso":false,"log_type":"account","traits":{"provider":"email"}}', '2025-08-21 23:34:15.82171+00', ''),
	('00000000-0000-0000-0000-000000000000', '854759b7-52fd-4fb3-99ad-40405f752d7f', '{"action":"login","actor_id":"60bc8ec8-a502-4c69-bc14-052b33b52d85","actor_username":"admin@ihracatakademi.com","actor_via_sso":false,"log_type":"account","traits":{"provider":"email"}}', '2025-08-25 17:59:52.505253+00', ''),
	('00000000-0000-0000-0000-000000000000', '1c8e72ce-d532-405a-bca6-106971686fb9', '{"action":"login","actor_id":"60bc8ec8-a502-4c69-bc14-052b33b52d85","actor_username":"admin@ihracatakademi.com","actor_via_sso":false,"log_type":"account","traits":{"provider":"email"}}', '2025-08-25 18:18:10.052483+00', ''),
	('00000000-0000-0000-0000-000000000000', '6d45de88-cd8d-499b-bdef-8b132521fa05', '{"action":"token_refreshed","actor_id":"60bc8ec8-a502-4c69-bc14-052b33b52d85","actor_username":"admin@ihracatakademi.com","actor_via_sso":false,"log_type":"token"}', '2025-08-25 18:57:54.33873+00', ''),
	('00000000-0000-0000-0000-000000000000', '2f1aac3d-5c7f-4954-8e7d-4fcd9090dfa0', '{"action":"token_revoked","actor_id":"60bc8ec8-a502-4c69-bc14-052b33b52d85","actor_username":"admin@ihracatakademi.com","actor_via_sso":false,"log_type":"token"}', '2025-08-25 18:57:54.360909+00', ''),
	('00000000-0000-0000-0000-000000000000', '547aa0ab-81c0-40c2-9601-22e63e95defc', '{"action":"token_refreshed","actor_id":"60bc8ec8-a502-4c69-bc14-052b33b52d85","actor_username":"admin@ihracatakademi.com","actor_via_sso":false,"log_type":"token"}', '2025-08-25 19:16:37.267651+00', ''),
	('00000000-0000-0000-0000-000000000000', '57333742-a108-41e6-802c-ba4311c55c11', '{"action":"token_revoked","actor_id":"60bc8ec8-a502-4c69-bc14-052b33b52d85","actor_username":"admin@ihracatakademi.com","actor_via_sso":false,"log_type":"token"}', '2025-08-25 19:16:37.287127+00', ''),
	('00000000-0000-0000-0000-000000000000', 'e7d915bf-6536-47b3-b104-d0c665b62945', '{"action":"user_deleted","actor_id":"00000000-0000-0000-0000-000000000000","actor_username":"service_role","actor_via_sso":false,"log_type":"team","traits":{"user_email":"omer@hoca.com","user_id":"f77a7efc-4e5d-44e4-965d-ae4664d43bd3","user_phone":""}}', '2025-09-02 01:06:52.41877+00', ''),
	('00000000-0000-0000-0000-000000000000', 'b3fce7b0-b1ee-4b2d-86e6-38d422188373', '{"action":"user_deleted","actor_id":"00000000-0000-0000-0000-000000000000","actor_username":"service_role","actor_via_sso":false,"log_type":"team","traits":{"user_email":"test01@omerfarukunsal.com","user_id":"621c5b88-aec6-4342-9c95-1f3442e7953d","user_phone":""}}', '2025-09-02 01:06:52.41778+00', ''),
	('00000000-0000-0000-0000-000000000000', 'f8296117-9b0e-4757-9b7a-325451f65cac', '{"action":"user_deleted","actor_id":"00000000-0000-0000-0000-000000000000","actor_username":"service_role","actor_via_sso":false,"log_type":"team","traits":{"user_email":"test02@example.com","user_id":"f5204041-5ee8-4e50-9b0f-a0d278c458a9","user_phone":""}}', '2025-09-02 01:06:52.421734+00', ''),
	('00000000-0000-0000-0000-000000000000', '7e20ae64-cbfc-4b35-b14a-3e0692a21a87', '{"action":"user_deleted","actor_id":"00000000-0000-0000-0000-000000000000","actor_username":"service_role","actor_via_sso":false,"log_type":"team","traits":{"user_email":"1@omer.com","user_id":"34b2fc93-50e9-4776-90a9-fe0eb1e7472b","user_phone":""}}', '2025-09-02 01:06:52.420192+00', '');


--
-- Data for Name: flow_state; Type: TABLE DATA; Schema: auth; Owner: supabase_auth_admin
--

INSERT INTO "auth"."flow_state" ("id", "user_id", "auth_code", "code_challenge_method", "code_challenge", "provider_type", "provider_access_token", "provider_refresh_token", "created_at", "updated_at", "authentication_method", "auth_code_issued_at") VALUES
	('8c261c2e-391d-4547-90f9-ff1ecac31525', '621c5b88-aec6-4342-9c95-1f3442e7953d', '36c9d050-fb5f-44f8-b60a-48ec1c13020f', 's256', '8lPocn4QpBC50PqTlBC9UZHvOoBHZIIgApZJPrxHHVs', 'email', '', '', '2025-08-20 09:19:36.513785+00', '2025-08-20 09:19:36.513785+00', 'email/signup', NULL);


--
-- Data for Name: users; Type: TABLE DATA; Schema: auth; Owner: supabase_auth_admin
--

INSERT INTO "auth"."users" ("instance_id", "id", "aud", "role", "email", "encrypted_password", "email_confirmed_at", "invited_at", "confirmation_token", "confirmation_sent_at", "recovery_token", "recovery_sent_at", "email_change_token_new", "email_change", "email_change_sent_at", "last_sign_in_at", "raw_app_meta_data", "raw_user_meta_data", "is_super_admin", "created_at", "updated_at", "phone", "phone_confirmed_at", "phone_change", "phone_change_token", "phone_change_sent_at", "email_change_token_current", "email_change_confirm_status", "banned_until", "reauthentication_token", "reauthentication_sent_at", "is_sso_user", "deleted_at", "is_anonymous") VALUES
	('00000000-0000-0000-0000-000000000000', '76661697-907e-4e9b-84ee-5b150a3f48be', 'authenticated', 'authenticated', 'zarife.yilmaz@ihracatakademiiii.com', '$2a$10$NURbOcPCLvABx.tTgUJBy.zLQi1y9/de2yz6uNppQr8bJatJn8KPS', '2025-08-20 17:50:21.630998+00', NULL, '', NULL, '', NULL, '', '', NULL, NULL, '{"provider": "email", "providers": ["email"]}', '{"full_name": "Zarife Hocam", "email_verified": true}', NULL, '2025-08-20 17:50:21.595602+00', '2025-08-20 21:58:50.333767+00', NULL, NULL, '', '', NULL, '', 0, NULL, '', NULL, false, NULL, false),
	(NULL, '9d99c302-4084-42ec-8c02-f6d5d3c0dc3e', 'authenticated', 'authenticated', 'info@mundo.com', '$2a$06$9Jcb.wKcoMC.VywWUNQvheUqwjfBRG1gfICOFKTLD/BuARn97K1qS', '2025-08-21 23:54:21.522698+00', NULL, '', NULL, '', NULL, '', NULL, NULL, NULL, NULL, NULL, NULL, '2025-08-21 23:54:21.522698+00', '2025-08-21 23:54:21.522698+00', NULL, NULL, '', '', NULL, '', 0, NULL, '', NULL, false, NULL, false),
	(NULL, 'c4e18a80-bdcb-436d-85bd-f9413d0a1558', 'authenticated', 'authenticated', 'info@sarmobi.com', '$2a$06$u2wfTjqimaf.8fzwT0rjR.IfekQncJkydq1tJbN.Ca4yIprOd3Vp6', '2025-08-22 00:47:15.433488+00', NULL, '', NULL, '', NULL, '', NULL, NULL, NULL, NULL, NULL, NULL, '2025-08-22 00:47:15.433488+00', '2025-08-22 00:47:15.433488+00', NULL, NULL, '', '', NULL, '', 0, NULL, '', NULL, false, NULL, false),
	('00000000-0000-0000-0000-000000000000', '60bc8ec8-a502-4c69-bc14-052b33b52d85', 'authenticated', 'authenticated', 'admin@ihracatakademi.com', '$2a$10$u6n4ZB7kOMZ/8D97OrJlMu7kY5W2xh/Wqvym0A65GASomiG.O4dli', '2025-08-20 14:33:07.784753+00', NULL, '', NULL, '', NULL, '', '', NULL, '2025-08-25 18:18:10.078361+00', '{"provider": "email", "providers": ["email"]}', '{"email_verified": true}', NULL, '2025-08-20 14:33:07.742092+00', '2025-08-25 19:16:37.313205+00', NULL, NULL, '', '', NULL, '', 0, NULL, '', NULL, false, NULL, false);


--
-- Data for Name: identities; Type: TABLE DATA; Schema: auth; Owner: supabase_auth_admin
--

INSERT INTO "auth"."identities" ("provider_id", "user_id", "identity_data", "provider", "last_sign_in_at", "created_at", "updated_at", "id") VALUES
	('60bc8ec8-a502-4c69-bc14-052b33b52d85', '60bc8ec8-a502-4c69-bc14-052b33b52d85', '{"sub": "60bc8ec8-a502-4c69-bc14-052b33b52d85", "email": "admin@ihracatakademi.com", "email_verified": false, "phone_verified": false}', 'email', '2025-08-20 14:33:07.76151+00', '2025-08-20 14:33:07.762113+00', '2025-08-20 14:33:07.762113+00', 'dc87765f-e9db-4815-990c-a87f9e6568ff'),
	('76661697-907e-4e9b-84ee-5b150a3f48be', '76661697-907e-4e9b-84ee-5b150a3f48be', '{"sub": "76661697-907e-4e9b-84ee-5b150a3f48be", "email": "zarife.yilmaz@ihracatakademiiii.com", "email_verified": false, "phone_verified": false}', 'email', '2025-08-20 17:50:21.620021+00', '2025-08-20 17:50:21.620086+00', '2025-08-20 17:50:21.620086+00', '6ad2d4ad-99fe-431a-bb87-1c0a0448dff9');


--
-- Data for Name: instances; Type: TABLE DATA; Schema: auth; Owner: supabase_auth_admin
--



--
-- Data for Name: sessions; Type: TABLE DATA; Schema: auth; Owner: supabase_auth_admin
--

INSERT INTO "auth"."sessions" ("id", "user_id", "created_at", "updated_at", "factor_id", "aal", "not_after", "refreshed_at", "user_agent", "ip", "tag") VALUES
	('758a7519-ac1d-45fc-a353-d19c2f9c5aca', '60bc8ec8-a502-4c69-bc14-052b33b52d85', '2025-08-21 13:00:29.016406+00', '2025-08-21 13:58:38.96583+00', NULL, 'aal1', NULL, '2025-08-21 13:58:38.965762', 'node', '176.88.127.80', NULL),
	('be7c9db6-b54a-4d17-be15-ee13a410dd96', '60bc8ec8-a502-4c69-bc14-052b33b52d85', '2025-08-21 11:16:30.130594+00', '2025-08-21 14:10:39.175267+00', NULL, 'aal1', NULL, '2025-08-21 14:10:39.175189', 'node', '176.88.127.80', NULL),
	('f8ece651-7600-4a01-843a-062ca010793b', '60bc8ec8-a502-4c69-bc14-052b33b52d85', '2025-08-21 14:27:19.834394+00', '2025-08-21 14:27:19.834394+00', NULL, 'aal1', NULL, NULL, 'node', '176.88.127.80', NULL),
	('3f90434b-22da-453f-ba90-6db05548abdd', '60bc8ec8-a502-4c69-bc14-052b33b52d85', '2025-08-21 19:43:09.27222+00', '2025-08-21 19:43:09.27222+00', NULL, 'aal1', NULL, NULL, 'node', '176.88.127.80', NULL),
	('fe5fc791-86b4-42c9-b096-b771daad1a45', '60bc8ec8-a502-4c69-bc14-052b33b52d85', '2025-08-21 09:31:51.629704+00', '2025-08-21 09:31:51.629704+00', NULL, 'aal1', NULL, NULL, 'Mozilla/5.0 (Macintosh; Intel Mac OS X 10_15_7) AppleWebKit/537.36 (KHTML, like Gecko) Chrome/138.0.0.0 Safari/537.36', '176.88.127.80', NULL),
	('a0da7b0f-944e-4c07-a5d8-76e67aab4684', '60bc8ec8-a502-4c69-bc14-052b33b52d85', '2025-08-21 09:32:09.519659+00', '2025-08-21 09:32:09.519659+00', NULL, 'aal1', NULL, NULL, 'Mozilla/5.0 (Macintosh; Intel Mac OS X 10_15_7) AppleWebKit/537.36 (KHTML, like Gecko) Chrome/135.0.0.0 Safari/537.36 OPR/120.0.0.0', '77.111.244.38', NULL),
	('a0ddd323-0e48-43c9-a0d6-cf2e1d55abb5', '60bc8ec8-a502-4c69-bc14-052b33b52d85', '2025-08-21 09:41:03.295134+00', '2025-08-21 09:41:03.295134+00', NULL, 'aal1', NULL, NULL, 'Mozilla/5.0 (Macintosh; Intel Mac OS X 10_15_7) AppleWebKit/537.36 (KHTML, like Gecko) Chrome/138.0.0.0 Safari/537.36', '176.88.127.80', NULL),
	('7aeff655-5071-46c2-9d70-8c249fdad5e2', '60bc8ec8-a502-4c69-bc14-052b33b52d85', '2025-08-21 09:41:11.182336+00', '2025-08-21 09:41:11.182336+00', NULL, 'aal1', NULL, NULL, 'Mozilla/5.0 (Macintosh; Intel Mac OS X 10_15_7) AppleWebKit/537.36 (KHTML, like Gecko) Chrome/135.0.0.0 Safari/537.36 OPR/120.0.0.0', '77.111.244.38', NULL),
	('642165b1-9f65-43b7-a9e4-31c3a2e4e690', '60bc8ec8-a502-4c69-bc14-052b33b52d85', '2025-08-21 21:58:12.607677+00', '2025-08-21 21:58:12.607677+00', NULL, 'aal1', NULL, NULL, 'node', '176.88.127.80', NULL),
	('0441adf3-0caf-426d-9473-2851d8548581', '60bc8ec8-a502-4c69-bc14-052b33b52d85', '2025-08-21 12:27:40.389301+00', '2025-08-21 13:31:07.542474+00', NULL, 'aal1', NULL, '2025-08-21 13:31:07.542397', 'node', '176.88.127.80', NULL),
	('18196ddc-d21d-4641-b537-b2c8a20e0ece', '60bc8ec8-a502-4c69-bc14-052b33b52d85', '2025-08-21 12:42:27.471533+00', '2025-08-21 13:43:38.636192+00', NULL, 'aal1', NULL, '2025-08-21 13:43:38.636107', 'node', '176.88.127.80', NULL),
	('6dfe031e-b764-4f47-aec4-86e9b56b7ed9', '60bc8ec8-a502-4c69-bc14-052b33b52d85', '2025-08-25 17:59:52.538278+00', '2025-08-25 18:57:54.404812+00', NULL, 'aal1', NULL, '2025-08-25 18:57:54.404724', 'node', '176.88.127.80', NULL),
	('b30989f4-defb-4242-affa-d55a4dae5e6d', '60bc8ec8-a502-4c69-bc14-052b33b52d85', '2025-08-21 11:40:06.98585+00', '2025-08-21 13:43:38.65004+00', NULL, 'aal1', NULL, '2025-08-21 13:43:38.649974', 'node', '176.88.127.80', NULL),
	('34db76e1-9759-4a01-97b9-253aafbee881', '60bc8ec8-a502-4c69-bc14-052b33b52d85', '2025-08-21 12:42:03.066547+00', '2025-08-21 13:43:38.664083+00', NULL, 'aal1', NULL, '2025-08-21 13:43:38.663992', 'node', '176.88.127.80', NULL),
	('e2978d26-6de9-4ba1-9c0b-ba90737a7d56', '60bc8ec8-a502-4c69-bc14-052b33b52d85', '2025-08-21 09:51:51.961233+00', '2025-08-21 13:44:08.400487+00', NULL, 'aal1', NULL, '2025-08-21 13:44:08.400411', 'node', '176.88.127.80', NULL),
	('bf8dd768-37be-45f7-b12f-1b6c13f3c956', '60bc8ec8-a502-4c69-bc14-052b33b52d85', '2025-08-21 09:52:04.438226+00', '2025-08-21 13:44:08.406461+00', NULL, 'aal1', NULL, '2025-08-21 13:44:08.406376', 'node', '176.88.127.80', NULL),
	('4435f462-d10b-4643-82ad-a6b42be5e0a0', '60bc8ec8-a502-4c69-bc14-052b33b52d85', '2025-08-21 10:51:00.159207+00', '2025-08-21 13:45:08.419005+00', NULL, 'aal1', NULL, '2025-08-21 13:45:08.418933', 'node', '176.88.127.80', NULL),
	('fb6d1668-d801-496b-bc5e-e54239a2ec9b', '60bc8ec8-a502-4c69-bc14-052b33b52d85', '2025-08-21 11:52:44.747349+00', '2025-08-21 13:49:08.518545+00', NULL, 'aal1', NULL, '2025-08-21 13:49:08.518472', 'node', '176.88.127.80', NULL),
	('75f38cae-ea74-44e2-adc5-472ef6a45cc3', '60bc8ec8-a502-4c69-bc14-052b33b52d85', '2025-08-21 11:56:00.111646+00', '2025-08-21 13:52:08.775532+00', NULL, 'aal1', NULL, '2025-08-21 13:52:08.775461', 'node', '176.88.127.80', NULL),
	('71b1bb92-c3ce-4a45-9df4-b90b7ea7f3d4', '60bc8ec8-a502-4c69-bc14-052b33b52d85', '2025-08-21 10:04:42.489251+00', '2025-08-21 13:57:08.840425+00', NULL, 'aal1', NULL, '2025-08-21 13:57:08.840354', 'node', '176.88.127.80', NULL),
	('d240ae40-0f47-4ef2-bb19-e06f82550448', '60bc8ec8-a502-4c69-bc14-052b33b52d85', '2025-08-21 10:04:32.440695+00', '2025-08-21 13:57:09.004964+00', NULL, 'aal1', NULL, '2025-08-21 13:57:09.00489', 'node', '176.88.127.80', NULL),
	('31bc51f1-9323-4e9b-980b-29cd2a257a88', '60bc8ec8-a502-4c69-bc14-052b33b52d85', '2025-08-21 10:04:52.711301+00', '2025-08-21 13:57:09.018935+00', NULL, 'aal1', NULL, '2025-08-21 13:57:09.018837', 'node', '176.88.127.80', NULL),
	('ac16c2f2-3ad2-442e-af3e-a23416623857', '60bc8ec8-a502-4c69-bc14-052b33b52d85', '2025-08-21 13:03:44.884131+00', '2025-08-21 14:02:09.222079+00', NULL, 'aal1', NULL, '2025-08-21 14:02:09.222007', 'node', '176.88.127.80', NULL),
	('d6e8a6ed-770e-4daa-9bae-af712bbae939', '60bc8ec8-a502-4c69-bc14-052b33b52d85', '2025-08-21 10:12:55.667622+00', '2025-08-21 14:05:09.142498+00', NULL, 'aal1', NULL, '2025-08-21 14:05:09.14242', 'node', '176.88.127.80', NULL),
	('21020230-53df-42de-ac34-db6c1338d14f', '60bc8ec8-a502-4c69-bc14-052b33b52d85', '2025-08-21 09:33:41.601703+00', '2025-08-21 09:33:41.601703+00', NULL, 'aal1', NULL, NULL, 'curl/8.6.0', '176.88.127.80', NULL),
	('893a516d-4895-4fd6-83ac-0c7bfef2ded7', '60bc8ec8-a502-4c69-bc14-052b33b52d85', '2025-08-21 09:43:37.619574+00', '2025-08-21 09:43:37.619574+00', NULL, 'aal1', NULL, NULL, 'Mozilla/5.0 (Macintosh; Intel Mac OS X 10_15_7) AppleWebKit/537.36 (KHTML, like Gecko) Chrome/135.0.0.0 Safari/537.36 OPR/120.0.0.0', '77.111.244.38', NULL),
	('41911d06-f4e6-45e5-aac6-7c1ee23e21a4', '60bc8ec8-a502-4c69-bc14-052b33b52d85', '2025-08-21 11:25:35.301524+00', '2025-08-21 13:31:07.489296+00', NULL, 'aal1', NULL, '2025-08-21 13:31:07.488651', 'node', '176.88.127.80', NULL),
	('d700a0df-1d2e-41ab-b7e7-84ca0151e958', '60bc8ec8-a502-4c69-bc14-052b33b52d85', '2025-08-21 15:13:25.059795+00', '2025-08-21 19:32:05.917522+00', NULL, 'aal1', NULL, '2025-08-21 19:32:05.917425', 'node', '176.88.127.80', NULL),
	('139e319e-9100-461b-b0fe-e7a9e8ea1c4b', '60bc8ec8-a502-4c69-bc14-052b33b52d85', '2025-08-21 12:30:33.851434+00', '2025-08-21 13:31:07.52527+00', NULL, 'aal1', NULL, '2025-08-21 13:31:07.52518', 'node', '176.88.127.80', NULL),
	('fc3c4c06-d643-4ffa-b8db-85142524b06a', '60bc8ec8-a502-4c69-bc14-052b33b52d85', '2025-08-21 11:42:09.678533+00', '2025-08-21 13:43:38.631364+00', NULL, 'aal1', NULL, '2025-08-21 13:43:38.63129', 'node', '176.88.127.80', NULL),
	('91e80f25-b9a1-4a8f-b839-41761287e348', '60bc8ec8-a502-4c69-bc14-052b33b52d85', '2025-08-21 12:47:09.677059+00', '2025-08-21 13:45:38.467934+00', NULL, 'aal1', NULL, '2025-08-21 13:45:38.467809', 'node', '176.88.127.80', NULL),
	('50ea08bc-e1a7-455a-96a1-410a063fa288', '60bc8ec8-a502-4c69-bc14-052b33b52d85', '2025-08-21 10:53:00.802934+00', '2025-08-21 13:47:08.544276+00', NULL, 'aal1', NULL, '2025-08-21 13:47:08.544198', 'node', '176.88.127.80', NULL),
	('7ff656f2-1c47-47c5-ad1d-2029c253d82c', '60bc8ec8-a502-4c69-bc14-052b33b52d85', '2025-08-21 09:55:14.826624+00', '2025-08-21 13:47:38.477029+00', NULL, 'aal1', NULL, '2025-08-21 13:47:38.476961', 'node', '176.88.127.80', NULL),
	('b81f3024-341d-4147-a063-eed6c843f372', '60bc8ec8-a502-4c69-bc14-052b33b52d85', '2025-08-21 12:00:32.80235+00', '2025-08-21 13:56:38.922925+00', NULL, 'aal1', NULL, '2025-08-21 13:56:38.92283', 'node', '176.88.127.80', NULL),
	('4c224bc1-ca9a-4793-847c-7ac7a0066967', '60bc8ec8-a502-4c69-bc14-052b33b52d85', '2025-08-21 20:33:27.526375+00', '2025-08-21 21:31:27.702926+00', NULL, 'aal1', NULL, '2025-08-21 21:31:27.702161', 'node', '176.88.127.80', NULL),
	('d3d758b9-3c3b-4505-a919-ac35c4f0f7b7', '60bc8ec8-a502-4c69-bc14-052b33b52d85', '2025-08-21 21:59:43.358816+00', '2025-08-21 21:59:43.358816+00', NULL, 'aal1', NULL, NULL, 'node', '176.88.127.80', NULL),
	('861f4505-4e15-4424-be56-d224a537d37d', '60bc8ec8-a502-4c69-bc14-052b33b52d85', '2025-08-25 18:18:10.07912+00', '2025-08-25 19:16:37.319522+00', NULL, 'aal1', NULL, '2025-08-25 19:16:37.319432', 'node', '176.88.127.80', NULL),
	('f04d5c65-a346-47bc-9b1f-d73c66bf1f00', '60bc8ec8-a502-4c69-bc14-052b33b52d85', '2025-08-21 12:03:29.94097+00', '2025-08-21 13:59:38.925356+00', NULL, 'aal1', NULL, '2025-08-21 13:59:38.925283', 'node', '176.88.127.80', NULL),
	('e85e6f03-a7b2-4fcc-aa49-78f92799b53d', '60bc8ec8-a502-4c69-bc14-052b33b52d85', '2025-08-21 10:15:34.489546+00', '2025-08-21 14:07:39.20736+00', NULL, 'aal1', NULL, '2025-08-21 14:07:39.207279', 'node', '176.88.127.80', NULL),
	('adb1d289-d6dc-4619-ac06-174076236133', '60bc8ec8-a502-4c69-bc14-052b33b52d85', '2025-08-21 09:35:27.537024+00', '2025-08-21 09:35:27.537024+00', NULL, 'aal1', NULL, NULL, 'Mozilla/5.0 (Macintosh; Intel Mac OS X 10_15_7) AppleWebKit/537.36 (KHTML, like Gecko) Chrome/138.0.0.0 Safari/537.36', '176.88.127.80', NULL),
	('62172d4e-d3d2-457b-a3ae-daeca3958c8d', '60bc8ec8-a502-4c69-bc14-052b33b52d85', '2025-08-21 09:35:34.333368+00', '2025-08-21 09:35:34.333368+00', NULL, 'aal1', NULL, NULL, 'Mozilla/5.0 (Macintosh; Intel Mac OS X 10_15_7) AppleWebKit/537.36 (KHTML, like Gecko) Chrome/135.0.0.0 Safari/537.36 OPR/120.0.0.0', '77.111.244.38', NULL),
	('7f0fb410-ee54-4dad-a69c-eb29c19f238d', '60bc8ec8-a502-4c69-bc14-052b33b52d85', '2025-08-21 09:36:10.897656+00', '2025-08-21 09:36:10.897656+00', NULL, 'aal1', NULL, NULL, 'Mozilla/5.0 (Macintosh; Intel Mac OS X 10_15_7) AppleWebKit/537.36 (KHTML, like Gecko) Chrome/135.0.0.0 Safari/537.36 OPR/120.0.0.0', '77.111.244.38', NULL),
	('18d5027a-fd49-43dd-9eaf-1ab8fa6722b9', '60bc8ec8-a502-4c69-bc14-052b33b52d85', '2025-08-21 15:16:32.948334+00', '2025-08-21 19:32:05.914218+00', NULL, 'aal1', NULL, '2025-08-21 19:32:05.914139', 'node', '176.88.127.80', NULL),
	('6f45ca5d-c7e3-48f2-ba8b-7d7972705a7f', '60bc8ec8-a502-4c69-bc14-052b33b52d85', '2025-08-21 21:11:21.171653+00', '2025-08-21 21:11:21.171653+00', NULL, 'aal1', NULL, NULL, 'node', '176.88.127.80', NULL),
	('204dd0fb-8f2e-42c6-b687-093438a20183', '60bc8ec8-a502-4c69-bc14-052b33b52d85', '2025-08-21 11:34:16.118946+00', '2025-08-21 13:31:07.513305+00', NULL, 'aal1', NULL, '2025-08-21 13:31:07.51235', 'node', '176.88.127.80', NULL),
	('cd252c79-a4f5-4c82-8895-5a0f988b70b9', '60bc8ec8-a502-4c69-bc14-052b33b52d85', '2025-08-21 12:33:17.475636+00', '2025-08-21 13:31:37.290997+00', NULL, 'aal1', NULL, '2025-08-21 13:31:37.290915', 'node', '176.88.127.80', NULL),
	('fee38335-7533-420d-93ea-1abbd7d08ece', '60bc8ec8-a502-4c69-bc14-052b33b52d85', '2025-08-21 09:47:16.736702+00', '2025-08-21 13:43:38.62645+00', NULL, 'aal1', NULL, '2025-08-21 13:43:38.626379', 'node', '176.88.127.80', NULL),
	('846b929f-313e-4fb8-b5af-26aa2b5df345', '60bc8ec8-a502-4c69-bc14-052b33b52d85', '2025-08-21 09:47:03.700891+00', '2025-08-21 13:43:38.640075+00', NULL, 'aal1', NULL, '2025-08-21 13:43:38.640008', 'node', '176.88.127.80', NULL),
	('c92cdbe3-4503-4150-b240-95fd284fdad1', '60bc8ec8-a502-4c69-bc14-052b33b52d85', '2025-08-21 09:46:37.13916+00', '2025-08-21 13:43:38.646972+00', NULL, 'aal1', NULL, '2025-08-21 13:43:38.646885', 'node', '176.88.127.80', NULL),
	('5732074d-317f-4d30-9d8b-0a06af385664', '60bc8ec8-a502-4c69-bc14-052b33b52d85', '2025-08-21 11:48:12.875967+00', '2025-08-21 13:44:38.345245+00', NULL, 'aal1', NULL, '2025-08-21 13:44:38.345176', 'node', '176.88.127.80', NULL),
	('759d7cf0-e906-4f14-89a7-45f4c848a09f', '60bc8ec8-a502-4c69-bc14-052b33b52d85', '2025-08-21 10:54:58.205969+00', '2025-08-21 13:49:08.5477+00', NULL, 'aal1', NULL, '2025-08-21 13:49:08.547622', 'node', '176.88.127.80', NULL),
	('2e46ea7c-6fc6-4920-9d19-f4846c9753e9', '60bc8ec8-a502-4c69-bc14-052b33b52d85', '2025-08-21 10:54:48.706214+00', '2025-08-21 13:49:08.553354+00', NULL, 'aal1', NULL, '2025-08-21 13:49:08.553168', 'node', '176.88.127.80', NULL),
	('bccd7e64-9ca7-4f9d-8f91-b03dfc36519d', '60bc8ec8-a502-4c69-bc14-052b33b52d85', '2025-08-21 09:56:55.308405+00', '2025-08-21 13:49:08.557882+00', NULL, 'aal1', NULL, '2025-08-21 13:49:08.557794', 'node', '176.88.127.80', NULL),
	('10cf1bf1-214c-4ea3-b113-3f3227ff77ef', '60bc8ec8-a502-4c69-bc14-052b33b52d85', '2025-08-21 09:57:37.337457+00', '2025-08-21 13:49:39.117482+00', NULL, 'aal1', NULL, '2025-08-21 13:49:39.117402', 'node', '176.88.127.80', NULL),
	('77141b82-dae6-45ba-92f2-227d95b62de3', '60bc8ec8-a502-4c69-bc14-052b33b52d85', '2025-08-21 09:57:44.865037+00', '2025-08-21 13:50:08.590792+00', NULL, 'aal1', NULL, '2025-08-21 13:50:08.590722', 'node', '176.88.127.80', NULL),
	('f16e29ab-512b-43a0-b23f-b2c30a00433e', '60bc8ec8-a502-4c69-bc14-052b33b52d85', '2025-08-21 09:58:15.783732+00', '2025-08-21 13:50:38.582364+00', NULL, 'aal1', NULL, '2025-08-21 13:50:38.582293', 'node', '176.88.127.80', NULL),
	('98d0d245-3842-4878-9d46-f331ae8ee019', '60bc8ec8-a502-4c69-bc14-052b33b52d85', '2025-08-21 09:58:44.439404+00', '2025-08-21 13:51:08.601494+00', NULL, 'aal1', NULL, '2025-08-21 13:51:08.601414', 'node', '176.88.127.80', NULL),
	('91ef4ef2-a6f2-4abb-853f-e700e6077b24', '60bc8ec8-a502-4c69-bc14-052b33b52d85', '2025-08-21 09:59:28.466673+00', '2025-08-21 13:51:38.724995+00', NULL, 'aal1', NULL, '2025-08-21 13:51:38.724915', 'node', '176.88.127.80', NULL),
	('e6ae3e80-8b55-448e-9524-88f48cbe0996', '60bc8ec8-a502-4c69-bc14-052b33b52d85', '2025-08-21 09:59:41.330596+00', '2025-08-21 13:52:08.720607+00', NULL, 'aal1', NULL, '2025-08-21 13:52:08.720524', 'node', '176.88.127.80', NULL),
	('29d1ecb5-1e1c-4ea0-a9cb-1e798efe7036', '60bc8ec8-a502-4c69-bc14-052b33b52d85', '2025-08-21 22:24:29.156986+00', '2025-08-21 22:24:29.156986+00', NULL, 'aal1', NULL, NULL, 'node', '176.88.127.80', NULL),
	('7cebeddb-4b1c-44bb-938a-97f0a9b8291b', '60bc8ec8-a502-4c69-bc14-052b33b52d85', '2025-08-21 09:59:55.091857+00', '2025-08-21 13:52:38.663969+00', NULL, 'aal1', NULL, '2025-08-21 13:52:38.663886', 'node', '176.88.127.80', NULL),
	('e675c7ad-c5bf-41d0-a66e-7674fdf585de', '60bc8ec8-a502-4c69-bc14-052b33b52d85', '2025-08-21 10:00:30.888742+00', '2025-08-21 13:52:38.68404+00', NULL, 'aal1', NULL, '2025-08-21 13:52:38.683956', 'node', '176.88.127.80', NULL),
	('8b62e3bb-1a23-46fa-8ac5-e5cb8b61522a', '60bc8ec8-a502-4c69-bc14-052b33b52d85', '2025-08-21 10:01:25.533176+00', '2025-08-21 13:53:38.798118+00', NULL, 'aal1', NULL, '2025-08-21 13:53:38.798044', 'node', '176.88.127.80', NULL),
	('42d4d518-a9f1-496a-96be-8e61948a3ccf', '60bc8ec8-a502-4c69-bc14-052b33b52d85', '2025-08-21 13:53:42.879725+00', '2025-08-21 13:53:42.879725+00', NULL, 'aal1', NULL, NULL, 'node', '176.88.127.80', NULL),
	('3c7ce039-a09d-4b12-85c3-c83cc771f374', '60bc8ec8-a502-4c69-bc14-052b33b52d85', '2025-08-21 12:19:30.969333+00', '2025-08-21 14:15:39.313014+00', NULL, 'aal1', NULL, '2025-08-21 14:15:39.312945', 'node', '176.88.127.80', NULL),
	('ab9cae35-6b53-4fb7-862b-42207f8a25b8', '60bc8ec8-a502-4c69-bc14-052b33b52d85', '2025-08-21 10:33:18.109716+00', '2025-08-21 13:31:07.480389+00', NULL, 'aal1', NULL, '2025-08-21 13:31:07.480312', 'node', '176.88.127.80', NULL),
	('a6b97176-6569-4c87-a837-e17f66c9fd1d', '60bc8ec8-a502-4c69-bc14-052b33b52d85', '2025-08-21 10:33:24.061458+00', '2025-08-21 13:31:07.500112+00', NULL, 'aal1', NULL, '2025-08-21 13:31:07.500038', 'node', '176.88.127.80', NULL),
	('8e414041-89e4-4fe5-a71a-794468133ec1', '60bc8ec8-a502-4c69-bc14-052b33b52d85', '2025-08-21 10:32:51.411857+00', '2025-08-21 13:31:07.50813+00', NULL, 'aal1', NULL, '2025-08-21 13:31:07.508058', 'node', '176.88.127.80', NULL),
	('6ad9063c-ffa8-4216-a67c-7d884847340a', '60bc8ec8-a502-4c69-bc14-052b33b52d85', '2025-08-21 10:34:23.183155+00', '2025-08-21 13:31:07.520435+00', NULL, 'aal1', NULL, '2025-08-21 13:31:07.520372', 'node', '176.88.127.80', NULL),
	('ac45e2ab-6af6-49b9-9b52-5e752c866907', '60bc8ec8-a502-4c69-bc14-052b33b52d85', '2025-08-21 10:33:06.752825+00', '2025-08-21 13:31:07.528736+00', NULL, 'aal1', NULL, '2025-08-21 13:31:07.528665', 'node', '176.88.127.80', NULL),
	('bdcd35a6-fdee-47dc-a598-d45e14829e98', '60bc8ec8-a502-4c69-bc14-052b33b52d85', '2025-08-21 18:20:25.496756+00', '2025-08-21 19:32:05.909361+00', NULL, 'aal1', NULL, '2025-08-21 19:32:05.909267', 'node', '176.88.127.80', NULL),
	('2cb9f09e-1a06-471e-a9b3-5a7665da79e1', '60bc8ec8-a502-4c69-bc14-052b33b52d85', '2025-08-21 21:52:32.670469+00', '2025-08-21 21:52:32.670469+00', NULL, 'aal1', NULL, NULL, 'node', '176.88.127.80', NULL),
	('9a21e553-6c4b-4dc4-8621-389fd550cd0c', '60bc8ec8-a502-4c69-bc14-052b33b52d85', '2025-08-21 21:53:18.881643+00', '2025-08-21 21:53:18.881643+00', NULL, 'aal1', NULL, NULL, 'node', '176.88.127.80', NULL),
	('9862a44f-4913-41fd-befd-c609f2356f57', '60bc8ec8-a502-4c69-bc14-052b33b52d85', '2025-08-21 21:53:24.98013+00', '2025-08-21 21:53:24.98013+00', NULL, 'aal1', NULL, NULL, 'node', '176.88.127.80', NULL),
	('601ffb5f-7cd6-44dd-a02f-cc45987c0735', '60bc8ec8-a502-4c69-bc14-052b33b52d85', '2025-08-21 23:34:15.83983+00', '2025-08-21 23:34:15.83983+00', NULL, 'aal1', NULL, NULL, 'node', '176.88.127.80', NULL),
	('4b239366-1de7-4150-869a-a774136f90a2', '60bc8ec8-a502-4c69-bc14-052b33b52d85', '2025-08-21 09:28:11.41785+00', '2025-08-21 09:28:11.41785+00', NULL, 'aal1', NULL, NULL, 'Mozilla/5.0 (Macintosh; Intel Mac OS X 10_15_7) AppleWebKit/537.36 (KHTML, like Gecko) Chrome/135.0.0.0 Safari/537.36 OPR/120.0.0.0', '77.111.244.38', NULL),
	('f316e31b-cb7b-4610-ae1a-cdb2f35633f3', '60bc8ec8-a502-4c69-bc14-052b33b52d85', '2025-08-21 09:28:16.712773+00', '2025-08-21 09:28:16.712773+00', NULL, 'aal1', NULL, NULL, 'Mozilla/5.0 (Macintosh; Intel Mac OS X 10_15_7) AppleWebKit/537.36 (KHTML, like Gecko) Chrome/138.0.0.0 Safari/537.36', '176.88.127.80', NULL),
	('b788dd2d-737b-488a-a4fe-e408e2dc22ce', '60bc8ec8-a502-4c69-bc14-052b33b52d85', '2025-08-21 09:28:51.575318+00', '2025-08-21 09:28:51.575318+00', NULL, 'aal1', NULL, NULL, 'Mozilla/5.0 (Macintosh; Intel Mac OS X 10_15_7) AppleWebKit/537.36 (KHTML, like Gecko) Chrome/135.0.0.0 Safari/537.36 OPR/120.0.0.0', '77.111.244.38', NULL),
	('df2c33a8-5372-493c-ba62-bdc2042fe029', '60bc8ec8-a502-4c69-bc14-052b33b52d85', '2025-08-21 09:38:25.150354+00', '2025-08-21 09:38:25.150354+00', NULL, 'aal1', NULL, NULL, 'Mozilla/5.0 (Macintosh; Intel Mac OS X 10_15_7) AppleWebKit/537.36 (KHTML, like Gecko) Chrome/138.0.0.0 Safari/537.36', '176.88.127.80', NULL),
	('f2544603-b6f6-4c85-9b59-b5c3a6242e67', '60bc8ec8-a502-4c69-bc14-052b33b52d85', '2025-08-21 09:38:34.732945+00', '2025-08-21 09:38:34.732945+00', NULL, 'aal1', NULL, NULL, 'Mozilla/5.0 (Macintosh; Intel Mac OS X 10_15_7) AppleWebKit/537.36 (KHTML, like Gecko) Chrome/135.0.0.0 Safari/537.36 OPR/120.0.0.0', '77.111.244.38', NULL),
	('d1b79949-5429-430f-9d56-37590e494545', '60bc8ec8-a502-4c69-bc14-052b33b52d85', '2025-08-21 09:49:32.418231+00', '2025-08-21 13:43:38.643409+00', NULL, 'aal1', NULL, '2025-08-21 13:43:38.64334', 'node', '176.88.127.80', NULL),
	('6e3c235c-12cf-4763-b547-ef060929a8f6', '60bc8ec8-a502-4c69-bc14-052b33b52d85', '2025-08-21 09:49:14.629171+00', '2025-08-21 13:43:38.653031+00', NULL, 'aal1', NULL, '2025-08-21 13:43:38.652952', 'node', '176.88.127.80', NULL),
	('3cf11543-5725-4a19-812d-067a7a3938ee', '60bc8ec8-a502-4c69-bc14-052b33b52d85', '2025-08-21 12:37:30.362153+00', '2025-08-21 13:43:38.658138+00', NULL, 'aal1', NULL, '2025-08-21 13:43:38.658042', 'node', '176.88.127.80', NULL),
	('f7df738d-a90c-4837-bd32-f736477944ba', '60bc8ec8-a502-4c69-bc14-052b33b52d85', '2025-08-21 11:36:58.68926+00', '2025-08-21 13:43:38.661202+00', NULL, 'aal1', NULL, '2025-08-21 13:43:38.66113', 'node', '176.88.127.80', NULL),
	('2039849f-f37b-4bd5-8d9e-39d67c840269', '60bc8ec8-a502-4c69-bc14-052b33b52d85', '2025-08-21 11:50:38.284349+00', '2025-08-21 13:46:38.420901+00', NULL, 'aal1', NULL, '2025-08-21 13:46:38.42081', 'node', '176.88.127.80', NULL),
	('e8e39f99-255e-4097-8d4e-45cdede3ef47', '60bc8ec8-a502-4c69-bc14-052b33b52d85', '2025-08-21 10:02:43.158152+00', '2025-08-21 13:55:08.992142+00', NULL, 'aal1', NULL, '2025-08-21 13:55:08.992062', 'node', '176.88.127.80', NULL);


--
-- Data for Name: mfa_amr_claims; Type: TABLE DATA; Schema: auth; Owner: supabase_auth_admin
--

INSERT INTO "auth"."mfa_amr_claims" ("session_id", "created_at", "updated_at", "authentication_method", "id") VALUES
	('b788dd2d-737b-488a-a4fe-e408e2dc22ce', '2025-08-21 09:28:51.580787+00', '2025-08-21 09:28:51.580787+00', 'password', '35770e22-8055-41fe-ad67-16b129be79a4'),
	('21020230-53df-42de-ac34-db6c1338d14f', '2025-08-21 09:33:41.605368+00', '2025-08-21 09:33:41.605368+00', 'password', 'd38d2298-28bd-498b-a5a5-ed99669e7c1d'),
	('df2c33a8-5372-493c-ba62-bdc2042fe029', '2025-08-21 09:38:25.155405+00', '2025-08-21 09:38:25.155405+00', 'password', '43178e4d-a347-4829-8aad-4b379c8e5e87'),
	('f2544603-b6f6-4c85-9b59-b5c3a6242e67', '2025-08-21 09:38:34.735218+00', '2025-08-21 09:38:34.735218+00', 'password', 'cd83045a-4217-496c-b028-efda99a673aa'),
	('893a516d-4895-4fd6-83ac-0c7bfef2ded7', '2025-08-21 09:43:37.625366+00', '2025-08-21 09:43:37.625366+00', 'password', '227504d9-c1f5-4feb-984c-2746636a0141'),
	('6e3c235c-12cf-4763-b547-ef060929a8f6', '2025-08-21 09:49:14.634332+00', '2025-08-21 09:49:14.634332+00', 'password', '6d2a7fa3-29c1-4c07-a685-9a4f92f1701b'),
	('d1b79949-5429-430f-9d56-37590e494545', '2025-08-21 09:49:32.423061+00', '2025-08-21 09:49:32.423061+00', 'password', 'ead35b2d-cb53-4219-8c35-160a1403ee6c'),
	('7ff656f2-1c47-47c5-ad1d-2029c253d82c', '2025-08-21 09:55:14.84497+00', '2025-08-21 09:55:14.84497+00', 'password', '2c6db6a3-2f18-4387-90ba-31f239fa53c8'),
	('e8e39f99-255e-4097-8d4e-45cdede3ef47', '2025-08-21 10:02:43.164283+00', '2025-08-21 10:02:43.164283+00', 'password', '3591edde-7284-4904-8eff-74a8c5d9cb53'),
	('d6e8a6ed-770e-4daa-9bae-af712bbae939', '2025-08-21 10:12:55.685001+00', '2025-08-21 10:12:55.685001+00', 'password', '2b096b8d-9644-4d4a-a381-fe785229cc3a'),
	('8e414041-89e4-4fe5-a71a-794468133ec1', '2025-08-21 10:32:51.455206+00', '2025-08-21 10:32:51.455206+00', 'password', 'c51e7700-82d3-4b73-9e55-b6955643eb11'),
	('ac45e2ab-6af6-49b9-9b52-5e752c866907', '2025-08-21 10:33:06.756422+00', '2025-08-21 10:33:06.756422+00', 'password', 'ed500335-f4c5-41b5-8038-5b9762e13805'),
	('ab9cae35-6b53-4fb7-862b-42207f8a25b8', '2025-08-21 10:33:18.112095+00', '2025-08-21 10:33:18.112095+00', 'password', 'a23ebcc0-0857-4a9b-a017-e636c1e073a0'),
	('a6b97176-6569-4c87-a837-e17f66c9fd1d', '2025-08-21 10:33:24.064554+00', '2025-08-21 10:33:24.064554+00', 'password', '1bb5420d-1de3-46f6-83a1-f9d123c80334'),
	('6ad9063c-ffa8-4216-a67c-7d884847340a', '2025-08-21 10:34:23.188914+00', '2025-08-21 10:34:23.188914+00', 'password', 'ef7920c2-1ed8-463f-8f2f-c309dbcda54a'),
	('50ea08bc-e1a7-455a-96a1-410a063fa288', '2025-08-21 10:53:00.808709+00', '2025-08-21 10:53:00.808709+00', 'password', 'a8d21f2e-f690-4d4f-9a2e-c4b7cc6d3e90'),
	('be7c9db6-b54a-4d17-be15-ee13a410dd96', '2025-08-21 11:16:30.137748+00', '2025-08-21 11:16:30.137748+00', 'password', '9a543c4f-6aa7-4ac5-aa1c-b43f0643246d'),
	('204dd0fb-8f2e-42c6-b687-093438a20183', '2025-08-21 11:34:16.123903+00', '2025-08-21 11:34:16.123903+00', 'password', '7beaadb4-05f1-4230-83a6-a2b8686f8ab7'),
	('b30989f4-defb-4242-affa-d55a4dae5e6d', '2025-08-21 11:40:06.995512+00', '2025-08-21 11:40:06.995512+00', 'password', '69e016e5-59cd-4974-8272-f38190b2557d'),
	('5732074d-317f-4d30-9d8b-0a06af385664', '2025-08-21 11:48:12.887205+00', '2025-08-21 11:48:12.887205+00', 'password', '8c64c59a-87a1-47ac-8c2d-c5a42b257b27'),
	('fb6d1668-d801-496b-bc5e-e54239a2ec9b', '2025-08-21 11:52:44.752509+00', '2025-08-21 11:52:44.752509+00', 'password', '9de9f02a-2d28-4706-bbe9-f8d984eca3e8'),
	('75f38cae-ea74-44e2-adc5-472ef6a45cc3', '2025-08-21 11:56:00.116464+00', '2025-08-21 11:56:00.116464+00', 'password', 'fe70cc0a-a509-4004-b497-d3a060062d99'),
	('f04d5c65-a346-47bc-9b1f-d73c66bf1f00', '2025-08-21 12:03:29.973486+00', '2025-08-21 12:03:29.973486+00', 'password', 'a39e0a56-94fc-4c67-bf52-b4392ebcd0a3'),
	('0441adf3-0caf-426d-9473-2851d8548581', '2025-08-21 12:27:40.398016+00', '2025-08-21 12:27:40.398016+00', 'password', '0aa07f1a-7c8c-4a48-b3b0-6ef6523b231c'),
	('cd252c79-a4f5-4c82-8895-5a0f988b70b9', '2025-08-21 12:33:17.47876+00', '2025-08-21 12:33:17.47876+00', 'password', '9a62423d-b008-47fe-9664-fa60bef85ebf'),
	('34db76e1-9759-4a01-97b9-253aafbee881', '2025-08-21 12:42:03.068997+00', '2025-08-21 12:42:03.068997+00', 'password', 'c6e7da8d-3225-4a27-a78e-3f0fe6fda141'),
	('18196ddc-d21d-4641-b537-b2c8a20e0ece', '2025-08-21 12:42:27.473678+00', '2025-08-21 12:42:27.473678+00', 'password', '0edf4ad8-ed79-4a25-a2d3-f1ee1b970647'),
	('758a7519-ac1d-45fc-a353-d19c2f9c5aca', '2025-08-21 13:00:29.020273+00', '2025-08-21 13:00:29.020273+00', 'password', '91746e1f-79f8-4515-a440-99e123b8cf01'),
	('42d4d518-a9f1-496a-96be-8e61948a3ccf', '2025-08-21 13:53:42.884157+00', '2025-08-21 13:53:42.884157+00', 'password', '7cd234a8-7fef-46c7-b203-192b18509c23'),
	('d700a0df-1d2e-41ab-b7e7-84ca0151e958', '2025-08-21 15:13:25.103211+00', '2025-08-21 15:13:25.103211+00', 'password', '25fc78c6-7b53-4827-a40d-aa6615814069'),
	('bdcd35a6-fdee-47dc-a598-d45e14829e98', '2025-08-21 18:20:25.563801+00', '2025-08-21 18:20:25.563801+00', 'password', '63dc932b-8a55-464a-9ae3-c5dffa20f1e0'),
	('4c224bc1-ca9a-4793-847c-7ac7a0066967', '2025-08-21 20:33:27.565384+00', '2025-08-21 20:33:27.565384+00', 'password', '31212ad0-8393-4922-ade7-bbc1d5e0948c'),
	('2cb9f09e-1a06-471e-a9b3-5a7665da79e1', '2025-08-21 21:52:32.69919+00', '2025-08-21 21:52:32.69919+00', 'password', '7c3213e3-52eb-4c7b-b2e2-7a068d617a76'),
	('9a21e553-6c4b-4dc4-8621-389fd550cd0c', '2025-08-21 21:53:18.917301+00', '2025-08-21 21:53:18.917301+00', 'password', '7f781295-4801-4602-bdeb-9596a7858149'),
	('9862a44f-4913-41fd-befd-c609f2356f57', '2025-08-21 21:53:24.983023+00', '2025-08-21 21:53:24.983023+00', 'password', 'cd0da8dd-8587-4b2b-8084-c0bf104234ab'),
	('d3d758b9-3c3b-4505-a919-ac35c4f0f7b7', '2025-08-21 21:59:43.366165+00', '2025-08-21 21:59:43.366165+00', 'password', '30c49cbc-efe0-4a43-813d-4bd6b61d8cf2'),
	('601ffb5f-7cd6-44dd-a02f-cc45987c0735', '2025-08-21 23:34:15.876738+00', '2025-08-21 23:34:15.876738+00', 'password', 'f3ecf4e1-dc81-4b79-9379-6b15026e22fa'),
	('861f4505-4e15-4424-be56-d224a537d37d', '2025-08-25 18:18:10.135762+00', '2025-08-25 18:18:10.135762+00', 'password', 'ee07d954-2d26-4acc-b5f0-5fa44cec3334'),
	('4b239366-1de7-4150-869a-a774136f90a2', '2025-08-21 09:28:11.454506+00', '2025-08-21 09:28:11.454506+00', 'password', '4eb6fcbe-e259-415d-b565-ecf85121049f'),
	('f316e31b-cb7b-4610-ae1a-cdb2f35633f3', '2025-08-21 09:28:16.715815+00', '2025-08-21 09:28:16.715815+00', 'password', '793cfcd8-a85c-4099-b622-4bb18bb438be'),
	('fe5fc791-86b4-42c9-b096-b771daad1a45', '2025-08-21 09:31:51.636974+00', '2025-08-21 09:31:51.636974+00', 'password', 'e466df96-fe1c-4b6d-864e-48dd1c65e691'),
	('a0da7b0f-944e-4c07-a5d8-76e67aab4684', '2025-08-21 09:32:09.521852+00', '2025-08-21 09:32:09.521852+00', 'password', '6e1a9344-4834-4fc3-bb6b-c2b0c06bdedb'),
	('adb1d289-d6dc-4619-ac06-174076236133', '2025-08-21 09:35:27.558694+00', '2025-08-21 09:35:27.558694+00', 'password', '8d83a8dc-825b-4fc6-ac30-0dfebfdd161a'),
	('62172d4e-d3d2-457b-a3ae-daeca3958c8d', '2025-08-21 09:35:34.337122+00', '2025-08-21 09:35:34.337122+00', 'password', '9d7718fd-41e5-4e22-a207-e4dd454daf5b'),
	('7f0fb410-ee54-4dad-a69c-eb29c19f238d', '2025-08-21 09:36:10.900829+00', '2025-08-21 09:36:10.900829+00', 'password', 'bf1f30a2-49eb-4f45-8add-6f6f66d59c26'),
	('a0ddd323-0e48-43c9-a0d6-cf2e1d55abb5', '2025-08-21 09:41:03.33565+00', '2025-08-21 09:41:03.33565+00', 'password', 'bfe2fc0e-6913-48db-aae6-6af3a0159994'),
	('7aeff655-5071-46c2-9d70-8c249fdad5e2', '2025-08-21 09:41:11.184856+00', '2025-08-21 09:41:11.184856+00', 'password', 'a2db11f1-bb08-42a9-b839-7daf639c45c4'),
	('c92cdbe3-4503-4150-b240-95fd284fdad1', '2025-08-21 09:46:37.144966+00', '2025-08-21 09:46:37.144966+00', 'password', '741ff777-bae4-436d-a3ac-633fb5478c21'),
	('846b929f-313e-4fb8-b5af-26aa2b5df345', '2025-08-21 09:47:03.703247+00', '2025-08-21 09:47:03.703247+00', 'password', 'a2a90198-48bf-4312-8d28-4971928b5f2f'),
	('fee38335-7533-420d-93ea-1abbd7d08ece', '2025-08-21 09:47:16.739013+00', '2025-08-21 09:47:16.739013+00', 'password', '841e0bff-2e4a-4c35-85db-542aa65f1600'),
	('e2978d26-6de9-4ba1-9c0b-ba90737a7d56', '2025-08-21 09:51:51.965287+00', '2025-08-21 09:51:51.965287+00', 'password', '0d0b72be-86cd-4d43-b726-60b05ba3eee4'),
	('bf8dd768-37be-45f7-b12f-1b6c13f3c956', '2025-08-21 09:52:04.442904+00', '2025-08-21 09:52:04.442904+00', 'password', '1f3e6293-3a53-4e25-b214-052878877734'),
	('bccd7e64-9ca7-4f9d-8f91-b03dfc36519d', '2025-08-21 09:56:55.312768+00', '2025-08-21 09:56:55.312768+00', 'password', 'bfd221dc-e6e0-4b2d-ac1d-dc3e1d3c222c'),
	('10cf1bf1-214c-4ea3-b113-3f3227ff77ef', '2025-08-21 09:57:37.34045+00', '2025-08-21 09:57:37.34045+00', 'password', '7e910a80-ce53-43ea-a809-4156bf808e1f'),
	('77141b82-dae6-45ba-92f2-227d95b62de3', '2025-08-21 09:57:44.87054+00', '2025-08-21 09:57:44.87054+00', 'password', 'e7c312d1-ed8a-419d-8c9c-6d97454d9807'),
	('f16e29ab-512b-43a0-b23f-b2c30a00433e', '2025-08-21 09:58:15.786667+00', '2025-08-21 09:58:15.786667+00', 'password', '6877ef53-7046-4905-aee5-4b38c8967c86'),
	('98d0d245-3842-4878-9d46-f331ae8ee019', '2025-08-21 09:58:44.443142+00', '2025-08-21 09:58:44.443142+00', 'password', '2b6c9767-8a4f-472f-b34c-e628b1417c4f'),
	('91ef4ef2-a6f2-4abb-853f-e700e6077b24', '2025-08-21 09:59:28.470532+00', '2025-08-21 09:59:28.470532+00', 'password', '2defe797-e92f-4b6b-9d38-5794c438264e'),
	('e6ae3e80-8b55-448e-9524-88f48cbe0996', '2025-08-21 09:59:41.333698+00', '2025-08-21 09:59:41.333698+00', 'password', 'c5dd89c0-595b-4d4a-b2bb-94ff559a8e81'),
	('7cebeddb-4b1c-44bb-938a-97f0a9b8291b', '2025-08-21 09:59:55.093926+00', '2025-08-21 09:59:55.093926+00', 'password', '01b213c0-176b-42eb-95ab-748dac805cd2'),
	('e675c7ad-c5bf-41d0-a66e-7674fdf585de', '2025-08-21 10:00:30.890651+00', '2025-08-21 10:00:30.890651+00', 'password', 'b5092464-5a51-4cec-9cf3-a9997ab1e279'),
	('8b62e3bb-1a23-46fa-8ac5-e5cb8b61522a', '2025-08-21 10:01:25.535032+00', '2025-08-21 10:01:25.535032+00', 'password', 'f4666e5c-2606-4c48-856d-b5036d733122'),
	('d240ae40-0f47-4ef2-bb19-e06f82550448', '2025-08-21 10:04:32.459639+00', '2025-08-21 10:04:32.459639+00', 'password', 'ca918068-d31d-44b3-a7be-8a0d8601fd85'),
	('71b1bb92-c3ce-4a45-9df4-b90b7ea7f3d4', '2025-08-21 10:04:42.491637+00', '2025-08-21 10:04:42.491637+00', 'password', '96bea485-ccdc-4627-9ce7-d4b6f6b50171'),
	('31bc51f1-9323-4e9b-980b-29cd2a257a88', '2025-08-21 10:04:52.713495+00', '2025-08-21 10:04:52.713495+00', 'password', '80ee07ed-21b3-496a-88a0-39d493853107'),
	('e85e6f03-a7b2-4fcc-aa49-78f92799b53d', '2025-08-21 10:15:34.496534+00', '2025-08-21 10:15:34.496534+00', 'password', '607ae754-4620-4df1-932b-88daf06ab62b'),
	('4435f462-d10b-4643-82ad-a6b42be5e0a0', '2025-08-21 10:51:00.170442+00', '2025-08-21 10:51:00.170442+00', 'password', '7db7d640-882b-402b-a7a3-45c705473546'),
	('2e46ea7c-6fc6-4920-9d19-f4846c9753e9', '2025-08-21 10:54:48.720684+00', '2025-08-21 10:54:48.720684+00', 'password', '1e5c0324-9bff-4408-9ef2-0d2c93200324'),
	('759d7cf0-e906-4f14-89a7-45f4c848a09f', '2025-08-21 10:54:58.208155+00', '2025-08-21 10:54:58.208155+00', 'password', '176fc0bb-d50b-4820-b990-3cb18b184ba1'),
	('41911d06-f4e6-45e5-aac6-7c1ee23e21a4', '2025-08-21 11:25:35.316698+00', '2025-08-21 11:25:35.316698+00', 'password', '77ca5d63-afab-45ed-af0c-d4a8983df718'),
	('f7df738d-a90c-4837-bd32-f736477944ba', '2025-08-21 11:36:58.700048+00', '2025-08-21 11:36:58.700048+00', 'password', '7cb372b4-abbe-4cee-9834-7199e5304ed4'),
	('fc3c4c06-d643-4ffa-b8db-85142524b06a', '2025-08-21 11:42:09.683103+00', '2025-08-21 11:42:09.683103+00', 'password', '4375a8f9-49fb-4780-967a-10254fddb5bd'),
	('2039849f-f37b-4bd5-8d9e-39d67c840269', '2025-08-21 11:50:38.288288+00', '2025-08-21 11:50:38.288288+00', 'password', '8f221954-ac12-4ece-b569-5bb406a338df'),
	('b81f3024-341d-4147-a063-eed6c843f372', '2025-08-21 12:00:32.807907+00', '2025-08-21 12:00:32.807907+00', 'password', '49b29643-1af3-4866-9e6a-f0a595829c89'),
	('3c7ce039-a09d-4b12-85c3-c83cc771f374', '2025-08-21 12:19:30.976721+00', '2025-08-21 12:19:30.976721+00', 'password', 'bcccfdf5-36c5-40d0-85aa-07a358009b8c'),
	('139e319e-9100-461b-b0fe-e7a9e8ea1c4b', '2025-08-21 12:30:33.854346+00', '2025-08-21 12:30:33.854346+00', 'password', 'fe96f5a9-27be-4eff-8747-99b7f7c50c87'),
	('3cf11543-5725-4a19-812d-067a7a3938ee', '2025-08-21 12:37:30.367174+00', '2025-08-21 12:37:30.367174+00', 'password', '15d22eb2-927e-4804-b310-5b5fa0796d65'),
	('91e80f25-b9a1-4a8f-b839-41761287e348', '2025-08-21 12:47:09.680144+00', '2025-08-21 12:47:09.680144+00', 'password', '917a2f2c-16b0-4c3d-a612-506b50928d96'),
	('ac16c2f2-3ad2-442e-af3e-a23416623857', '2025-08-21 13:03:44.898579+00', '2025-08-21 13:03:44.898579+00', 'password', '43091221-267a-4587-9545-ff8b4d686b0e'),
	('f8ece651-7600-4a01-843a-062ca010793b', '2025-08-21 14:27:19.852999+00', '2025-08-21 14:27:19.852999+00', 'password', '35231408-afba-4eac-906a-f80415f54fdc'),
	('18d5027a-fd49-43dd-9eaf-1ab8fa6722b9', '2025-08-21 15:16:32.96628+00', '2025-08-21 15:16:32.96628+00', 'password', 'cf33d17b-e593-4810-b30a-d9482de31ca4'),
	('3f90434b-22da-453f-ba90-6db05548abdd', '2025-08-21 19:43:09.28964+00', '2025-08-21 19:43:09.28964+00', 'password', '6e4d8168-bbd6-465b-9719-0ea841cbc12f'),
	('6f45ca5d-c7e3-48f2-ba8b-7d7972705a7f', '2025-08-21 21:11:21.209523+00', '2025-08-21 21:11:21.209523+00', 'password', '5c8fae5c-972b-48d4-9cb9-5c3bbe085c82'),
	('642165b1-9f65-43b7-a9e4-31c3a2e4e690', '2025-08-21 21:58:12.626338+00', '2025-08-21 21:58:12.626338+00', 'password', '5a9e8d0a-39e0-424c-9744-1da16867ddff'),
	('29d1ecb5-1e1c-4ea0-a9cb-1e798efe7036', '2025-08-21 22:24:29.237227+00', '2025-08-21 22:24:29.237227+00', 'password', '1156eba2-8d48-445c-8795-b520f7b990d8'),
	('6dfe031e-b764-4f47-aec4-86e9b56b7ed9', '2025-08-25 17:59:52.621202+00', '2025-08-25 17:59:52.621202+00', 'password', 'f3e2b2dc-9b77-4113-b437-c0bad2e9b6dd');


--
-- Data for Name: mfa_factors; Type: TABLE DATA; Schema: auth; Owner: supabase_auth_admin
--



--
-- Data for Name: mfa_challenges; Type: TABLE DATA; Schema: auth; Owner: supabase_auth_admin
--



--
-- Data for Name: oauth_clients; Type: TABLE DATA; Schema: auth; Owner: supabase_auth_admin
--



--
-- Data for Name: one_time_tokens; Type: TABLE DATA; Schema: auth; Owner: supabase_auth_admin
--



--
-- Data for Name: refresh_tokens; Type: TABLE DATA; Schema: auth; Owner: supabase_auth_admin
--

INSERT INTO "auth"."refresh_tokens" ("instance_id", "id", "token", "user_id", "revoked", "created_at", "updated_at", "parent", "session_id") VALUES
	('00000000-0000-0000-0000-000000000000', 196, 'po7vlua2w6it', '60bc8ec8-a502-4c69-bc14-052b33b52d85', true, '2025-08-21 10:02:43.159557+00', '2025-08-21 11:00:43.334059+00', NULL, 'e8e39f99-255e-4097-8d4e-45cdede3ef47'),
	('00000000-0000-0000-0000-000000000000', 280, '4jnkwtop4ndn', '60bc8ec8-a502-4c69-bc14-052b33b52d85', true, '2025-08-21 12:14:30.286138+00', '2025-08-21 13:12:30.53229+00', 'ddmxvyy3ciyl', 'be7c9db6-b54a-4d17-be15-ee13a410dd96'),
	('00000000-0000-0000-0000-000000000000', 201, 'aprz4ubtt3bd', '60bc8ec8-a502-4c69-bc14-052b33b52d85', true, '2025-08-21 10:15:34.492186+00', '2025-08-21 11:13:34.853284+00', NULL, 'e85e6f03-a7b2-4fcc-aa49-78f92799b53d'),
	('00000000-0000-0000-0000-000000000000', 283, 'izsphble7y64', '60bc8ec8-a502-4c69-bc14-052b33b52d85', true, '2025-08-21 12:27:40.392641+00', '2025-08-21 13:31:07.52214+00', NULL, '0441adf3-0caf-426d-9473-2851d8548581'),
	('00000000-0000-0000-0000-000000000000', 297, 'qwlri7mg5o42', '60bc8ec8-a502-4c69-bc14-052b33b52d85', true, '2025-08-21 12:41:08.098062+00', '2025-08-21 13:43:38.6056+00', 'rwmrdir4ds64', 'c92cdbe3-4503-4150-b240-95fd284fdad1'),
	('00000000-0000-0000-0000-000000000000', 210, 'gbzogvmvcmuc', '60bc8ec8-a502-4c69-bc14-052b33b52d85', true, '2025-08-21 10:47:14.727111+00', '2025-08-21 11:45:15.341462+00', 'ria6vxjlb2u5', '6e3c235c-12cf-4763-b547-ef060929a8f6'),
	('00000000-0000-0000-0000-000000000000', 330, 'wi27pmhrrhlw', '60bc8ec8-a502-4c69-bc14-052b33b52d85', true, '2025-08-21 13:00:29.017822+00', '2025-08-21 13:58:38.962539+00', NULL, '758a7519-ac1d-45fc-a353-d19c2f9c5aca'),
	('00000000-0000-0000-0000-000000000000', 211, 'ihblc4khr234', '60bc8ec8-a502-4c69-bc14-052b33b52d85', true, '2025-08-21 10:47:32.445942+00', '2025-08-21 11:45:32.580107+00', 'x33hqvao334e', 'd1b79949-5429-430f-9d56-37590e494545'),
	('00000000-0000-0000-0000-000000000000', 217, 'srcx32oaxiji', '60bc8ec8-a502-4c69-bc14-052b33b52d85', true, '2025-08-21 10:54:48.713777+00', '2025-08-21 11:52:48.478269+00', NULL, '2e46ea7c-6fc6-4920-9d19-f4846c9753e9'),
	('00000000-0000-0000-0000-000000000000', 218, 'nbqkdhqjgprp', '60bc8ec8-a502-4c69-bc14-052b33b52d85', true, '2025-08-21 10:54:55.200643+00', '2025-08-21 11:52:55.389244+00', 'nwxsrq7vw52q', 'bccd7e64-9ca7-4f9d-8f91-b03dfc36519d'),
	('00000000-0000-0000-0000-000000000000', 219, 'qqyh3t3apkto', '60bc8ec8-a502-4c69-bc14-052b33b52d85', true, '2025-08-21 10:54:58.206729+00', '2025-08-21 11:52:58.305915+00', NULL, '759d7cf0-e906-4f14-89a7-45f4c848a09f'),
	('00000000-0000-0000-0000-000000000000', 220, 'jzkwlcaignpd', '60bc8ec8-a502-4c69-bc14-052b33b52d85', true, '2025-08-21 10:55:37.385376+00', '2025-08-21 11:53:37.54912+00', 'qw3mkzvy2qj6', '10cf1bf1-214c-4ea3-b113-3f3227ff77ef'),
	('00000000-0000-0000-0000-000000000000', 164, 'zd7f3l74nolq', '60bc8ec8-a502-4c69-bc14-052b33b52d85', false, '2025-08-21 09:28:11.431496+00', '2025-08-21 09:28:11.431496+00', NULL, '4b239366-1de7-4150-869a-a774136f90a2'),
	('00000000-0000-0000-0000-000000000000', 165, 'y2vhyzsc6wsm', '60bc8ec8-a502-4c69-bc14-052b33b52d85', false, '2025-08-21 09:28:16.714276+00', '2025-08-21 09:28:16.714276+00', NULL, 'f316e31b-cb7b-4610-ae1a-cdb2f35633f3'),
	('00000000-0000-0000-0000-000000000000', 166, 'jgossnkurhid', '60bc8ec8-a502-4c69-bc14-052b33b52d85', false, '2025-08-21 09:28:51.577458+00', '2025-08-21 09:28:51.577458+00', NULL, 'b788dd2d-737b-488a-a4fe-e408e2dc22ce'),
	('00000000-0000-0000-0000-000000000000', 170, 'sohrgj7ribqd', '60bc8ec8-a502-4c69-bc14-052b33b52d85', false, '2025-08-21 09:35:27.545796+00', '2025-08-21 09:35:27.545796+00', NULL, 'adb1d289-d6dc-4619-ac06-174076236133'),
	('00000000-0000-0000-0000-000000000000', 171, 'fuj2ami577zo', '60bc8ec8-a502-4c69-bc14-052b33b52d85', false, '2025-08-21 09:35:34.334255+00', '2025-08-21 09:35:34.334255+00', NULL, '62172d4e-d3d2-457b-a3ae-daeca3958c8d'),
	('00000000-0000-0000-0000-000000000000', 172, 'kr5m6rsm63iw', '60bc8ec8-a502-4c69-bc14-052b33b52d85', false, '2025-08-21 09:36:10.898441+00', '2025-08-21 09:36:10.898441+00', NULL, '7f0fb410-ee54-4dad-a69c-eb29c19f238d'),
	('00000000-0000-0000-0000-000000000000', 177, 'bpeeekr6newj', '60bc8ec8-a502-4c69-bc14-052b33b52d85', false, '2025-08-21 09:43:37.622245+00', '2025-08-21 09:43:37.622245+00', NULL, '893a516d-4895-4fd6-83ac-0c7bfef2ded7'),
	('00000000-0000-0000-0000-000000000000', 221, 'xqdaigv63fg5', '60bc8ec8-a502-4c69-bc14-052b33b52d85', true, '2025-08-21 10:55:44.955063+00', '2025-08-21 11:53:45.122062+00', 'a2sulj4hdzsd', '77141b82-dae6-45ba-92f2-227d95b62de3'),
	('00000000-0000-0000-0000-000000000000', 183, 'rqj72gye63au', '60bc8ec8-a502-4c69-bc14-052b33b52d85', true, '2025-08-21 09:51:51.96261+00', '2025-08-21 10:49:52.153948+00', NULL, 'e2978d26-6de9-4ba1-9c0b-ba90737a7d56'),
	('00000000-0000-0000-0000-000000000000', 184, 'fpt3l3hl5lto', '60bc8ec8-a502-4c69-bc14-052b33b52d85', true, '2025-08-21 09:52:04.438976+00', '2025-08-21 10:50:04.60959+00', NULL, 'bf8dd768-37be-45f7-b12f-1b6c13f3c956'),
	('00000000-0000-0000-0000-000000000000', 222, 'zyd72orfail4', '60bc8ec8-a502-4c69-bc14-052b33b52d85', true, '2025-08-21 10:56:15.894919+00', '2025-08-21 11:54:16.046212+00', 'wgvp7y5dt3ez', 'f16e29ab-512b-43a0-b23f-b2c30a00433e'),
	('00000000-0000-0000-0000-000000000000', 223, '6xmdykeu3wcl', '60bc8ec8-a502-4c69-bc14-052b33b52d85', true, '2025-08-21 10:56:44.572234+00', '2025-08-21 11:54:44.875898+00', 'yp5p2sygywbg', '98d0d245-3842-4878-9d46-f331ae8ee019'),
	('00000000-0000-0000-0000-000000000000', 224, 'acnqsvg3fyzf', '60bc8ec8-a502-4c69-bc14-052b33b52d85', true, '2025-08-21 10:57:28.497471+00', '2025-08-21 11:55:28.759085+00', 'ecw4m2fnrdn2', '91ef4ef2-a6f2-4abb-853f-e700e6077b24'),
	('00000000-0000-0000-0000-000000000000', 225, '4eu2dr7onkxl', '60bc8ec8-a502-4c69-bc14-052b33b52d85', true, '2025-08-21 10:57:41.418137+00', '2025-08-21 11:55:41.688549+00', 'fevrtiakearc', 'e6ae3e80-8b55-448e-9524-88f48cbe0996'),
	('00000000-0000-0000-0000-000000000000', 226, '5ikj33nce72o', '60bc8ec8-a502-4c69-bc14-052b33b52d85', true, '2025-08-21 10:58:24.934468+00', '2025-08-21 11:56:25.107344+00', 'f3deoghkkb4f', '7cebeddb-4b1c-44bb-938a-97f0a9b8291b'),
	('00000000-0000-0000-0000-000000000000', 227, 's2svhwjihnlj', '60bc8ec8-a502-4c69-bc14-052b33b52d85', true, '2025-08-21 10:58:31.103945+00', '2025-08-21 11:56:31.266796+00', 'kb33izrgfuvk', 'e675c7ad-c5bf-41d0-a66e-7674fdf585de'),
	('00000000-0000-0000-0000-000000000000', 228, '7o6rppxvq4au', '60bc8ec8-a502-4c69-bc14-052b33b52d85', true, '2025-08-21 10:59:25.655081+00', '2025-08-21 11:57:25.778019+00', 'vyexufvfasui', '8b62e3bb-1a23-46fa-8ac5-e5cb8b61522a'),
	('00000000-0000-0000-0000-000000000000', 233, 'uixwwbe2nwxw', '60bc8ec8-a502-4c69-bc14-052b33b52d85', true, '2025-08-21 11:10:55.689826+00', '2025-08-21 12:08:55.854909+00', 'uodpdb5fhubi', 'd6e8a6ed-770e-4daa-9bae-af712bbae939'),
	('00000000-0000-0000-0000-000000000000', 236, 'koh4vhlqsoxs', '60bc8ec8-a502-4c69-bc14-052b33b52d85', true, '2025-08-21 11:25:35.30551+00', '2025-08-21 12:23:35.50294+00', NULL, '41911d06-f4e6-45e5-aac6-7c1ee23e21a4'),
	('00000000-0000-0000-0000-000000000000', 243, 'pbjgzteui32n', '60bc8ec8-a502-4c69-bc14-052b33b52d85', true, '2025-08-21 11:36:58.693759+00', '2025-08-21 12:34:58.88056+00', NULL, 'f7df738d-a90c-4837-bd32-f736477944ba'),
	('00000000-0000-0000-0000-000000000000', 250, 'brmlhtflr2gq', '60bc8ec8-a502-4c69-bc14-052b33b52d85', true, '2025-08-21 11:45:32.580561+00', '2025-08-21 12:43:32.96732+00', 'ihblc4khr234', 'd1b79949-5429-430f-9d56-37590e494545'),
	('00000000-0000-0000-0000-000000000000', 249, 'kp4gawhcxxlk', '60bc8ec8-a502-4c69-bc14-052b33b52d85', true, '2025-08-21 11:45:15.356446+00', '2025-08-21 12:43:45.061177+00', 'gbzogvmvcmuc', '6e3c235c-12cf-4763-b547-ef060929a8f6'),
	('00000000-0000-0000-0000-000000000000', 258, 'lwyf2nh7se4e', '60bc8ec8-a502-4c69-bc14-052b33b52d85', true, '2025-08-21 11:52:44.75019+00', '2025-08-21 12:50:44.844692+00', NULL, 'fb6d1668-d801-496b-bc5e-e54239a2ec9b'),
	('00000000-0000-0000-0000-000000000000', 259, 'r56s5zkn3h3n', '60bc8ec8-a502-4c69-bc14-052b33b52d85', true, '2025-08-21 11:52:48.479621+00', '2025-08-21 12:50:48.880712+00', 'srcx32oaxiji', '2e46ea7c-6fc6-4920-9d19-f4846c9753e9'),
	('00000000-0000-0000-0000-000000000000', 260, 'yg2x4grbur4c', '60bc8ec8-a502-4c69-bc14-052b33b52d85', true, '2025-08-21 11:52:55.389784+00', '2025-08-21 12:50:56.073534+00', 'nbqkdhqjgprp', 'bccd7e64-9ca7-4f9d-8f91-b03dfc36519d'),
	('00000000-0000-0000-0000-000000000000', 261, '3pkctgstq7uo', '60bc8ec8-a502-4c69-bc14-052b33b52d85', true, '2025-08-21 11:52:58.306294+00', '2025-08-21 12:50:58.467621+00', 'qqyh3t3apkto', '759d7cf0-e906-4f14-89a7-45f4c848a09f'),
	('00000000-0000-0000-0000-000000000000', 262, 'nsjixfeuzttn', '60bc8ec8-a502-4c69-bc14-052b33b52d85', true, '2025-08-21 11:53:37.549504+00', '2025-08-21 12:51:38.190693+00', 'jzkwlcaignpd', '10cf1bf1-214c-4ea3-b113-3f3227ff77ef'),
	('00000000-0000-0000-0000-000000000000', 263, 'lao6gxaweabq', '60bc8ec8-a502-4c69-bc14-052b33b52d85', true, '2025-08-21 11:53:45.122791+00', '2025-08-21 12:51:45.559995+00', 'xqdaigv63fg5', '77141b82-dae6-45ba-92f2-227d95b62de3'),
	('00000000-0000-0000-0000-000000000000', 264, 'n3g33cwfevpv', '60bc8ec8-a502-4c69-bc14-052b33b52d85', true, '2025-08-21 11:54:16.046673+00', '2025-08-21 12:52:16.241212+00', 'zyd72orfail4', 'f16e29ab-512b-43a0-b23f-b2c30a00433e'),
	('00000000-0000-0000-0000-000000000000', 265, '5vpygioi3pm4', '60bc8ec8-a502-4c69-bc14-052b33b52d85', true, '2025-08-21 11:54:44.883705+00', '2025-08-21 12:52:45.16505+00', '6xmdykeu3wcl', '98d0d245-3842-4878-9d46-f331ae8ee019'),
	('00000000-0000-0000-0000-000000000000', 266, 'k5wrlsqzldje', '60bc8ec8-a502-4c69-bc14-052b33b52d85', true, '2025-08-21 11:55:28.759406+00', '2025-08-21 12:53:28.909306+00', 'acnqsvg3fyzf', '91ef4ef2-a6f2-4abb-853f-e700e6077b24'),
	('00000000-0000-0000-0000-000000000000', 267, 'fchbhqatkdy7', '60bc8ec8-a502-4c69-bc14-052b33b52d85', true, '2025-08-21 11:55:41.688868+00', '2025-08-21 12:53:41.855689+00', '4eu2dr7onkxl', 'e6ae3e80-8b55-448e-9524-88f48cbe0996'),
	('00000000-0000-0000-0000-000000000000', 268, 'enlygmqilm74', '60bc8ec8-a502-4c69-bc14-052b33b52d85', true, '2025-08-21 11:56:00.114778+00', '2025-08-21 12:54:00.299207+00', NULL, '75f38cae-ea74-44e2-adc5-472ef6a45cc3'),
	('00000000-0000-0000-0000-000000000000', 269, 'dqkpcoeni6xa', '60bc8ec8-a502-4c69-bc14-052b33b52d85', true, '2025-08-21 11:56:25.107721+00', '2025-08-21 12:54:26.039788+00', '5ikj33nce72o', '7cebeddb-4b1c-44bb-938a-97f0a9b8291b'),
	('00000000-0000-0000-0000-000000000000', 270, 'wcgybj3hpyth', '60bc8ec8-a502-4c69-bc14-052b33b52d85', true, '2025-08-21 11:56:31.267094+00', '2025-08-21 12:54:31.446305+00', 's2svhwjihnlj', 'e675c7ad-c5bf-41d0-a66e-7674fdf585de'),
	('00000000-0000-0000-0000-000000000000', 271, 'fsjzigdzotnn', '60bc8ec8-a502-4c69-bc14-052b33b52d85', true, '2025-08-21 11:57:25.779461+00', '2025-08-21 12:55:26.092538+00', '7o6rppxvq4au', '8b62e3bb-1a23-46fa-8ac5-e5cb8b61522a'),
	('00000000-0000-0000-0000-000000000000', 278, 'bbcrs3kndeab', '60bc8ec8-a502-4c69-bc14-052b33b52d85', true, '2025-08-21 12:08:55.857154+00', '2025-08-21 13:06:56.205554+00', 'uixwwbe2nwxw', 'd6e8a6ed-770e-4daa-9bae-af712bbae939'),
	('00000000-0000-0000-0000-000000000000', 198, 'sajnsrr6gxon', '60bc8ec8-a502-4c69-bc14-052b33b52d85', true, '2025-08-21 10:04:42.490241+00', '2025-08-21 11:02:42.73517+00', NULL, '71b1bb92-c3ce-4a45-9df4-b90b7ea7f3d4'),
	('00000000-0000-0000-0000-000000000000', 199, 'egwrkssd6t3r', '60bc8ec8-a502-4c69-bc14-052b33b52d85', true, '2025-08-21 10:04:52.712166+00', '2025-08-21 11:02:53.102088+00', NULL, '31bc51f1-9323-4e9b-980b-29cd2a257a88'),
	('00000000-0000-0000-0000-000000000000', 197, 'zsqgq5nqqmhl', '60bc8ec8-a502-4c69-bc14-052b33b52d85', true, '2025-08-21 10:04:32.449063+00', '2025-08-21 11:03:02.241977+00', NULL, 'd240ae40-0f47-4ef2-bb19-e06f82550448'),
	('00000000-0000-0000-0000-000000000000', 281, 'qez4yaawrnj6', '60bc8ec8-a502-4c69-bc14-052b33b52d85', true, '2025-08-21 12:19:30.973152+00', '2025-08-21 13:17:31.478663+00', NULL, '3c7ce039-a09d-4b12-85c3-c83cc771f374'),
	('00000000-0000-0000-0000-000000000000', 202, 'yueg6yfeitws', '60bc8ec8-a502-4c69-bc14-052b33b52d85', true, '2025-08-21 10:32:51.428062+00', '2025-08-21 11:30:51.344767+00', NULL, '8e414041-89e4-4fe5-a71a-794468133ec1'),
	('00000000-0000-0000-0000-000000000000', 286, 'agwdebzd3crd', '60bc8ec8-a502-4c69-bc14-052b33b52d85', true, '2025-08-21 12:29:18.345422+00', '2025-08-21 13:31:07.445495+00', '5oria3dagqhz', 'ab9cae35-6b53-4fb7-862b-42207f8a25b8'),
	('00000000-0000-0000-0000-000000000000', 203, '6qj4ews4lqca', '60bc8ec8-a502-4c69-bc14-052b33b52d85', true, '2025-08-21 10:33:06.755039+00', '2025-08-21 11:31:06.759943+00', NULL, 'ac45e2ab-6af6-49b9-9b52-5e752c866907'),
	('00000000-0000-0000-0000-000000000000', 300, '6753vkgggmjd', '60bc8ec8-a502-4c69-bc14-052b33b52d85', true, '2025-08-21 12:42:27.472335+00', '2025-08-21 13:43:38.60715+00', NULL, '18196ddc-d21d-4641-b537-b2c8a20e0ece'),
	('00000000-0000-0000-0000-000000000000', 204, 'hkgandw7zqh7', '60bc8ec8-a502-4c69-bc14-052b33b52d85', true, '2025-08-21 10:33:18.110683+00', '2025-08-21 11:31:18.255909+00', NULL, 'ab9cae35-6b53-4fb7-862b-42207f8a25b8'),
	('00000000-0000-0000-0000-000000000000', 298, 'qwhqmirltxkm', '60bc8ec8-a502-4c69-bc14-052b33b52d85', true, '2025-08-21 12:41:47.180686+00', '2025-08-21 13:43:38.60798+00', 'a25a33siltih', 'fee38335-7533-420d-93ea-1abbd7d08ece'),
	('00000000-0000-0000-0000-000000000000', 167, 'cg4zky7pfw7l', '60bc8ec8-a502-4c69-bc14-052b33b52d85', false, '2025-08-21 09:31:51.632026+00', '2025-08-21 09:31:51.632026+00', NULL, 'fe5fc791-86b4-42c9-b096-b771daad1a45'),
	('00000000-0000-0000-0000-000000000000', 168, 'ev3ch63tgn4q', '60bc8ec8-a502-4c69-bc14-052b33b52d85', false, '2025-08-21 09:32:09.520549+00', '2025-08-21 09:32:09.520549+00', NULL, 'a0da7b0f-944e-4c07-a5d8-76e67aab4684'),
	('00000000-0000-0000-0000-000000000000', 173, 'o4gpt4zoslfe', '60bc8ec8-a502-4c69-bc14-052b33b52d85', false, '2025-08-21 09:38:25.152444+00', '2025-08-21 09:38:25.152444+00', NULL, 'df2c33a8-5372-493c-ba62-bdc2042fe029'),
	('00000000-0000-0000-0000-000000000000', 174, 'kggtmfcl35hv', '60bc8ec8-a502-4c69-bc14-052b33b52d85', false, '2025-08-21 09:38:34.733737+00', '2025-08-21 09:38:34.733737+00', NULL, 'f2544603-b6f6-4c85-9b59-b5c3a6242e67'),
	('00000000-0000-0000-0000-000000000000', 205, 'ttfq4757im6f', '60bc8ec8-a502-4c69-bc14-052b33b52d85', true, '2025-08-21 10:33:24.063172+00', '2025-08-21 11:31:54.220474+00', NULL, 'a6b97176-6569-4c87-a837-e17f66c9fd1d'),
	('00000000-0000-0000-0000-000000000000', 299, 'd2j7dh6sndsn', '60bc8ec8-a502-4c69-bc14-052b33b52d85', true, '2025-08-21 12:42:03.06752+00', '2025-08-21 13:43:38.607234+00', NULL, '34db76e1-9759-4a01-97b9-253aafbee881'),
	('00000000-0000-0000-0000-000000000000', 206, 'lyvxahjton4q', '60bc8ec8-a502-4c69-bc14-052b33b52d85', true, '2025-08-21 10:34:23.186053+00', '2025-08-21 11:32:23.348364+00', NULL, '6ad9063c-ffa8-4216-a67c-7d884847340a'),
	('00000000-0000-0000-0000-000000000000', 293, 'wkgqqloxdheq', '60bc8ec8-a502-4c69-bc14-052b33b52d85', true, '2025-08-21 12:37:30.364992+00', '2025-08-21 13:43:38.605238+00', NULL, '3cf11543-5725-4a19-812d-067a7a3938ee'),
	('00000000-0000-0000-0000-000000000000', 303, 'rwsasfowahoz', '60bc8ec8-a502-4c69-bc14-052b33b52d85', true, '2025-08-21 12:45:52.443434+00', '2025-08-21 13:44:08.397978+00', 'rtdcrzo252r7', 'e2978d26-6de9-4ba1-9c0b-ba90737a7d56'),
	('00000000-0000-0000-0000-000000000000', 304, 'wqsurlsar634', '60bc8ec8-a502-4c69-bc14-052b33b52d85', true, '2025-08-21 12:46:05.444316+00', '2025-08-21 13:44:08.402948+00', 'mhbdxxmox5us', 'bf8dd768-37be-45f7-b12f-1b6c13f3c956'),
	('00000000-0000-0000-0000-000000000000', 305, 'x3wciyufe7q5', '60bc8ec8-a502-4c69-bc14-052b33b52d85', true, '2025-08-21 12:46:13.036913+00', '2025-08-21 13:44:38.338341+00', '4ijbzjhkd2q4', '5732074d-317f-4d30-9d8b-0a06af385664'),
	('00000000-0000-0000-0000-000000000000', 306, 'p5y6eut6npu4', '60bc8ec8-a502-4c69-bc14-052b33b52d85', true, '2025-08-21 12:47:00.585546+00', '2025-08-21 13:45:08.413655+00', '2cmoxhpfldoc', '4435f462-d10b-4643-82ad-a6b42be5e0a0'),
	('00000000-0000-0000-0000-000000000000', 307, 'p7h5yjk3hsos', '60bc8ec8-a502-4c69-bc14-052b33b52d85', true, '2025-08-21 12:47:09.678831+00', '2025-08-21 13:45:38.464835+00', NULL, '91e80f25-b9a1-4a8f-b839-41761287e348'),
	('00000000-0000-0000-0000-000000000000', 311, '4seushakmvvk', '60bc8ec8-a502-4c69-bc14-052b33b52d85', true, '2025-08-21 12:50:44.848115+00', '2025-08-21 13:49:08.512485+00', 'lwyf2nh7se4e', 'fb6d1668-d801-496b-bc5e-e54239a2ec9b'),
	('00000000-0000-0000-0000-000000000000', 313, 'uecz2pq7ok6t', '60bc8ec8-a502-4c69-bc14-052b33b52d85', true, '2025-08-21 12:50:56.07389+00', '2025-08-21 13:49:08.542633+00', 'yg2x4grbur4c', 'bccd7e64-9ca7-4f9d-8f91-b03dfc36519d'),
	('00000000-0000-0000-0000-000000000000', 312, '3ozgg4yarrcv', '60bc8ec8-a502-4c69-bc14-052b33b52d85', true, '2025-08-21 12:50:48.881741+00', '2025-08-21 13:49:08.542522+00', 'r56s5zkn3h3n', '2e46ea7c-6fc6-4920-9d19-f4846c9753e9'),
	('00000000-0000-0000-0000-000000000000', 179, 't2wo4gl7q3rh', '60bc8ec8-a502-4c69-bc14-052b33b52d85', true, '2025-08-21 09:47:03.701782+00', '2025-08-21 10:45:04.46338+00', NULL, '846b929f-313e-4fb8-b5af-26aa2b5df345'),
	('00000000-0000-0000-0000-000000000000', 178, '2vkrt26u35z6', '60bc8ec8-a502-4c69-bc14-052b33b52d85', true, '2025-08-21 09:46:37.14128+00', '2025-08-21 10:45:07.559192+00', NULL, 'c92cdbe3-4503-4150-b240-95fd284fdad1'),
	('00000000-0000-0000-0000-000000000000', 180, 'ayw3e4f73zyt', '60bc8ec8-a502-4c69-bc14-052b33b52d85', true, '2025-08-21 09:47:16.737548+00', '2025-08-21 10:45:16.844186+00', NULL, 'fee38335-7533-420d-93ea-1abbd7d08ece'),
	('00000000-0000-0000-0000-000000000000', 185, '6rq3gvdxnkin', '60bc8ec8-a502-4c69-bc14-052b33b52d85', true, '2025-08-21 09:55:14.834535+00', '2025-08-21 10:53:14.92626+00', NULL, '7ff656f2-1c47-47c5-ad1d-2029c253d82c'),
	('00000000-0000-0000-0000-000000000000', 212, 't5mltwag6gj7', '60bc8ec8-a502-4c69-bc14-052b33b52d85', true, '2025-08-21 10:49:52.155428+00', '2025-08-21 11:47:52.245517+00', 'rqj72gye63au', 'e2978d26-6de9-4ba1-9c0b-ba90737a7d56'),
	('00000000-0000-0000-0000-000000000000', 213, 'rc4bdnnrmf4w', '60bc8ec8-a502-4c69-bc14-052b33b52d85', true, '2025-08-21 10:50:04.609993+00', '2025-08-21 11:48:04.704551+00', 'fpt3l3hl5lto', 'bf8dd768-37be-45f7-b12f-1b6c13f3c956'),
	('00000000-0000-0000-0000-000000000000', 214, 'apu6zk62gt35', '60bc8ec8-a502-4c69-bc14-052b33b52d85', true, '2025-08-21 10:51:00.165274+00', '2025-08-21 11:49:00.298218+00', NULL, '4435f462-d10b-4643-82ad-a6b42be5e0a0'),
	('00000000-0000-0000-0000-000000000000', 229, 'tkrlz2oofzim', '60bc8ec8-a502-4c69-bc14-052b33b52d85', true, '2025-08-21 11:00:43.334893+00', '2025-08-21 11:58:43.46864+00', 'po7vlua2w6it', 'e8e39f99-255e-4097-8d4e-45cdede3ef47'),
	('00000000-0000-0000-0000-000000000000', 234, 'ndhcwtupkf4t', '60bc8ec8-a502-4c69-bc14-052b33b52d85', true, '2025-08-21 11:13:34.862053+00', '2025-08-21 12:11:34.852929+00', 'aprz4ubtt3bd', 'e85e6f03-a7b2-4fcc-aa49-78f92799b53d'),
	('00000000-0000-0000-0000-000000000000', 237, 'e7hc3ybtfxaq', '60bc8ec8-a502-4c69-bc14-052b33b52d85', true, '2025-08-21 11:30:51.347011+00', '2025-08-21 12:28:51.428824+00', 'yueg6yfeitws', '8e414041-89e4-4fe5-a71a-794468133ec1'),
	('00000000-0000-0000-0000-000000000000', 238, 'hq33di65xez2', '60bc8ec8-a502-4c69-bc14-052b33b52d85', true, '2025-08-21 11:31:06.760362+00', '2025-08-21 12:29:06.968595+00', '6qj4ews4lqca', 'ac45e2ab-6af6-49b9-9b52-5e752c866907'),
	('00000000-0000-0000-0000-000000000000', 239, '5oria3dagqhz', '60bc8ec8-a502-4c69-bc14-052b33b52d85', true, '2025-08-21 11:31:18.256358+00', '2025-08-21 12:29:18.345017+00', 'hkgandw7zqh7', 'ab9cae35-6b53-4fb7-862b-42207f8a25b8'),
	('00000000-0000-0000-0000-000000000000', 240, 'qabmvxuh3vlu', '60bc8ec8-a502-4c69-bc14-052b33b52d85', true, '2025-08-21 11:31:54.220921+00', '2025-08-21 12:29:54.432549+00', 'ttfq4757im6f', 'a6b97176-6569-4c87-a837-e17f66c9fd1d'),
	('00000000-0000-0000-0000-000000000000', 241, 'c5mg5i7qkcat', '60bc8ec8-a502-4c69-bc14-052b33b52d85', true, '2025-08-21 11:32:23.349373+00', '2025-08-21 12:30:23.593353+00', 'lyvxahjton4q', '6ad9063c-ffa8-4216-a67c-7d884847340a'),
	('00000000-0000-0000-0000-000000000000', 244, '7qimsevznicn', '60bc8ec8-a502-4c69-bc14-052b33b52d85', true, '2025-08-21 11:40:06.988785+00', '2025-08-21 12:38:37.07084+00', NULL, 'b30989f4-defb-4242-affa-d55a4dae5e6d'),
	('00000000-0000-0000-0000-000000000000', 251, 'rtdcrzo252r7', '60bc8ec8-a502-4c69-bc14-052b33b52d85', true, '2025-08-21 11:47:52.246567+00', '2025-08-21 12:45:52.440061+00', 't5mltwag6gj7', 'e2978d26-6de9-4ba1-9c0b-ba90737a7d56'),
	('00000000-0000-0000-0000-000000000000', 252, 'mhbdxxmox5us', '60bc8ec8-a502-4c69-bc14-052b33b52d85', true, '2025-08-21 11:48:04.704939+00', '2025-08-21 12:46:05.443919+00', 'rc4bdnnrmf4w', 'bf8dd768-37be-45f7-b12f-1b6c13f3c956'),
	('00000000-0000-0000-0000-000000000000', 253, '4ijbzjhkd2q4', '60bc8ec8-a502-4c69-bc14-052b33b52d85', true, '2025-08-21 11:48:12.882543+00', '2025-08-21 12:46:13.035816+00', NULL, '5732074d-317f-4d30-9d8b-0a06af385664'),
	('00000000-0000-0000-0000-000000000000', 254, '2cmoxhpfldoc', '60bc8ec8-a502-4c69-bc14-052b33b52d85', true, '2025-08-21 11:49:00.298906+00', '2025-08-21 12:47:00.585158+00', 'apu6zk62gt35', '4435f462-d10b-4643-82ad-a6b42be5e0a0'),
	('00000000-0000-0000-0000-000000000000', 272, 'jcksvapmrwxd', '60bc8ec8-a502-4c69-bc14-052b33b52d85', true, '2025-08-21 11:58:43.469438+00', '2025-08-21 12:56:44.163857+00', 'tkrlz2oofzim', 'e8e39f99-255e-4097-8d4e-45cdede3ef47'),
	('00000000-0000-0000-0000-000000000000', 195, 'vyexufvfasui', '60bc8ec8-a502-4c69-bc14-052b33b52d85', true, '2025-08-21 10:01:25.533893+00', '2025-08-21 10:59:25.65461+00', NULL, '8b62e3bb-1a23-46fa-8ac5-e5cb8b61522a'),
	('00000000-0000-0000-0000-000000000000', 277, 'e7nwf4p27kck', '60bc8ec8-a502-4c69-bc14-052b33b52d85', true, '2025-08-21 12:03:29.956184+00', '2025-08-21 13:01:30.195695+00', NULL, 'f04d5c65-a346-47bc-9b1f-d73c66bf1f00'),
	('00000000-0000-0000-0000-000000000000', 282, 'vzkznta4lc3y', '60bc8ec8-a502-4c69-bc14-052b33b52d85', true, '2025-08-21 12:23:35.505434+00', '2025-08-21 13:31:07.474807+00', 'koh4vhlqsoxs', '41911d06-f4e6-45e5-aac6-7c1ee23e21a4'),
	('00000000-0000-0000-0000-000000000000', 200, 'uodpdb5fhubi', '60bc8ec8-a502-4c69-bc14-052b33b52d85', true, '2025-08-21 10:12:55.675068+00', '2025-08-21 11:10:55.687651+00', NULL, 'd6e8a6ed-770e-4daa-9bae-af712bbae939'),
	('00000000-0000-0000-0000-000000000000', 291, 'gazhbdxq7lew', '60bc8ec8-a502-4c69-bc14-052b33b52d85', true, '2025-08-21 12:33:17.477388+00', '2025-08-21 13:31:37.285479+00', NULL, 'cd252c79-a4f5-4c82-8895-5a0f988b70b9'),
	('00000000-0000-0000-0000-000000000000', 294, 'd7kkfaet3tu4', '60bc8ec8-a502-4c69-bc14-052b33b52d85', true, '2025-08-21 12:38:37.07167+00', '2025-08-21 13:43:38.603072+00', '7qimsevznicn', 'b30989f4-defb-4242-affa-d55a4dae5e6d'),
	('00000000-0000-0000-0000-000000000000', 301, 'eewookkjsg5n', '60bc8ec8-a502-4c69-bc14-052b33b52d85', true, '2025-08-21 12:43:32.968181+00', '2025-08-21 13:43:38.603508+00', 'brmlhtflr2gq', 'd1b79949-5429-430f-9d56-37590e494545'),
	('00000000-0000-0000-0000-000000000000', 207, 'x2jtwxmoiu2f', '60bc8ec8-a502-4c69-bc14-052b33b52d85', true, '2025-08-21 10:45:04.483444+00', '2025-08-21 11:43:04.421119+00', 't2wo4gl7q3rh', '846b929f-313e-4fb8-b5af-26aa2b5df345'),
	('00000000-0000-0000-0000-000000000000', 308, 'wrpfsgbvvxlj', '60bc8ec8-a502-4c69-bc14-052b33b52d85', true, '2025-08-21 12:48:38.399959+00', '2025-08-21 13:46:38.41866+00', 'g77zdw5wu2yn', '2039849f-f37b-4bd5-8d9e-39d67c840269'),
	('00000000-0000-0000-0000-000000000000', 208, 'znpy45mlisp4', '60bc8ec8-a502-4c69-bc14-052b33b52d85', true, '2025-08-21 10:45:07.559572+00', '2025-08-21 11:43:07.278259+00', '2vkrt26u35z6', 'c92cdbe3-4503-4150-b240-95fd284fdad1'),
	('00000000-0000-0000-0000-000000000000', 309, 'pu7vk4zgu2m6', '60bc8ec8-a502-4c69-bc14-052b33b52d85', true, '2025-08-21 12:49:01.144013+00', '2025-08-21 13:47:08.542024+00', 'skf2hbprlcpf', '50ea08bc-e1a7-455a-96a1-410a063fa288'),
	('00000000-0000-0000-0000-000000000000', 209, '7p3mmzfspbgp', '60bc8ec8-a502-4c69-bc14-052b33b52d85', true, '2025-08-21 10:45:16.845312+00', '2025-08-21 11:43:17.012883+00', 'ayw3e4f73zyt', 'fee38335-7533-420d-93ea-1abbd7d08ece'),
	('00000000-0000-0000-0000-000000000000', 169, 'j2tosvwvkzoc', '60bc8ec8-a502-4c69-bc14-052b33b52d85', false, '2025-08-21 09:33:41.602899+00', '2025-08-21 09:33:41.602899+00', NULL, '21020230-53df-42de-ac34-db6c1338d14f'),
	('00000000-0000-0000-0000-000000000000', 175, 'gobgjvtpsqai', '60bc8ec8-a502-4c69-bc14-052b33b52d85', false, '2025-08-21 09:41:03.309091+00', '2025-08-21 09:41:03.309091+00', NULL, 'a0ddd323-0e48-43c9-a0d6-cf2e1d55abb5'),
	('00000000-0000-0000-0000-000000000000', 310, 'jh74dew7jele', '60bc8ec8-a502-4c69-bc14-052b33b52d85', true, '2025-08-21 12:49:15.554823+00', '2025-08-21 13:47:38.474896+00', 'pyjdw3myi6au', '7ff656f2-1c47-47c5-ad1d-2029c253d82c'),
	('00000000-0000-0000-0000-000000000000', 176, 'xdoeh46fb6ss', '60bc8ec8-a502-4c69-bc14-052b33b52d85', false, '2025-08-21 09:41:11.183343+00', '2025-08-21 09:41:11.183343+00', NULL, '7aeff655-5071-46c2-9d70-8c249fdad5e2'),
	('00000000-0000-0000-0000-000000000000', 314, 'kzl52s67ety6', '60bc8ec8-a502-4c69-bc14-052b33b52d85', true, '2025-08-21 12:50:58.468073+00', '2025-08-21 13:49:08.543716+00', '3pkctgstq7uo', '759d7cf0-e906-4f14-89a7-45f4c848a09f'),
	('00000000-0000-0000-0000-000000000000', 215, '736kxhndtt7e', '60bc8ec8-a502-4c69-bc14-052b33b52d85', true, '2025-08-21 10:53:00.804221+00', '2025-08-21 11:51:00.842054+00', NULL, '50ea08bc-e1a7-455a-96a1-410a063fa288'),
	('00000000-0000-0000-0000-000000000000', 315, '23ubn7if2v7c', '60bc8ec8-a502-4c69-bc14-052b33b52d85', true, '2025-08-21 12:51:38.191132+00', '2025-08-21 13:49:39.113193+00', 'nsjixfeuzttn', '10cf1bf1-214c-4ea3-b113-3f3227ff77ef'),
	('00000000-0000-0000-0000-000000000000', 216, '63jvuy5klzzh', '60bc8ec8-a502-4c69-bc14-052b33b52d85', true, '2025-08-21 10:53:14.938677+00', '2025-08-21 11:51:14.891072+00', '6rq3gvdxnkin', '7ff656f2-1c47-47c5-ad1d-2029c253d82c'),
	('00000000-0000-0000-0000-000000000000', 316, 'pq7tpfx442ke', '60bc8ec8-a502-4c69-bc14-052b33b52d85', true, '2025-08-21 12:51:45.560359+00', '2025-08-21 13:50:08.588097+00', 'lao6gxaweabq', '77141b82-dae6-45ba-92f2-227d95b62de3'),
	('00000000-0000-0000-0000-000000000000', 317, 'umx6xuqeiy5d', '60bc8ec8-a502-4c69-bc14-052b33b52d85', true, '2025-08-21 12:52:16.241576+00', '2025-08-21 13:50:38.579798+00', 'n3g33cwfevpv', 'f16e29ab-512b-43a0-b23f-b2c30a00433e'),
	('00000000-0000-0000-0000-000000000000', 230, 'fzxcpzxl7cry', '60bc8ec8-a502-4c69-bc14-052b33b52d85', true, '2025-08-21 11:02:42.735972+00', '2025-08-21 12:00:42.814404+00', 'sajnsrr6gxon', '71b1bb92-c3ce-4a45-9df4-b90b7ea7f3d4'),
	('00000000-0000-0000-0000-000000000000', 318, 'ejxhaa5oameg', '60bc8ec8-a502-4c69-bc14-052b33b52d85', true, '2025-08-21 12:52:45.176534+00', '2025-08-21 13:51:08.597679+00', '5vpygioi3pm4', '98d0d245-3842-4878-9d46-f331ae8ee019'),
	('00000000-0000-0000-0000-000000000000', 231, 'rwevd5z7ikpo', '60bc8ec8-a502-4c69-bc14-052b33b52d85', true, '2025-08-21 11:02:53.102482+00', '2025-08-21 12:00:53.426837+00', 'egwrkssd6t3r', '31bc51f1-9323-4e9b-980b-29cd2a257a88'),
	('00000000-0000-0000-0000-000000000000', 331, 'q5ngi7sta7oa', '60bc8ec8-a502-4c69-bc14-052b33b52d85', true, '2025-08-21 13:01:30.20488+00', '2025-08-21 13:59:38.918649+00', 'e7nwf4p27kck', 'f04d5c65-a346-47bc-9b1f-d73c66bf1f00'),
	('00000000-0000-0000-0000-000000000000', 232, 'prwwmuppx47l', '60bc8ec8-a502-4c69-bc14-052b33b52d85', true, '2025-08-21 11:03:02.243312+00', '2025-08-21 12:01:02.36798+00', 'zsqgq5nqqmhl', 'd240ae40-0f47-4ef2-bb19-e06f82550448'),
	('00000000-0000-0000-0000-000000000000', 181, 'ria6vxjlb2u5', '60bc8ec8-a502-4c69-bc14-052b33b52d85', true, '2025-08-21 09:49:14.631642+00', '2025-08-21 10:47:14.726253+00', NULL, '6e3c235c-12cf-4763-b547-ef060929a8f6'),
	('00000000-0000-0000-0000-000000000000', 182, 'x33hqvao334e', '60bc8ec8-a502-4c69-bc14-052b33b52d85', true, '2025-08-21 09:49:32.420165+00', '2025-08-21 10:47:32.445515+00', NULL, 'd1b79949-5429-430f-9d56-37590e494545'),
	('00000000-0000-0000-0000-000000000000', 186, 'nwxsrq7vw52q', '60bc8ec8-a502-4c69-bc14-052b33b52d85', true, '2025-08-21 09:56:55.310494+00', '2025-08-21 10:54:55.199105+00', NULL, 'bccd7e64-9ca7-4f9d-8f91-b03dfc36519d'),
	('00000000-0000-0000-0000-000000000000', 187, 'qw3mkzvy2qj6', '60bc8ec8-a502-4c69-bc14-052b33b52d85', true, '2025-08-21 09:57:37.338382+00', '2025-08-21 10:55:37.384959+00', NULL, '10cf1bf1-214c-4ea3-b113-3f3227ff77ef'),
	('00000000-0000-0000-0000-000000000000', 188, 'a2sulj4hdzsd', '60bc8ec8-a502-4c69-bc14-052b33b52d85', true, '2025-08-21 09:57:44.867461+00', '2025-08-21 10:55:44.954598+00', NULL, '77141b82-dae6-45ba-92f2-227d95b62de3'),
	('00000000-0000-0000-0000-000000000000', 189, 'wgvp7y5dt3ez', '60bc8ec8-a502-4c69-bc14-052b33b52d85', true, '2025-08-21 09:58:15.784535+00', '2025-08-21 10:56:15.894524+00', NULL, 'f16e29ab-512b-43a0-b23f-b2c30a00433e'),
	('00000000-0000-0000-0000-000000000000', 190, 'yp5p2sygywbg', '60bc8ec8-a502-4c69-bc14-052b33b52d85', true, '2025-08-21 09:58:44.441731+00', '2025-08-21 10:56:44.57181+00', NULL, '98d0d245-3842-4878-9d46-f331ae8ee019'),
	('00000000-0000-0000-0000-000000000000', 191, 'ecw4m2fnrdn2', '60bc8ec8-a502-4c69-bc14-052b33b52d85', true, '2025-08-21 09:59:28.46905+00', '2025-08-21 10:57:28.497086+00', NULL, '91ef4ef2-a6f2-4abb-853f-e700e6077b24'),
	('00000000-0000-0000-0000-000000000000', 192, 'fevrtiakearc', '60bc8ec8-a502-4c69-bc14-052b33b52d85', true, '2025-08-21 09:59:41.33126+00', '2025-08-21 10:57:41.417738+00', NULL, 'e6ae3e80-8b55-448e-9524-88f48cbe0996'),
	('00000000-0000-0000-0000-000000000000', 193, 'f3deoghkkb4f', '60bc8ec8-a502-4c69-bc14-052b33b52d85', true, '2025-08-21 09:59:55.092601+00', '2025-08-21 10:58:24.934165+00', NULL, '7cebeddb-4b1c-44bb-938a-97f0a9b8291b'),
	('00000000-0000-0000-0000-000000000000', 194, 'kb33izrgfuvk', '60bc8ec8-a502-4c69-bc14-052b33b52d85', true, '2025-08-21 10:00:30.889448+00', '2025-08-21 10:58:31.10276+00', NULL, 'e675c7ad-c5bf-41d0-a66e-7674fdf585de'),
	('00000000-0000-0000-0000-000000000000', 235, 'ddmxvyy3ciyl', '60bc8ec8-a502-4c69-bc14-052b33b52d85', true, '2025-08-21 11:16:30.134572+00', '2025-08-21 12:14:30.283502+00', NULL, 'be7c9db6-b54a-4d17-be15-ee13a410dd96'),
	('00000000-0000-0000-0000-000000000000', 242, 'klq6z6qgzbcl', '60bc8ec8-a502-4c69-bc14-052b33b52d85', true, '2025-08-21 11:34:16.120989+00', '2025-08-21 12:32:46.225549+00', NULL, '204dd0fb-8f2e-42c6-b687-093438a20183'),
	('00000000-0000-0000-0000-000000000000', 245, 'bgjimbau4dsb', '60bc8ec8-a502-4c69-bc14-052b33b52d85', true, '2025-08-21 11:42:09.680692+00', '2025-08-21 12:40:09.811824+00', NULL, 'fc3c4c06-d643-4ffa-b8db-85142524b06a'),
	('00000000-0000-0000-0000-000000000000', 246, 'pt7oxnetblhf', '60bc8ec8-a502-4c69-bc14-052b33b52d85', true, '2025-08-21 11:43:04.422435+00', '2025-08-21 12:41:04.697358+00', 'x2jtwxmoiu2f', '846b929f-313e-4fb8-b5af-26aa2b5df345'),
	('00000000-0000-0000-0000-000000000000', 247, 'rwmrdir4ds64', '60bc8ec8-a502-4c69-bc14-052b33b52d85', true, '2025-08-21 11:43:07.278604+00', '2025-08-21 12:41:08.097638+00', 'znpy45mlisp4', 'c92cdbe3-4503-4150-b240-95fd284fdad1'),
	('00000000-0000-0000-0000-000000000000', 248, 'a25a33siltih', '60bc8ec8-a502-4c69-bc14-052b33b52d85', true, '2025-08-21 11:43:17.013275+00', '2025-08-21 12:41:47.180302+00', '7p3mmzfspbgp', 'fee38335-7533-420d-93ea-1abbd7d08ece'),
	('00000000-0000-0000-0000-000000000000', 255, 'g77zdw5wu2yn', '60bc8ec8-a502-4c69-bc14-052b33b52d85', true, '2025-08-21 11:50:38.285668+00', '2025-08-21 12:48:38.398484+00', NULL, '2039849f-f37b-4bd5-8d9e-39d67c840269'),
	('00000000-0000-0000-0000-000000000000', 256, 'skf2hbprlcpf', '60bc8ec8-a502-4c69-bc14-052b33b52d85', true, '2025-08-21 11:51:00.842875+00', '2025-08-21 12:49:01.143207+00', '736kxhndtt7e', '50ea08bc-e1a7-455a-96a1-410a063fa288'),
	('00000000-0000-0000-0000-000000000000', 257, 'pyjdw3myi6au', '60bc8ec8-a502-4c69-bc14-052b33b52d85', true, '2025-08-21 11:51:14.8915+00', '2025-08-21 12:49:15.554477+00', '63jvuy5klzzh', '7ff656f2-1c47-47c5-ad1d-2029c253d82c'),
	('00000000-0000-0000-0000-000000000000', 273, '2otzk6bzihtb', '60bc8ec8-a502-4c69-bc14-052b33b52d85', true, '2025-08-21 12:00:32.803989+00', '2025-08-21 12:58:32.849731+00', NULL, 'b81f3024-341d-4147-a063-eed6c843f372'),
	('00000000-0000-0000-0000-000000000000', 274, 'gsq6ejkuq6jo', '60bc8ec8-a502-4c69-bc14-052b33b52d85', true, '2025-08-21 12:00:42.815113+00', '2025-08-21 12:58:43.170587+00', 'fzxcpzxl7cry', '71b1bb92-c3ce-4a45-9df4-b90b7ea7f3d4'),
	('00000000-0000-0000-0000-000000000000', 275, 'a6pj5swfd24h', '60bc8ec8-a502-4c69-bc14-052b33b52d85', true, '2025-08-21 12:00:53.427276+00', '2025-08-21 12:58:53.583254+00', 'rwevd5z7ikpo', '31bc51f1-9323-4e9b-980b-29cd2a257a88'),
	('00000000-0000-0000-0000-000000000000', 276, 'beaytodywrzi', '60bc8ec8-a502-4c69-bc14-052b33b52d85', true, '2025-08-21 12:01:02.368446+00', '2025-08-21 12:59:02.53454+00', 'prwwmuppx47l', 'd240ae40-0f47-4ef2-bb19-e06f82550448'),
	('00000000-0000-0000-0000-000000000000', 279, 'ifeh46qvam44', '60bc8ec8-a502-4c69-bc14-052b33b52d85', true, '2025-08-21 12:11:34.85464+00', '2025-08-21 13:09:35.561352+00', 'ndhcwtupkf4t', 'e85e6f03-a7b2-4fcc-aa49-78f92799b53d'),
	('00000000-0000-0000-0000-000000000000', 287, 'jpggmqzjwmqu', '60bc8ec8-a502-4c69-bc14-052b33b52d85', true, '2025-08-21 12:29:54.434089+00', '2025-08-21 13:31:07.446193+00', 'qabmvxuh3vlu', 'a6b97176-6569-4c87-a837-e17f66c9fd1d'),
	('00000000-0000-0000-0000-000000000000', 337, 'p4lsmdsxiiue', '60bc8ec8-a502-4c69-bc14-052b33b52d85', false, '2025-08-21 13:31:07.457299+00', '2025-08-21 13:31:07.457299+00', 'jpggmqzjwmqu', 'a6b97176-6569-4c87-a837-e17f66c9fd1d'),
	('00000000-0000-0000-0000-000000000000', 338, 'zpydkmbbutqm', '60bc8ec8-a502-4c69-bc14-052b33b52d85', false, '2025-08-21 13:31:07.457407+00', '2025-08-21 13:31:07.457407+00', 'agwdebzd3crd', 'ab9cae35-6b53-4fb7-862b-42207f8a25b8'),
	('00000000-0000-0000-0000-000000000000', 339, '6jfzjh3kjbjg', '60bc8ec8-a502-4c69-bc14-052b33b52d85', false, '2025-08-21 13:31:07.47838+00', '2025-08-21 13:31:07.47838+00', 'vzkznta4lc3y', '41911d06-f4e6-45e5-aac6-7c1ee23e21a4'),
	('00000000-0000-0000-0000-000000000000', 290, 'efhlfhd32pci', '60bc8ec8-a502-4c69-bc14-052b33b52d85', true, '2025-08-21 12:32:46.226525+00', '2025-08-21 13:31:07.490693+00', 'klq6z6qgzbcl', '204dd0fb-8f2e-42c6-b687-093438a20183'),
	('00000000-0000-0000-0000-000000000000', 288, 'e2642ufkyqdo', '60bc8ec8-a502-4c69-bc14-052b33b52d85', true, '2025-08-21 12:30:23.593766+00', '2025-08-21 13:31:07.492009+00', 'c5mg5i7qkcat', '6ad9063c-ffa8-4216-a67c-7d884847340a'),
	('00000000-0000-0000-0000-000000000000', 340, 'f77hzahuuvjf', '60bc8ec8-a502-4c69-bc14-052b33b52d85', false, '2025-08-21 13:31:07.49355+00', '2025-08-21 13:31:07.49355+00', 'efhlfhd32pci', '204dd0fb-8f2e-42c6-b687-093438a20183'),
	('00000000-0000-0000-0000-000000000000', 341, 'x5fvoz7h5fyr', '60bc8ec8-a502-4c69-bc14-052b33b52d85', false, '2025-08-21 13:31:07.494817+00', '2025-08-21 13:31:07.494817+00', 'e2642ufkyqdo', '6ad9063c-ffa8-4216-a67c-7d884847340a'),
	('00000000-0000-0000-0000-000000000000', 284, '7xz6g2xeu4bd', '60bc8ec8-a502-4c69-bc14-052b33b52d85', true, '2025-08-21 12:28:51.429597+00', '2025-08-21 13:31:07.496675+00', 'e7hc3ybtfxaq', '8e414041-89e4-4fe5-a71a-794468133ec1'),
	('00000000-0000-0000-0000-000000000000', 342, 'sajvoyv7joct', '60bc8ec8-a502-4c69-bc14-052b33b52d85', false, '2025-08-21 13:31:07.501379+00', '2025-08-21 13:31:07.501379+00', '7xz6g2xeu4bd', '8e414041-89e4-4fe5-a71a-794468133ec1'),
	('00000000-0000-0000-0000-000000000000', 285, 'gdiulmvzfxow', '60bc8ec8-a502-4c69-bc14-052b33b52d85', true, '2025-08-21 12:29:06.968974+00', '2025-08-21 13:31:07.515731+00', 'hq33di65xez2', 'ac45e2ab-6af6-49b9-9b52-5e752c866907'),
	('00000000-0000-0000-0000-000000000000', 289, 'x4bvxjfi7dgt', '60bc8ec8-a502-4c69-bc14-052b33b52d85', true, '2025-08-21 12:30:33.853039+00', '2025-08-21 13:31:07.516504+00', NULL, '139e319e-9100-461b-b0fe-e7a9e8ea1c4b'),
	('00000000-0000-0000-0000-000000000000', 343, 'yh5ltub66cau', '60bc8ec8-a502-4c69-bc14-052b33b52d85', false, '2025-08-21 13:31:07.5174+00', '2025-08-21 13:31:07.5174+00', 'gdiulmvzfxow', 'ac45e2ab-6af6-49b9-9b52-5e752c866907'),
	('00000000-0000-0000-0000-000000000000', 344, 'm7h4uk5qziwt', '60bc8ec8-a502-4c69-bc14-052b33b52d85', false, '2025-08-21 13:31:07.517678+00', '2025-08-21 13:31:07.517678+00', 'x4bvxjfi7dgt', '139e319e-9100-461b-b0fe-e7a9e8ea1c4b'),
	('00000000-0000-0000-0000-000000000000', 345, 'y56jbzwcn6zg', '60bc8ec8-a502-4c69-bc14-052b33b52d85', false, '2025-08-21 13:31:07.523619+00', '2025-08-21 13:31:07.523619+00', 'izsphble7y64', '0441adf3-0caf-426d-9473-2851d8548581'),
	('00000000-0000-0000-0000-000000000000', 346, 'pfvuyelaqhlp', '60bc8ec8-a502-4c69-bc14-052b33b52d85', false, '2025-08-21 13:31:37.285886+00', '2025-08-21 13:31:37.285886+00', 'gazhbdxq7lew', 'cd252c79-a4f5-4c82-8895-5a0f988b70b9'),
	('00000000-0000-0000-0000-000000000000', 296, '5zg43wj46sjb', '60bc8ec8-a502-4c69-bc14-052b33b52d85', true, '2025-08-21 12:41:04.697735+00', '2025-08-21 13:43:38.604705+00', 'pt7oxnetblhf', '846b929f-313e-4fb8-b5af-26aa2b5df345'),
	('00000000-0000-0000-0000-000000000000', 295, 'ykl6ja6mmu6c', '60bc8ec8-a502-4c69-bc14-052b33b52d85', true, '2025-08-21 12:40:09.813701+00', '2025-08-21 13:43:38.608704+00', 'bgjimbau4dsb', 'fc3c4c06-d643-4ffa-b8db-85142524b06a'),
	('00000000-0000-0000-0000-000000000000', 302, 'rc7ul276mu6a', '60bc8ec8-a502-4c69-bc14-052b33b52d85', true, '2025-08-21 12:43:45.062458+00', '2025-08-21 13:43:38.610726+00', 'kp4gawhcxxlk', '6e3c235c-12cf-4763-b547-ef060929a8f6'),
	('00000000-0000-0000-0000-000000000000', 347, 'nt7ds63kdzc5', '60bc8ec8-a502-4c69-bc14-052b33b52d85', false, '2025-08-21 13:43:38.615579+00', '2025-08-21 13:43:38.615579+00', 'qwhqmirltxkm', 'fee38335-7533-420d-93ea-1abbd7d08ece'),
	('00000000-0000-0000-0000-000000000000', 348, 'qyvfukwvkeyz', '60bc8ec8-a502-4c69-bc14-052b33b52d85', false, '2025-08-21 13:43:38.615928+00', '2025-08-21 13:43:38.615928+00', 'd7kkfaet3tu4', 'b30989f4-defb-4242-affa-d55a4dae5e6d'),
	('00000000-0000-0000-0000-000000000000', 349, 'kj5p3t7tsj67', '60bc8ec8-a502-4c69-bc14-052b33b52d85', false, '2025-08-21 13:43:38.61608+00', '2025-08-21 13:43:38.61608+00', '6753vkgggmjd', '18196ddc-d21d-4641-b537-b2c8a20e0ece'),
	('00000000-0000-0000-0000-000000000000', 350, 'on3abkxeljkk', '60bc8ec8-a502-4c69-bc14-052b33b52d85', false, '2025-08-21 13:43:38.615484+00', '2025-08-21 13:43:38.615484+00', 'd2j7dh6sndsn', '34db76e1-9759-4a01-97b9-253aafbee881'),
	('00000000-0000-0000-0000-000000000000', 351, 'c43obf3mhk74', '60bc8ec8-a502-4c69-bc14-052b33b52d85', false, '2025-08-21 13:43:38.617391+00', '2025-08-21 13:43:38.617391+00', 'ykl6ja6mmu6c', 'fc3c4c06-d643-4ffa-b8db-85142524b06a'),
	('00000000-0000-0000-0000-000000000000', 352, '5evzyur5n2no', '60bc8ec8-a502-4c69-bc14-052b33b52d85', false, '2025-08-21 13:43:38.616602+00', '2025-08-21 13:43:38.616602+00', 'rc7ul276mu6a', '6e3c235c-12cf-4763-b547-ef060929a8f6'),
	('00000000-0000-0000-0000-000000000000', 353, 'zhe572zojasn', '60bc8ec8-a502-4c69-bc14-052b33b52d85', false, '2025-08-21 13:43:38.615364+00', '2025-08-21 13:43:38.615364+00', '5zg43wj46sjb', '846b929f-313e-4fb8-b5af-26aa2b5df345'),
	('00000000-0000-0000-0000-000000000000', 354, 'u3tnlepwkrvx', '60bc8ec8-a502-4c69-bc14-052b33b52d85', false, '2025-08-21 13:43:38.617081+00', '2025-08-21 13:43:38.617081+00', 'wkgqqloxdheq', '3cf11543-5725-4a19-812d-067a7a3938ee'),
	('00000000-0000-0000-0000-000000000000', 355, 'vprufxdck6ue', '60bc8ec8-a502-4c69-bc14-052b33b52d85', false, '2025-08-21 13:43:38.617285+00', '2025-08-21 13:43:38.617285+00', 'qwlri7mg5o42', 'c92cdbe3-4503-4150-b240-95fd284fdad1'),
	('00000000-0000-0000-0000-000000000000', 356, 'ntzzzolnpv6b', '60bc8ec8-a502-4c69-bc14-052b33b52d85', false, '2025-08-21 13:43:38.616706+00', '2025-08-21 13:43:38.616706+00', 'eewookkjsg5n', 'd1b79949-5429-430f-9d56-37590e494545'),
	('00000000-0000-0000-0000-000000000000', 292, 'pdja7zmsnons', '60bc8ec8-a502-4c69-bc14-052b33b52d85', true, '2025-08-21 12:34:58.883773+00', '2025-08-21 13:43:38.638692+00', 'pbjgzteui32n', 'f7df738d-a90c-4837-bd32-f736477944ba'),
	('00000000-0000-0000-0000-000000000000', 357, 'a6hofthkbp43', '60bc8ec8-a502-4c69-bc14-052b33b52d85', false, '2025-08-21 13:43:38.639575+00', '2025-08-21 13:43:38.639575+00', 'pdja7zmsnons', 'f7df738d-a90c-4837-bd32-f736477944ba'),
	('00000000-0000-0000-0000-000000000000', 358, 'qjvbohtyd6yu', '60bc8ec8-a502-4c69-bc14-052b33b52d85', false, '2025-08-21 13:44:08.398367+00', '2025-08-21 13:44:08.398367+00', 'rwsasfowahoz', 'e2978d26-6de9-4ba1-9c0b-ba90737a7d56'),
	('00000000-0000-0000-0000-000000000000', 359, 'arqo2zm52rcb', '60bc8ec8-a502-4c69-bc14-052b33b52d85', false, '2025-08-21 13:44:08.403372+00', '2025-08-21 13:44:08.403372+00', 'wqsurlsar634', 'bf8dd768-37be-45f7-b12f-1b6c13f3c956'),
	('00000000-0000-0000-0000-000000000000', 360, 'ifzqe7fchxua', '60bc8ec8-a502-4c69-bc14-052b33b52d85', false, '2025-08-21 13:44:38.342136+00', '2025-08-21 13:44:38.342136+00', 'x3wciyufe7q5', '5732074d-317f-4d30-9d8b-0a06af385664'),
	('00000000-0000-0000-0000-000000000000', 320, 'iameyatfvb3s', '60bc8ec8-a502-4c69-bc14-052b33b52d85', true, '2025-08-21 12:53:41.856053+00', '2025-08-21 13:52:08.717565+00', 'fchbhqatkdy7', 'e6ae3e80-8b55-448e-9524-88f48cbe0996'),
	('00000000-0000-0000-0000-000000000000', 321, 'vqtxs7hthmoh', '60bc8ec8-a502-4c69-bc14-052b33b52d85', true, '2025-08-21 12:54:00.300245+00', '2025-08-21 13:52:08.773311+00', 'enlygmqilm74', '75f38cae-ea74-44e2-adc5-472ef6a45cc3'),
	('00000000-0000-0000-0000-000000000000', 322, 'y6p2wtq5rmf3', '60bc8ec8-a502-4c69-bc14-052b33b52d85', true, '2025-08-21 12:54:26.042695+00', '2025-08-21 13:52:38.660888+00', 'dqkpcoeni6xa', '7cebeddb-4b1c-44bb-938a-97f0a9b8291b'),
	('00000000-0000-0000-0000-000000000000', 323, 'kymwhj54kake', '60bc8ec8-a502-4c69-bc14-052b33b52d85', true, '2025-08-21 12:54:31.446669+00', '2025-08-21 13:52:38.679832+00', 'wcgybj3hpyth', 'e675c7ad-c5bf-41d0-a66e-7674fdf585de'),
	('00000000-0000-0000-0000-000000000000', 324, 'uyykbz5oxqod', '60bc8ec8-a502-4c69-bc14-052b33b52d85', true, '2025-08-21 12:55:26.092962+00', '2025-08-21 13:53:38.795753+00', 'fsjzigdzotnn', '8b62e3bb-1a23-46fa-8ac5-e5cb8b61522a'),
	('00000000-0000-0000-0000-000000000000', 325, 'nypr3tgow6nn', '60bc8ec8-a502-4c69-bc14-052b33b52d85', true, '2025-08-21 12:56:44.166468+00', '2025-08-21 13:55:08.979211+00', 'jcksvapmrwxd', 'e8e39f99-255e-4097-8d4e-45cdede3ef47'),
	('00000000-0000-0000-0000-000000000000', 326, 'ir3mdbkjhd2h', '60bc8ec8-a502-4c69-bc14-052b33b52d85', true, '2025-08-21 12:58:32.850545+00', '2025-08-21 13:56:38.917575+00', '2otzk6bzihtb', 'b81f3024-341d-4147-a063-eed6c843f372'),
	('00000000-0000-0000-0000-000000000000', 327, 'blakbsqvp3xh', '60bc8ec8-a502-4c69-bc14-052b33b52d85', true, '2025-08-21 12:58:43.171013+00', '2025-08-21 13:57:08.835137+00', 'gsq6ejkuq6jo', '71b1bb92-c3ce-4a45-9df4-b90b7ea7f3d4'),
	('00000000-0000-0000-0000-000000000000', 329, 'y6roikhqonyp', '60bc8ec8-a502-4c69-bc14-052b33b52d85', true, '2025-08-21 12:59:02.534953+00', '2025-08-21 13:57:09.001133+00', 'beaytodywrzi', 'd240ae40-0f47-4ef2-bb19-e06f82550448'),
	('00000000-0000-0000-0000-000000000000', 328, 'edu3cx2yhm3d', '60bc8ec8-a502-4c69-bc14-052b33b52d85', true, '2025-08-21 12:58:53.583639+00', '2025-08-21 13:57:09.014847+00', 'a6pj5swfd24h', '31bc51f1-9323-4e9b-980b-29cd2a257a88'),
	('00000000-0000-0000-0000-000000000000', 332, 'n3lad2duyppt', '60bc8ec8-a502-4c69-bc14-052b33b52d85', true, '2025-08-21 13:03:44.890595+00', '2025-08-21 14:02:09.21831+00', NULL, 'ac16c2f2-3ad2-442e-af3e-a23416623857'),
	('00000000-0000-0000-0000-000000000000', 333, 'fgfje5ji45jx', '60bc8ec8-a502-4c69-bc14-052b33b52d85', true, '2025-08-21 13:06:56.207125+00', '2025-08-21 14:05:09.131152+00', 'bbcrs3kndeab', 'd6e8a6ed-770e-4daa-9bae-af712bbae939'),
	('00000000-0000-0000-0000-000000000000', 334, 'efixuhtbynvi', '60bc8ec8-a502-4c69-bc14-052b33b52d85', true, '2025-08-21 13:09:35.564887+00', '2025-08-21 14:07:39.203914+00', 'ifeh46qvam44', 'e85e6f03-a7b2-4fcc-aa49-78f92799b53d'),
	('00000000-0000-0000-0000-000000000000', 335, 'fhsmggypy5mr', '60bc8ec8-a502-4c69-bc14-052b33b52d85', true, '2025-08-21 13:12:30.533137+00', '2025-08-21 14:10:39.165782+00', '4jnkwtop4ndn', 'be7c9db6-b54a-4d17-be15-ee13a410dd96'),
	('00000000-0000-0000-0000-000000000000', 336, 'tnj5pcvyaphi', '60bc8ec8-a502-4c69-bc14-052b33b52d85', true, '2025-08-21 13:17:31.482717+00', '2025-08-21 14:15:39.304814+00', 'qez4yaawrnj6', '3c7ce039-a09d-4b12-85c3-c83cc771f374'),
	('00000000-0000-0000-0000-000000000000', 361, 'iclc7zfo6kju', '60bc8ec8-a502-4c69-bc14-052b33b52d85', false, '2025-08-21 13:45:08.415285+00', '2025-08-21 13:45:08.415285+00', 'p5y6eut6npu4', '4435f462-d10b-4643-82ad-a6b42be5e0a0'),
	('00000000-0000-0000-0000-000000000000', 362, 'twnh6nygq6of', '60bc8ec8-a502-4c69-bc14-052b33b52d85', false, '2025-08-21 13:45:38.465273+00', '2025-08-21 13:45:38.465273+00', 'p7h5yjk3hsos', '91e80f25-b9a1-4a8f-b839-41761287e348'),
	('00000000-0000-0000-0000-000000000000', 363, 'wq2shcup2vc6', '60bc8ec8-a502-4c69-bc14-052b33b52d85', false, '2025-08-21 13:46:38.418991+00', '2025-08-21 13:46:38.418991+00', 'wrpfsgbvvxlj', '2039849f-f37b-4bd5-8d9e-39d67c840269'),
	('00000000-0000-0000-0000-000000000000', 364, 'xegnozco6qre', '60bc8ec8-a502-4c69-bc14-052b33b52d85', false, '2025-08-21 13:47:08.542361+00', '2025-08-21 13:47:08.542361+00', 'pu7vk4zgu2m6', '50ea08bc-e1a7-455a-96a1-410a063fa288'),
	('00000000-0000-0000-0000-000000000000', 365, 'omtnegzkzsv7', '60bc8ec8-a502-4c69-bc14-052b33b52d85', false, '2025-08-21 13:47:38.47532+00', '2025-08-21 13:47:38.47532+00', 'jh74dew7jele', '7ff656f2-1c47-47c5-ad1d-2029c253d82c'),
	('00000000-0000-0000-0000-000000000000', 366, '4e5mqc7zihwl', '60bc8ec8-a502-4c69-bc14-052b33b52d85', false, '2025-08-21 13:49:08.513552+00', '2025-08-21 13:49:08.513552+00', '4seushakmvvk', 'fb6d1668-d801-496b-bc5e-e54239a2ec9b'),
	('00000000-0000-0000-0000-000000000000', 367, 'gjoxolltflmh', '60bc8ec8-a502-4c69-bc14-052b33b52d85', false, '2025-08-21 13:49:08.54412+00', '2025-08-21 13:49:08.54412+00', 'uecz2pq7ok6t', 'bccd7e64-9ca7-4f9d-8f91-b03dfc36519d'),
	('00000000-0000-0000-0000-000000000000', 368, 'qvngcnsf76ef', '60bc8ec8-a502-4c69-bc14-052b33b52d85', false, '2025-08-21 13:49:08.544001+00', '2025-08-21 13:49:08.544001+00', '3ozgg4yarrcv', '2e46ea7c-6fc6-4920-9d19-f4846c9753e9'),
	('00000000-0000-0000-0000-000000000000', 369, 'wkyhc64nvgn5', '60bc8ec8-a502-4c69-bc14-052b33b52d85', false, '2025-08-21 13:49:08.544822+00', '2025-08-21 13:49:08.544822+00', 'kzl52s67ety6', '759d7cf0-e906-4f14-89a7-45f4c848a09f'),
	('00000000-0000-0000-0000-000000000000', 370, 'dn4ffdlookxv', '60bc8ec8-a502-4c69-bc14-052b33b52d85', false, '2025-08-21 13:49:39.114998+00', '2025-08-21 13:49:39.114998+00', '23ubn7if2v7c', '10cf1bf1-214c-4ea3-b113-3f3227ff77ef'),
	('00000000-0000-0000-0000-000000000000', 371, 'zlx6neioopyq', '60bc8ec8-a502-4c69-bc14-052b33b52d85', false, '2025-08-21 13:50:08.588507+00', '2025-08-21 13:50:08.588507+00', 'pq7tpfx442ke', '77141b82-dae6-45ba-92f2-227d95b62de3'),
	('00000000-0000-0000-0000-000000000000', 372, 'kgf3e2pb7js5', '60bc8ec8-a502-4c69-bc14-052b33b52d85', false, '2025-08-21 13:50:38.580199+00', '2025-08-21 13:50:38.580199+00', 'umx6xuqeiy5d', 'f16e29ab-512b-43a0-b23f-b2c30a00433e'),
	('00000000-0000-0000-0000-000000000000', 373, 'swozkeuojzn4', '60bc8ec8-a502-4c69-bc14-052b33b52d85', false, '2025-08-21 13:51:08.598077+00', '2025-08-21 13:51:08.598077+00', 'ejxhaa5oameg', '98d0d245-3842-4878-9d46-f331ae8ee019'),
	('00000000-0000-0000-0000-000000000000', 319, 'sciuwribk4a6', '60bc8ec8-a502-4c69-bc14-052b33b52d85', true, '2025-08-21 12:53:28.909623+00', '2025-08-21 13:51:38.721198+00', 'k5wrlsqzldje', '91ef4ef2-a6f2-4abb-853f-e700e6077b24'),
	('00000000-0000-0000-0000-000000000000', 374, 'oa6btcoa7z2o', '60bc8ec8-a502-4c69-bc14-052b33b52d85', false, '2025-08-21 13:51:38.72155+00', '2025-08-21 13:51:38.72155+00', 'sciuwribk4a6', '91ef4ef2-a6f2-4abb-853f-e700e6077b24'),
	('00000000-0000-0000-0000-000000000000', 375, 'ksmgtchh2bv7', '60bc8ec8-a502-4c69-bc14-052b33b52d85', false, '2025-08-21 13:52:08.717926+00', '2025-08-21 13:52:08.717926+00', 'iameyatfvb3s', 'e6ae3e80-8b55-448e-9524-88f48cbe0996'),
	('00000000-0000-0000-0000-000000000000', 376, '6s3nedxialt5', '60bc8ec8-a502-4c69-bc14-052b33b52d85', false, '2025-08-21 13:52:08.773606+00', '2025-08-21 13:52:08.773606+00', 'vqtxs7hthmoh', '75f38cae-ea74-44e2-adc5-472ef6a45cc3'),
	('00000000-0000-0000-0000-000000000000', 377, 'kiux6kvr2ya7', '60bc8ec8-a502-4c69-bc14-052b33b52d85', false, '2025-08-21 13:52:38.661405+00', '2025-08-21 13:52:38.661405+00', 'y6p2wtq5rmf3', '7cebeddb-4b1c-44bb-938a-97f0a9b8291b'),
	('00000000-0000-0000-0000-000000000000', 378, 'ywparsdxbooz', '60bc8ec8-a502-4c69-bc14-052b33b52d85', false, '2025-08-21 13:52:38.680655+00', '2025-08-21 13:52:38.680655+00', 'kymwhj54kake', 'e675c7ad-c5bf-41d0-a66e-7674fdf585de'),
	('00000000-0000-0000-0000-000000000000', 379, 'lnjjvl3ymjju', '60bc8ec8-a502-4c69-bc14-052b33b52d85', false, '2025-08-21 13:53:38.796141+00', '2025-08-21 13:53:38.796141+00', 'uyykbz5oxqod', '8b62e3bb-1a23-46fa-8ac5-e5cb8b61522a'),
	('00000000-0000-0000-0000-000000000000', 380, 'frk2bghefyha', '60bc8ec8-a502-4c69-bc14-052b33b52d85', false, '2025-08-21 13:53:42.882757+00', '2025-08-21 13:53:42.882757+00', NULL, '42d4d518-a9f1-496a-96be-8e61948a3ccf'),
	('00000000-0000-0000-0000-000000000000', 381, '4wgu7ln62bk2', '60bc8ec8-a502-4c69-bc14-052b33b52d85', false, '2025-08-21 13:55:08.985963+00', '2025-08-21 13:55:08.985963+00', 'nypr3tgow6nn', 'e8e39f99-255e-4097-8d4e-45cdede3ef47'),
	('00000000-0000-0000-0000-000000000000', 382, 'shvav2w4t6ry', '60bc8ec8-a502-4c69-bc14-052b33b52d85', false, '2025-08-21 13:56:38.918357+00', '2025-08-21 13:56:38.918357+00', 'ir3mdbkjhd2h', 'b81f3024-341d-4147-a063-eed6c843f372'),
	('00000000-0000-0000-0000-000000000000', 383, '45q2uqogfmpo', '60bc8ec8-a502-4c69-bc14-052b33b52d85', false, '2025-08-21 13:57:08.835493+00', '2025-08-21 13:57:08.835493+00', 'blakbsqvp3xh', '71b1bb92-c3ce-4a45-9df4-b90b7ea7f3d4'),
	('00000000-0000-0000-0000-000000000000', 384, 'ayo4xwhlp3un', '60bc8ec8-a502-4c69-bc14-052b33b52d85', false, '2025-08-21 13:57:09.001842+00', '2025-08-21 13:57:09.001842+00', 'y6roikhqonyp', 'd240ae40-0f47-4ef2-bb19-e06f82550448'),
	('00000000-0000-0000-0000-000000000000', 385, '3suisde6da4p', '60bc8ec8-a502-4c69-bc14-052b33b52d85', false, '2025-08-21 13:57:09.015669+00', '2025-08-21 13:57:09.015669+00', 'edu3cx2yhm3d', '31bc51f1-9323-4e9b-980b-29cd2a257a88'),
	('00000000-0000-0000-0000-000000000000', 386, 'hze56hnem5ns', '60bc8ec8-a502-4c69-bc14-052b33b52d85', false, '2025-08-21 13:58:38.963287+00', '2025-08-21 13:58:38.963287+00', 'wi27pmhrrhlw', '758a7519-ac1d-45fc-a353-d19c2f9c5aca'),
	('00000000-0000-0000-0000-000000000000', 387, '52dm54qknk5e', '60bc8ec8-a502-4c69-bc14-052b33b52d85', false, '2025-08-21 13:59:38.922234+00', '2025-08-21 13:59:38.922234+00', 'q5ngi7sta7oa', 'f04d5c65-a346-47bc-9b1f-d73c66bf1f00'),
	('00000000-0000-0000-0000-000000000000', 388, '7cbgu7oursv2', '60bc8ec8-a502-4c69-bc14-052b33b52d85', false, '2025-08-21 14:02:09.219093+00', '2025-08-21 14:02:09.219093+00', 'n3lad2duyppt', 'ac16c2f2-3ad2-442e-af3e-a23416623857'),
	('00000000-0000-0000-0000-000000000000', 389, 'zak7sbywycu2', '60bc8ec8-a502-4c69-bc14-052b33b52d85', false, '2025-08-21 14:05:09.137084+00', '2025-08-21 14:05:09.137084+00', 'fgfje5ji45jx', 'd6e8a6ed-770e-4daa-9bae-af712bbae939'),
	('00000000-0000-0000-0000-000000000000', 390, 'ryaxa6al7r7p', '60bc8ec8-a502-4c69-bc14-052b33b52d85', false, '2025-08-21 14:07:39.204692+00', '2025-08-21 14:07:39.204692+00', 'efixuhtbynvi', 'e85e6f03-a7b2-4fcc-aa49-78f92799b53d'),
	('00000000-0000-0000-0000-000000000000', 391, 'da422g4hempm', '60bc8ec8-a502-4c69-bc14-052b33b52d85', false, '2025-08-21 14:10:39.170002+00', '2025-08-21 14:10:39.170002+00', 'fhsmggypy5mr', 'be7c9db6-b54a-4d17-be15-ee13a410dd96'),
	('00000000-0000-0000-0000-000000000000', 392, 'eqxqrp6chszp', '60bc8ec8-a502-4c69-bc14-052b33b52d85', false, '2025-08-21 14:15:39.308658+00', '2025-08-21 14:15:39.308658+00', 'tnj5pcvyaphi', '3c7ce039-a09d-4b12-85c3-c83cc771f374'),
	('00000000-0000-0000-0000-000000000000', 393, 'orrcb3iewde3', '60bc8ec8-a502-4c69-bc14-052b33b52d85', false, '2025-08-21 14:27:19.845135+00', '2025-08-21 14:27:19.845135+00', NULL, 'f8ece651-7600-4a01-843a-062ca010793b'),
	('00000000-0000-0000-0000-000000000000', 394, 'm3bldtnwklep', '60bc8ec8-a502-4c69-bc14-052b33b52d85', true, '2025-08-21 15:13:25.078097+00', '2025-08-21 17:29:57.913102+00', NULL, 'd700a0df-1d2e-41ab-b7e7-84ca0151e958'),
	('00000000-0000-0000-0000-000000000000', 395, 'myw23dyts3zr', '60bc8ec8-a502-4c69-bc14-052b33b52d85', true, '2025-08-21 15:16:32.952031+00', '2025-08-21 17:29:57.911793+00', NULL, '18d5027a-fd49-43dd-9eaf-1ab8fa6722b9'),
	('00000000-0000-0000-0000-000000000000', 398, 'lxzwmcz67vaj', '60bc8ec8-a502-4c69-bc14-052b33b52d85', true, '2025-08-21 18:20:25.524647+00', '2025-08-21 19:32:05.877223+00', NULL, 'bdcd35a6-fdee-47dc-a598-d45e14829e98'),
	('00000000-0000-0000-0000-000000000000', 397, 'rxidost4cn2z', '60bc8ec8-a502-4c69-bc14-052b33b52d85', true, '2025-08-21 17:29:57.935245+00', '2025-08-21 19:32:05.876993+00', 'm3bldtnwklep', 'd700a0df-1d2e-41ab-b7e7-84ca0151e958'),
	('00000000-0000-0000-0000-000000000000', 396, 'i2us2olavtlw', '60bc8ec8-a502-4c69-bc14-052b33b52d85', true, '2025-08-21 17:29:57.935246+00', '2025-08-21 19:32:05.876538+00', 'myw23dyts3zr', '18d5027a-fd49-43dd-9eaf-1ab8fa6722b9'),
	('00000000-0000-0000-0000-000000000000', 399, 'bn24qddtxu3x', '60bc8ec8-a502-4c69-bc14-052b33b52d85', false, '2025-08-21 19:32:05.894812+00', '2025-08-21 19:32:05.894812+00', 'i2us2olavtlw', '18d5027a-fd49-43dd-9eaf-1ab8fa6722b9'),
	('00000000-0000-0000-0000-000000000000', 400, 'dyohh3gjtzqv', '60bc8ec8-a502-4c69-bc14-052b33b52d85', false, '2025-08-21 19:32:05.894804+00', '2025-08-21 19:32:05.894804+00', 'lxzwmcz67vaj', 'bdcd35a6-fdee-47dc-a598-d45e14829e98'),
	('00000000-0000-0000-0000-000000000000', 401, 'qyihb27ppxwj', '60bc8ec8-a502-4c69-bc14-052b33b52d85', false, '2025-08-21 19:32:05.896755+00', '2025-08-21 19:32:05.896755+00', 'rxidost4cn2z', 'd700a0df-1d2e-41ab-b7e7-84ca0151e958'),
	('00000000-0000-0000-0000-000000000000', 402, 'b3aijzsgvias', '60bc8ec8-a502-4c69-bc14-052b33b52d85', false, '2025-08-21 19:43:09.278759+00', '2025-08-21 19:43:09.278759+00', NULL, '3f90434b-22da-453f-ba90-6db05548abdd'),
	('00000000-0000-0000-0000-000000000000', 404, '4x6eluesym2q', '60bc8ec8-a502-4c69-bc14-052b33b52d85', false, '2025-08-21 21:11:21.182373+00', '2025-08-21 21:11:21.182373+00', NULL, '6f45ca5d-c7e3-48f2-ba8b-7d7972705a7f'),
	('00000000-0000-0000-0000-000000000000', 403, '4buo26ocjdy7', '60bc8ec8-a502-4c69-bc14-052b33b52d85', true, '2025-08-21 20:33:27.539905+00', '2025-08-21 21:31:27.657327+00', NULL, '4c224bc1-ca9a-4793-847c-7ac7a0066967'),
	('00000000-0000-0000-0000-000000000000', 405, 'xgkjlbhtyv3b', '60bc8ec8-a502-4c69-bc14-052b33b52d85', false, '2025-08-21 21:31:27.682061+00', '2025-08-21 21:31:27.682061+00', '4buo26ocjdy7', '4c224bc1-ca9a-4793-847c-7ac7a0066967'),
	('00000000-0000-0000-0000-000000000000', 406, 'daoatkylasa3', '60bc8ec8-a502-4c69-bc14-052b33b52d85', false, '2025-08-21 21:52:32.684377+00', '2025-08-21 21:52:32.684377+00', NULL, '2cb9f09e-1a06-471e-a9b3-5a7665da79e1'),
	('00000000-0000-0000-0000-000000000000', 407, 'ovmzuwiydzlq', '60bc8ec8-a502-4c69-bc14-052b33b52d85', false, '2025-08-21 21:53:18.895045+00', '2025-08-21 21:53:18.895045+00', NULL, '9a21e553-6c4b-4dc4-8621-389fd550cd0c'),
	('00000000-0000-0000-0000-000000000000', 408, 'or4gwn37u5px', '60bc8ec8-a502-4c69-bc14-052b33b52d85', false, '2025-08-21 21:53:24.981058+00', '2025-08-21 21:53:24.981058+00', NULL, '9862a44f-4913-41fd-befd-c609f2356f57'),
	('00000000-0000-0000-0000-000000000000', 409, 'z7t454wuebxj', '60bc8ec8-a502-4c69-bc14-052b33b52d85', false, '2025-08-21 21:58:12.617931+00', '2025-08-21 21:58:12.617931+00', NULL, '642165b1-9f65-43b7-a9e4-31c3a2e4e690'),
	('00000000-0000-0000-0000-000000000000', 410, 'wmdjyrccd2wp', '60bc8ec8-a502-4c69-bc14-052b33b52d85', false, '2025-08-21 21:59:43.361607+00', '2025-08-21 21:59:43.361607+00', NULL, 'd3d758b9-3c3b-4505-a919-ac35c4f0f7b7'),
	('00000000-0000-0000-0000-000000000000', 411, 'tx5tcmihwrpo', '60bc8ec8-a502-4c69-bc14-052b33b52d85', false, '2025-08-21 22:24:29.185215+00', '2025-08-21 22:24:29.185215+00', NULL, '29d1ecb5-1e1c-4ea0-a9cb-1e798efe7036'),
	('00000000-0000-0000-0000-000000000000', 412, 'eticsmxskcm3', '60bc8ec8-a502-4c69-bc14-052b33b52d85', false, '2025-08-21 23:34:15.854083+00', '2025-08-21 23:34:15.854083+00', NULL, '601ffb5f-7cd6-44dd-a02f-cc45987c0735'),
	('00000000-0000-0000-0000-000000000000', 413, 'ek6bndclovxt', '60bc8ec8-a502-4c69-bc14-052b33b52d85', true, '2025-08-25 17:59:52.567234+00', '2025-08-25 18:57:54.362962+00', NULL, '6dfe031e-b764-4f47-aec4-86e9b56b7ed9'),
	('00000000-0000-0000-0000-000000000000', 415, 'hkhqpirqi4yn', '60bc8ec8-a502-4c69-bc14-052b33b52d85', false, '2025-08-25 18:57:54.384895+00', '2025-08-25 18:57:54.384895+00', 'ek6bndclovxt', '6dfe031e-b764-4f47-aec4-86e9b56b7ed9'),
	('00000000-0000-0000-0000-000000000000', 414, '2re4euej6usc', '60bc8ec8-a502-4c69-bc14-052b33b52d85', true, '2025-08-25 18:18:10.098563+00', '2025-08-25 19:16:37.288755+00', NULL, '861f4505-4e15-4424-be56-d224a537d37d'),
	('00000000-0000-0000-0000-000000000000', 416, 'gqg7teosqwsy', '60bc8ec8-a502-4c69-bc14-052b33b52d85', false, '2025-08-25 19:16:37.305932+00', '2025-08-25 19:16:37.305932+00', '2re4euej6usc', '861f4505-4e15-4424-be56-d224a537d37d');


--
-- Data for Name: sso_providers; Type: TABLE DATA; Schema: auth; Owner: supabase_auth_admin
--



--
-- Data for Name: saml_providers; Type: TABLE DATA; Schema: auth; Owner: supabase_auth_admin
--



--
-- Data for Name: saml_relay_states; Type: TABLE DATA; Schema: auth; Owner: supabase_auth_admin
--



--
-- Data for Name: sso_domains; Type: TABLE DATA; Schema: auth; Owner: supabase_auth_admin
--



--
-- Data for Name: achievement_types; Type: TABLE DATA; Schema: public; Owner: postgres
--

INSERT INTO "public"."achievement_types" ("id", "name", "description", "icon", "points_reward", "category", "requirements", "is_active", "created_at", "updated_at") VALUES
	('ee65a0d0-edc7-41d5-b5ff-490c0179d6e0', 'İlk Adım', 'İlk etkinliğine katıldın!', 'ri-user-star-line', 100, 'participation', '{"events_count": 1}', true, '2025-08-25 14:48:51.282935+00', '2025-08-25 14:48:51.282935+00'),
	('741c3dc8-f7f8-4eed-ba92-04581d31e737', 'Aktif Katılımcı', '5 etkinliğe katıldın!', 'ri-user-heart-line', 200, 'participation', '{"events_count": 5}', true, '2025-08-25 14:48:51.282935+00', '2025-08-25 14:48:51.282935+00'),
	('5e1ec839-8b90-4d48-9589-d5b3638be96d', 'Deneyimli Katılımcı', '10 etkinliğe katıldın!', 'ri-user-settings-line', 500, 'participation', '{"events_count": 10}', true, '2025-08-25 14:48:51.282935+00', '2025-08-25 14:48:51.282935+00'),
	('47b54a7e-0097-44bc-9951-491bccfb1bfe', 'Uzman Katılımcı', '25 etkinliğe katıldın!', 'ri-user-voice-line', 1000, 'participation', '{"events_count": 25}', true, '2025-08-25 14:48:51.282935+00', '2025-08-25 14:48:51.282935+00'),
	('3426b57a-07f1-4184-b572-9011f606bd28', 'Master Katılımcı', '50 etkinliğe katıldın!', 'ri-user-crown-line', 2000, 'participation', '{"events_count": 50}', true, '2025-08-25 14:48:51.282935+00', '2025-08-25 14:48:51.282935+00'),
	('5beedc31-ac00-46af-8a83-1ea868c09201', 'İlk İndirme', 'İlk materyalini indirdin!', 'ri-download-line', 50, 'download', '{"downloads_count": 1}', true, '2025-08-25 14:48:51.282935+00', '2025-08-25 14:48:51.282935+00'),
	('718cf711-ad93-4019-8069-ee814223db6b', 'Materyal Avcısı', '10 materyal indirdin!', 'ri-folder-download-line', 150, 'download', '{"downloads_count": 10}', true, '2025-08-25 14:48:51.282935+00', '2025-08-25 14:48:51.282935+00'),
	('dbfa9a0f-72ac-485f-996f-059bbf793228', 'Doküman Ustası', '25 materyal indirdin!', 'ri-file-download-line', 300, 'download', '{"downloads_count": 25}', true, '2025-08-25 14:48:51.282935+00', '2025-08-25 14:48:51.282935+00'),
	('f697e072-b12e-4839-904a-b3556297311a', 'Bilgi Avcısı', '50 materyal indirdin!', 'ri-book-download-line', 600, 'download', '{"downloads_count": 50}', true, '2025-08-25 14:48:51.282935+00', '2025-08-25 14:48:51.282935+00'),
	('489281ed-5aa5-43d5-8c94-94e84d00c19f', 'Yeni Başlayan', 'Seviye 2''ye ulaştın!', 'ri-medal-line', 100, 'level', '{"level": 2}', true, '2025-08-25 14:48:51.282935+00', '2025-08-25 14:48:51.282935+00'),
	('d59edc55-fbe7-4c5b-9147-8859df0cd0e2', 'Gelişen', 'Seviye 5''e ulaştın!', 'ri-award-line', 300, 'level', '{"level": 5}', true, '2025-08-25 14:48:51.282935+00', '2025-08-25 14:48:51.282935+00'),
	('a73328c9-4232-461a-97dd-1dd40dd62c66', 'Deneyimli', 'Seviye 8''e ulaştın!', 'ri-trophy-line', 600, 'level', '{"level": 8}', true, '2025-08-25 14:48:51.282935+00', '2025-08-25 14:48:51.282935+00'),
	('5ef1a283-d15e-45ad-8fbf-0df92ea44aec', 'Uzman', 'Seviye 10''a ulaştın!', 'ri-crown-line', 1000, 'level', '{"level": 10}', true, '2025-08-25 14:48:51.282935+00', '2025-08-25 14:48:51.282935+00'),
	('77b3e9d0-9956-4a45-b6bc-8e9c76f4935d', 'Hafta Sonu Kahramanı', 'Bir hafta sonu etkinliğine katıldın!', 'ri-calendar-event-line', 75, 'special', '{"weekend_event": true}', true, '2025-08-25 14:48:51.282935+00', '2025-08-25 14:48:51.282935+00'),
	('163ed674-5626-447b-bbd8-80359b6365c0', 'Online Etkinlik Ustası', '5 online etkinliğe katıldın!', 'ri-video-line', 200, 'special', '{"online_events_count": 5}', true, '2025-08-25 14:48:51.282935+00', '2025-08-25 14:48:51.282935+00'),
	('4850c783-fa8c-4cf3-aeec-e438b31d96e1', 'Fiziksel Etkinlik Ustası', '5 fiziksel etkinliğe katıldın!', 'ri-map-pin-line', 200, 'special', '{"physical_events_count": 5}', true, '2025-08-25 14:48:51.282935+00', '2025-08-25 14:48:51.282935+00'),
	('fcdd00f0-ac71-4e41-9841-aa68d72f868b', 'Ücretsiz Etkinlik Destekçisi', '10 ücretsiz etkinliğe katıldın!', 'ri-gift-line', 150, 'special', '{"free_events_count": 10}', true, '2025-08-25 14:48:51.282935+00', '2025-08-25 14:48:51.282935+00'),
	('20885cea-c0db-4d45-a489-964b2e88f14a', 'Sabah Kuşu', 'Sabah 9:00''dan önce bir etkinliğe katıldın!', 'ri-sun-line', 100, 'special', '{"morning_event": true}', true, '2025-08-25 14:48:51.282935+00', '2025-08-25 14:48:51.282935+00'),
	('bdc1546d-407f-4fa8-a4b9-97c382ed03b2', 'Gece Kuşu', 'Akşam 18:00''dan sonra bir etkinliğe katıldın!', 'ri-moon-line', 100, 'special', '{"evening_event": true}', true, '2025-08-25 14:48:51.282935+00', '2025-08-25 14:48:51.282935+00');


--
-- Data for Name: badges; Type: TABLE DATA; Schema: public; Owner: postgres
--

INSERT INTO "public"."badges" ("id", "name", "description", "icon", "color", "points", "category", "requirements", "created_at", "updated_at") VALUES
	('5768d9db-6d37-4e03-897e-1f1571ec35ec', 'İlk Adım', 'İlk videoyu izlediniz', 'ri-play-circle-line', '#3B82F6', 10, 'video', NULL, '2025-08-24 20:22:08.442519+00', '2025-08-24 20:22:08.442519+00'),
	('1cb3d68f-09ea-43e0-951c-1de9f74d5f33', 'Video Ustası', '10 video izlediniz', 'ri-video-line', '#8B5CF6', 50, 'video', NULL, '2025-08-24 20:22:08.442519+00', '2025-08-24 20:22:08.442519+00'),
	('285a9184-a076-49c0-960c-1ec8c2eb8da5', 'Döküman Okuyucu', 'İlk dökümanı okudunuz', 'ri-file-text-line', '#10B981', 15, 'document', NULL, '2025-08-24 20:22:08.442519+00', '2025-08-24 20:22:08.442519+00'),
	('25546e34-f2ef-4e3b-b5a4-d348f63ef190', 'Bilgi Avcısı', '5 döküman okudunuz', 'ri-book-line', '#F59E0B', 75, 'document', NULL, '2025-08-24 20:22:08.442519+00', '2025-08-24 20:22:08.442519+00'),
	('19380764-1db5-4cb2-979b-25745100e948', 'Seri Öğrenci', '3 gün üst üste aktivite', 'ri-fire-line', '#EF4444', 100, 'streak', NULL, '2025-08-24 20:22:08.442519+00', '2025-08-24 20:22:08.442519+00'),
	('e11877fa-bfca-4c50-aadc-181445e2ca36', 'Haftalık Şampiyon', '7 gün üst üste aktivite', 'ri-crown-line', '#FFD700', 200, 'streak', NULL, '2025-08-24 20:22:08.442519+00', '2025-08-24 20:22:08.442519+00'),
	('a03c61a7-f11a-4168-b398-b3998ac94474', 'Eğitim Tamamlayıcı', 'İlk eğitim setini tamamladınız', 'ri-check-double-line', '#10B981', 150, 'completion', NULL, '2025-08-24 20:22:08.442519+00', '2025-08-24 20:22:08.442519+00'),
	('c37b4ebe-92e5-48b2-9395-75f8b956d161', 'Mükemmeliyetçi', 'Tüm eğitim setlerini tamamladınız', 'ri-star-line', '#FF6B35', 500, 'completion', NULL, '2025-08-24 20:22:08.442519+00', '2025-08-24 20:22:08.442519+00'),
	('25f782fd-5005-4262-a24a-8e68b8d46cb6', 'Hızlı Öğrenci', 'Bir günde 5 video izlediniz', 'ri-speed-line', '#8B5CF6', 80, 'speed', NULL, '2025-08-24 20:22:08.442519+00', '2025-08-24 20:22:08.442519+00'),
	('67d4d7f2-a484-426c-bbe9-b8e1ad7eebf7', 'Sabırlı Öğrenci', 'Bir videoyu tamamen izlediniz', 'ri-time-line', '#6B7280', 25, 'patience', NULL, '2025-08-24 20:22:08.442519+00', '2025-08-24 20:22:08.442519+00');


--
-- Data for Name: achievements; Type: TABLE DATA; Schema: public; Owner: postgres
--

INSERT INTO "public"."achievements" ("id", "name", "description", "icon", "color", "category", "requirements", "points_reward", "badge_reward", "created_at", "updated_at") VALUES
	('6c97f42d-a330-4bef-a969-a13a0482b6fd', 'Video İzleme Ustası', 'Toplam 50 video izleyin', 'ri-video-line', '#8B5CF6', 'video', '{"videos_watched": 50}', 250, NULL, '2025-08-24 20:22:08.442519+00', '2025-08-24 20:22:08.442519+00'),
	('50795a2b-6d81-43db-b6a3-eb817fea0807', 'Döküman Okuyucu', 'Toplam 20 döküman okuyun', 'ri-file-text-line', '#10B981', 'document', '{"documents_read": 20}', 300, NULL, '2025-08-24 20:22:08.442519+00', '2025-08-24 20:22:08.442519+00'),
	('c75b9d1d-2416-48aa-9365-8ee3e1f72d03', 'Seri Öğrenci', '7 gün üst üste aktivite gösterin', 'ri-fire-line', '#EF4444', 'streak', '{"streak_days": 7}', 400, NULL, '2025-08-24 20:22:08.442519+00', '2025-08-24 20:22:08.442519+00'),
	('8cb99c6a-4755-46de-a4b0-896d82d8f824', 'Eğitim Tamamlayıcı', '3 eğitim setini tamamlayın', 'ri-check-double-line', '#10B981', 'completion', '{"sets_completed": 3}', 600, NULL, '2025-08-24 20:22:08.442519+00', '2025-08-24 20:22:08.442519+00'),
	('d2f72a5e-1ea2-43de-96c8-f82e11bc8792', 'Hızlı Öğrenci', 'Bir günde 10 video izleyin', 'ri-speed-line', '#8B5CF6', 'speed', '{"videos_in_day": 10}', 200, NULL, '2025-08-24 20:22:08.442519+00', '2025-08-24 20:22:08.442519+00'),
	('707b55ed-26e1-4adf-8df5-30f1a13534a4', 'Sabırlı Öğrenci', 'Bir videoyu %100 izleyin', 'ri-time-line', '#6B7280', 'patience', '{"video_completion": 100}', 100, NULL, '2025-08-24 20:22:08.442519+00', '2025-08-24 20:22:08.442519+00'),
	('41a43dc1-29e1-463e-9713-d8fe2fdc03ae', 'Bilgi Avcısı', '5 farklı kategoride döküman okuyun', 'ri-search-line', '#F59E0B', 'exploration', '{"categories_explored": 5}', 350, NULL, '2025-08-24 20:22:08.442519+00', '2025-08-24 20:22:08.442519+00'),
	('3c6dd2da-8dff-4cc7-a443-f7da05ab838c', 'Mükemmeliyetçi', 'Tüm eğitim setlerini %100 tamamlayın', 'ri-star-line', '#FF6B35', 'perfection', '{"all_sets_100_percent": true}', 1000, NULL, '2025-08-24 20:22:08.442519+00', '2025-08-24 20:22:08.442519+00');


--
-- Data for Name: companies; Type: TABLE DATA; Schema: public; Owner: postgres
--

INSERT INTO "public"."companies" ("id", "name", "description", "logo_url", "website", "phone", "address", "city", "country", "industry", "size", "status", "created_at", "updated_at", "password", "password_created_at", "password_updated_at", "email", "contact_person") VALUES
	('deb723c2-9ec0-47ab-9a6b-f5d929a237c3', 'Rosehan İç ve Dış Ticaret AŞ', 'ds', NULL, 'www.rosehantrade.com', '09998889988', 'sd', 'Kayseri', 'Türkiye', 'Tekstil', NULL, 'active', '2025-08-29 21:57:58.236585+00', '2025-08-29 22:24:36.721612+00', '$2b$12$NlzUq.i6UcWH8HAT3aQ7H.7/rgDf/e4/3ESXrBMCw3bPGjhln0pwW', '2025-08-29 21:57:58.082+00', '2025-08-29 22:24:36.612+00', 'info@rosehan.com', NULL),
	('52f41472-5542-492c-8147-9308ede8a3a3', 'Atlas Sayaç San Tic AŞ', 'Atlas Açıklama', NULL, 'www.atlassayac.com', '1111111', 'Atlas Adres', 'Kayseri', 'Türkiye', 'Makina', NULL, 'active', '2025-08-29 23:21:08.709064+00', '2025-08-29 23:21:31.770449+00', '$2b$12$DoWMrAes2PP3XHi1bVV7OOk206BFyEfJ1GGJz3.fiY3/xipFYVw/K', '2025-08-29 23:21:08.589+00', '2025-08-29 23:21:31.633+00', 'info@atlassayac.com', NULL),
	('964a24d2-a4e1-4d8a-81cb-c3a259f523c0', 'Oylum Sınai Yatırımlar A.Ş.', 'test oylum', NULL, 'www.oylum.com', '4444444', 'test oylum', 'Kayseri', 'Türkiye', 'Gıda', NULL, 'active', '2025-08-29 22:26:45.645683+00', '2025-08-29 22:48:48.284396+00', '$2b$12$6F.OsoImsZ93sWHgkwdivO3Ap/vOOAxlS9Wjc7iI7GSzIGlZNa2tq', '2025-08-29 22:26:45.516+00', '2025-08-29 22:27:05.074+00', 'export2@oylum.com', NULL),
	('6fcc9e92-4169-4b06-9c2f-a8c6cc284d73', 'Mundo Yatak Mustafa Nebi Doğan', 'Mundo Açıklaması', NULL, 'www.mundoyatak.com', '4444444', 'Kayseri Serbest Bölge', 'Kayseri', 'Turkey', 'Tekstil', NULL, 'pending', '2025-08-21 13:58:51.018048+00', '2025-08-29 23:07:29.428356+00', '$2b$12$ql4XNGoUsJgSKaP8Y0ib2ebSKG2zk7U2OA8OcG5SzOB6mqj40zoTG', '2025-08-21 21:35:55.359714+00', '2025-08-21 23:48:14.347+00', 'info@mundo.com', NULL),
	('f5b37d50-a6ed-4a53-a680-da72bf472503', 'Şahbaz Isı San Tic AŞ', 'Şahbaz Açıklama', NULL, 'www.sahbaz.com.tr', '3333333', 'Adres', 'Kayseri', 'Türkiye', 'Makina', NULL, 'active', '2025-08-29 23:09:09.952558+00', '2025-08-29 23:09:25.897795+00', '$2b$12$55h0LM62QAP14mSH2uYhmua6MUtpIGt2nMJxnobfNe41/U81C5JWK', '2025-08-29 23:09:09.811+00', '2025-08-29 23:09:25.778+00', 'info@sahbaz.com', NULL),
	('a82225ca-edb5-461a-96bb-d7d3f60c10e3', 'Kamer Mobilya - AekaOnline', 'Kamer Açıklama', NULL, 'www.aekaonline.com', '5555555', 'Kamer Adres', 'Kayseri', 'Türkiye', 'Diğer', NULL, 'active', '2025-08-29 23:11:07.923785+00', '2025-08-29 23:11:22.294979+00', '$2b$12$mkH4PR96mZi06sblIeuz7u7.nV5wqgP1SIPA4DuSLWsbJgoN8texy', '2025-08-29 23:11:07.806+00', '2025-08-29 23:11:22.194+00', 'info@aekamobilya.com', NULL),
	('a0c3b842-0cd7-420b-afd1-d95be18e4f7b', 'Femaş Metal Sanayi ve Ticaret Anonim Şirketi ', 'Femas Açıklama', NULL, 'www.femas.com', '3333333', 'Femaş Adres', 'Kayseri', 'Türkiye', 'Makina', NULL, 'active', '2025-08-29 23:12:30.880288+00', '2025-08-29 23:12:50.385645+00', '$2b$12$rJa7Fx2cbSeZEfHB0Tj8/uF03Rx.PGKEg2csjpKG8ZZ.xZsDv6cym', '2025-08-29 23:12:30.744+00', '2025-08-29 23:12:50.206+00', 'info@femas.com', NULL),
	('fee15b63-5d56-4012-8360-bb9df0c23c72', 'Athome Mobilya ', 'Athome Açıklama', NULL, 'https://www.athomefurniture.com.tr/', '1111111', 'Athome Adres', 'Kayseri', 'Türkiye', 'Diğer', NULL, 'active', '2025-08-29 23:14:01.548294+00', '2025-08-29 23:14:12.784213+00', '$2b$12$tkdTX./ZZjHSONEfzYkhk.kjKeU1iq1M/DBs1N4qhtEKTW6/KsnZu', '2025-08-29 23:14:01.425+00', '2025-08-29 23:14:12.675+00', 'info@athomefurniture.com.tr', NULL),
	('26887a4d-ac9e-4580-b884-fd65e62f6a7a', 'Kayzer Mobilya San Tic AŞ', 'Kayzer Açıklama', NULL, 'www.kayzermobilya.com', '1111111', 'Kayzer Adres', 'Kayseri', 'Türkiye', 'Diğer', NULL, 'active', '2025-08-29 23:22:35.877521+00', '2025-08-29 23:22:49.243907+00', '$2b$12$vQ5KrVZ7.BDaumzBAdTdfOXV.1QP0Jl0RBLCzv3mZrSMPup37tRvW', '2025-08-29 23:22:35.743+00', '2025-08-29 23:22:49.148+00', 'info@kayzermobilya.com', NULL),
	('302b17ed-7410-4b6f-a052-c21c84b1ac6e', 'Ödül Madeni Eşya', 'Ödül Açıklama', NULL, 'www.odul.com.tr', '2222222', 'Ödül Adres', 'Kayseri', 'Türkiye', 'Makina', NULL, 'active', '2025-08-29 23:15:17.469551+00', '2025-08-29 23:15:44.524194+00', '$2b$12$uzzUW8ZBJPdGHKKBsuMvseHTKMFCuSN7wum2/mHyeO6QF0XaZmlPC', '2025-08-29 23:15:17.349+00', '2025-08-29 23:15:44.422+00', 'info@odul.com.tr', NULL),
	('b33e55f2-0d16-43d4-b922-3c7b42d48a34', 'ABS Door Çelik Kapı', 'ABS Açıklama', NULL, 'www.absdoor.com', '5555555', 'ABS Adres', 'Kayseri', 'Türkiye', 'Makina', NULL, 'active', '2025-08-29 23:16:45.87157+00', '2025-08-29 23:17:02.58935+00', '$2b$12$vp505tyDlGOAsdPqX7AT/.8Y8ITuBhuAQ1eNUSutw2dOEq3QQ3766', '2025-08-29 23:16:45.76+00', '2025-08-29 23:17:02.489+00', 'info@absdoor.com', NULL),
	('37a37a5c-2a41-44f1-8598-511977373cc0', 'Milenyum Metal Dış Ticaret ve San AŞ', 'Palm Açıklama', NULL, 'www.palm.com.tr', '1111111', 'Palm Adres', 'Kayseri', 'Türkiye', 'Makina', NULL, 'active', '2025-08-29 23:18:20.765105+00', '2025-08-29 23:18:35.397209+00', '$2b$12$.Vmc5wDWhPMzkNj8k6yucOpLQIj7hL5V.PW7uCPpmHsegOL272MvO', '2025-08-29 23:18:20.647+00', '2025-08-29 23:18:35.297+00', 'info@palm.com.tr', NULL),
	('85094b81-3369-491b-9060-eba4b7b35018', 'Ermetsan Çelik Kapı San Tic Ltd Şti', 'Ermetsan Açıklama', NULL, 'www.ermetsan.com.tr', '2222222', 'Ermetsan Adres', 'Kayseri', 'Türkiye', 'Makina', NULL, 'active', '2025-08-29 23:19:48.772835+00', '2025-08-29 23:20:02.189566+00', '$2b$12$NC86JkXWFP0j8jI44TVfhOo0DbMrw2JKFXr4SJWu4ovogDCIevW3W', '2025-08-29 23:19:48.655+00', '2025-08-29 23:20:02.08+00', 'info@ermetsan.com.tr', NULL),
	('f0a64589-d305-4266-a7f6-76aadd7bf8ba', 'Sarmobi - Lale Orman AŞ', '', NULL, 'www.sarmobi.com', '05325324455', 'Sarmobi ', 'Kayseri', 'Turkey', 'Diğer', NULL, 'pending', '2025-08-22 00:35:14.176618+00', '2025-08-29 21:14:10.964265+00', '$2b$12$6cvwsT9vulY4SORLrPdCJO0Zyhf3miK8uWkzBShrvPF9771QHM1i6', '2025-08-22 00:35:14.176618+00', '2025-08-22 00:37:31.994+00', 'info@sarmobi.com', NULL),
	('d48f30e8-49fa-4b09-bb52-6af43e55a632', 'Kayra Export Ev Teksili ve Sanayi AŞ', 'Kayra Açıklama', NULL, 'www.kayraexport.com', '2222222', 'Kayra Adres', 'Kayseri', 'Türkiye', 'Tekstil', NULL, 'active', '2025-08-29 23:23:51.444889+00', '2025-08-29 23:24:09.180517+00', '$2b$12$tHoW/TTfbqrzKXfHkIce8uHzFDsItPtqBPwCGQPja57TNz7ZI21py', '2025-08-29 23:23:51.329+00', '2025-08-29 23:24:09.079+00', 'info@kayraexport.com', NULL),
	('8c12de9f-7a57-4946-b71b-920619ed3644', 'Lora - Mimsan Ev Gereçleri San Tic Ltd Şti', 'Lora Açıklama', NULL, 'www.lora.com.tr', '2222222', 'Lora Adres', 'Kayseri', 'Türkiye', 'Diğer', NULL, 'active', '2025-08-29 23:25:20.391673+00', '2025-08-29 23:25:35.804304+00', '$2b$12$SxkhUOj5jPu2zJ7rScN67eyMQMg8lwOKaoAib0TiwD4l..k3jvlB.', '2025-08-29 23:25:20.278+00', '2025-08-29 23:25:35.694+00', 'info@lora.com.tr', NULL),
	('271604bf-d799-4c32-a37b-40740cc0903a', 'Rosse Metal Ahşap San ve Tic Ltd Şti', 'Rosse Açıklama', NULL, 'www.rosse.com.tr', '1111111', 'Rosse Adres', 'Kayseri', 'Türkiye', 'Diğer', NULL, 'active', '2025-08-29 23:27:07.310637+00', '2025-08-29 23:27:21.964817+00', '$2b$12$gEARAE6pdyvTbrF.W4qevuA87Wwb5XIYz0IYFcybbCu.j.tNpDJpG', '2025-08-29 23:27:07.197+00', '2025-08-29 23:27:21.877+00', 'info@rosse.com.tr', NULL),
	('d0dadfe9-39c2-485d-b8bf-a3996a21815e', 'Bese Metal Ürn. Ltd. Şti.', 'Bese Açıklama', NULL, 'https://mywin.com.tr/ ', '1111111', 'Bese Adres', 'Kayseri', 'Türkiye', 'Diğer', NULL, 'active', '2025-08-29 23:28:29.455598+00', '2025-08-29 23:28:42.235893+00', '$2b$12$OOf/6BQ89ItBJWU2iZ1ywOn6KmoaWXZKHjRpO05fd5anGZz.wjp4q', '2025-08-29 23:28:29.354+00', '2025-08-29 23:28:42.141+00', 'info@mywin.com.tr', NULL),
	('3b7b64f8-d3dc-4ba1-96df-bebf162f6c29', 'Tepe Plastik', 'Tepe Açıklama', NULL, 'www.tepeplastik.com.tr', '3333333', 'Tepe Adres', 'Kayseri', 'Türkiye', 'Diğer', NULL, 'active', '2025-08-29 23:29:35.489079+00', '2025-08-29 23:29:48.909618+00', '$2b$12$7qCoOnsD3IfwbzLuRDC3g.em.79M1Puy.ppshuSIaVk03c3s/o1KW', '2025-08-29 23:29:35.386+00', '2025-08-29 23:29:48.823+00', 'info@tepeplastik.com.tr', NULL),
	('aa1814f8-5f57-4fd7-8acf-464f21bb5091', 'Anatolia Metal Kalıp San Tic AŞ', 'Anatolia Açıklama', NULL, 'www.anatolia.com.tr', '4444444', 'Anatolia Adres', 'Kayseri', 'Türkiye', 'Diğer', NULL, 'active', '2025-08-29 23:31:00.865075+00', '2025-08-29 23:31:22.792323+00', '$2b$12$yMqCk3jpzbFoJ8ypgpLW4.zL5xUc6N89TGQWLnm9OSeufOBymnRrW', '2025-08-29 23:31:00.762+00', '2025-08-29 23:31:22.633+00', 'info@anatolia.com.tr', NULL);


--
-- Data for Name: users; Type: TABLE DATA; Schema: public; Owner: postgres
--

INSERT INTO "public"."users" ("id", "email", "full_name", "avatar_url", "role", "company_id", "created_at", "updated_at") VALUES
	('76661697-907e-4e9b-84ee-5b150a3f48be', 'zarife.erdogan@nsl.com.tr', 'Zarife Erdoğan', NULL, 'consultant', NULL, '2025-08-20 17:50:21.756669+00', '2025-08-21 19:44:45.965149+00'),
	('ec957f42-d095-40dd-939c-fc4bdf1b0507', 'info1@mundo.com', NULL, NULL, 'user', NULL, '2025-08-22 17:52:36.010126+00', '2025-08-22 17:52:36.010126+00'),
	('43890526-3784-4103-b927-b9fcfbda3e11', 'info2@mundo.com', NULL, NULL, 'user', NULL, '2025-08-22 17:52:56.990761+00', '2025-08-22 17:52:56.990761+00'),
	('243ef8eb-7af7-4a4b-8255-997b356ff527', 'firma@example.com', 'Ahmet Yılmaz', NULL, 'user', 'f0a64589-d305-4266-a7f6-76aadd7bf8ba', '2025-08-24 23:20:02.418483+00', '2025-08-24 23:20:02.418483+00'),
	('cd9bf9ec-f2ef-4672-87e4-428fb1b5241e', 'admin@ihracatakademi.com', 'Sistem Yöneticisi', NULL, 'admin', 'f0a64589-d305-4266-a7f6-76aadd7bf8ba', '2025-08-20 09:04:45.022182+00', '2025-08-26 17:13:21.66396+00'),
	('94178aaa-3d1c-4d54-9e83-d0ff551d01db', 'info@sarmobi.com', 'Sarmobi', NULL, 'user', 'f0a64589-d305-4266-a7f6-76aadd7bf8ba', '2025-08-22 17:26:33.612499+00', '2025-09-08 19:29:32.930888+00'),
	('34ca24e7-a2b0-4861-88b5-41664fac9f61', 'info@mundo.com', 'Mundo', NULL, 'user', '6fcc9e92-4169-4b06-9c2f-a8c6cc284d73', '2025-08-22 17:26:33.612499+00', '2025-09-08 19:29:32.930888+00'),
	('7ee2c7ab-adad-4eee-a0b2-6971d0d92981', 'info@sahbaz.com', 'Şahbaz Isı San Tic AŞ', NULL, 'user', 'f5b37d50-a6ed-4a53-a680-da72bf472503', '2025-08-29 23:09:10.073417+00', '2025-09-08 19:29:32.930888+00');


--
-- Data for Name: activities; Type: TABLE DATA; Schema: public; Owner: postgres
--



--
-- Data for Name: career_applications; Type: TABLE DATA; Schema: public; Owner: postgres
--

INSERT INTO "public"."career_applications" ("id", "application_type", "name", "email", "phone", "city", "education", "experience", "interests", "position", "expertise", "cv_file_path", "cv_file_name", "status", "kvkk_accepted", "created_at", "updated_at") VALUES
	('ce1fd12a-f8d4-4d57-9d5f-14e50dfab9a4', 'hr_staff', 'Mehmet Özkan', 'mehmet@example.com', '+90 534 345 6789', 'İzmir', 'Lisans', 'Elektronik sektöründe 3 yıl deneyim.', NULL, 'İhracat Uzmanı', NULL, NULL, 'mehmet-ozkan-cv.pdf', 'in_pool', true, '2025-08-26 01:09:11.017706+00', '2025-08-26 01:09:11.017706+00'),
	('8832f754-343c-49fa-959a-7b659b75f9a1', 'intern', 'Ayşe Demir', 'ayse@example.com', '+90 533 234 5678', 'Ankara', 'Lisans', NULL, 'Dijital Pazarlama', NULL, NULL, NULL, 'ayse-demir-cv.pdf', 'admin_approved', true, '2025-08-26 01:09:11.017706+00', '2025-08-26 01:55:30.96578+00'),
	('ee0a09dc-a268-46ab-8662-282254c1a6fb', 'consultant', 'Ahmet Yılmaz', 'ahmet@example.com', '+90 532 123 4567', 'İstanbul', 'Yüksek Lisans', 'İhracat alanında 5 yıllık deneyim. Uluslararası ticaret konusunda uzman.', NULL, NULL, '["E-İhracat Danışmanlığı", "Dijital Pazarlama", "Uluslararası Ticaret"]', NULL, 'ahmet-yilmaz-cv.pdf', 'admin_approved', true, '2025-08-26 01:09:11.017706+00', '2025-08-26 01:57:09.241487+00'),
	('6ec010f9-22dd-42d6-8b98-07402b23fafb', 'intern', 'Test Stajer', 'test@stajer.com', '05556667788', '', 'Yeditepe', '', 'teknoloji', '', NULL, 'cv_1756173113027.pdf', '20. Bese S.A Analiz .pdf', 'admin_approved', true, '2025-08-26 01:51:54.473518+00', '2025-08-26 01:57:47.878+00'),
	('c3335f89-8633-4f38-aedf-fbe7ff8997ac', 'hr_staff', 'Ömer', 'test@omer.com', '03334445566', '', '', 'sdasd', '', 'pazarlama-uzmani', NULL, 'cv_1756192054747.pdf', '19. Milenyum S.A Yeni.pdf', 'hired', true, '2025-08-26 07:07:36.901055+00', '2025-08-26 07:09:00.347536+00'),
	('582da53d-8208-4768-be28-6b699efe8a44', 'intern', 'Ahmet Yılmaz', 'ahmet@example.com', '555-1234', 'İstanbul', 'Üniversite', '1 yıl', 'React, Node.js', 'Yazılım Geliştirici', NULL, NULL, NULL, 'pending', false, '2025-09-01 16:18:29.837+00', '2025-09-01 16:18:30.008111+00'),
	('7aac6a39-1888-42c1-b071-61d32ab64944', 'hr_staff', 'Ayşe Demir', 'ayse@example.com', '555-5678', 'Ankara', 'Yüksek Lisans', '3 yıl', 'Dijital Pazarlama, SEO', 'Pazarlama Uzmanı', NULL, NULL, NULL, 'pending', false, '2025-09-01 16:18:36.339+00', '2025-09-01 16:18:36.506136+00'),
	('08e175fa-a892-4d9e-88ac-8f8b0c3fd25c', 'hr_staff', 'Mehmet Kaya', 'mehmet@example.com', '555-9999', 'İzmir', 'Lise', '5 yıl', 'Satış, Müşteri İlişkileri', 'Satış Temsilcisi', NULL, NULL, NULL, 'pending', false, '2025-09-01 16:23:35.468+00', '2025-09-01 16:23:35.987595+00');


--
-- Data for Name: application_status_history; Type: TABLE DATA; Schema: public; Owner: postgres
--

INSERT INTO "public"."application_status_history" ("id", "application_id", "previous_status", "new_status", "updated_by", "notes", "created_at") VALUES
	('39a66463-d727-49c4-857b-bdc87de997d0', 'ee0a09dc-a268-46ab-8662-282254c1a6fb', NULL, 'pending', NULL, 'Başvuru alındı', '2025-08-26 01:09:11.017706+00'),
	('3d36b9df-5814-409a-b699-6189aa285374', '8832f754-343c-49fa-959a-7b659b75f9a1', NULL, 'pending', NULL, 'Başvuru alındı', '2025-08-26 01:09:11.017706+00'),
	('f3d3d00f-7746-4a26-9b19-706d3c0d6460', '8832f754-343c-49fa-959a-7b659b75f9a1', 'pending', 'admin_approved', NULL, 'Profil uygun, firma havuzuna gönderildi', '2025-08-26 01:09:11.017706+00'),
	('7a3f7cc8-43f3-425c-92e3-13ecffe73793', 'ce1fd12a-f8d4-4d57-9d5f-14e50dfab9a4', NULL, 'pending', NULL, 'Başvuru alındı', '2025-08-26 01:09:11.017706+00'),
	('2ed8c374-3b9b-4553-bce3-28192758cdc4', 'ce1fd12a-f8d4-4d57-9d5f-14e50dfab9a4', 'pending', 'admin_approved', NULL, 'Admin onayı verildi', '2025-08-26 01:09:11.017706+00'),
	('fc8f7ea0-cb76-416e-9782-ea1024244103', 'ce1fd12a-f8d4-4d57-9d5f-14e50dfab9a4', 'admin_approved', 'in_pool', NULL, 'Firma havuzuna eklendi', '2025-08-26 01:09:11.017706+00'),
	('01d5e01b-cf09-45cf-8569-2ff546fd9912', '6ec010f9-22dd-42d6-8b98-07402b23fafb', NULL, 'pending', NULL, 'Başvuru alındı', '2025-08-26 01:51:54.686602+00'),
	('93f7598a-534b-4108-8192-72f62527a946', 'c3335f89-8633-4f38-aedf-fbe7ff8997ac', NULL, 'pending', NULL, 'Başvuru alındı', '2025-08-26 07:07:37.253627+00');


--
-- Data for Name: appointments; Type: TABLE DATA; Schema: public; Owner: postgres
--

INSERT INTO "public"."appointments" ("id", "company_id", "consultant_id", "title", "description", "meeting_type", "preferred_date", "preferred_time", "status", "priority", "meeting_link", "meeting_location", "attended", "attendance_notes", "created_at", "updated_at", "company_notes", "admin_notes") VALUES
	('c298b100-5213-4b5d-b9bc-10c42f575150', 'deb723c2-9ec0-47ab-9a6b-f5d929a237c3', '76661697-907e-4e9b-84ee-5b150a3f48be', '1. randevu', 'açıklama', 'online', '2025-09-01', '21:54:00', 'rejected', 'low', NULL, NULL, false, NULL, '2025-09-01 18:48:45.092183+00', '2025-09-01 18:49:47.714398+00', NULL, NULL),
	('247ca491-f571-447d-b1cf-90952c55c0a7', '6fcc9e92-4169-4b06-9c2f-a8c6cc284d73', '76661697-907e-4e9b-84ee-5b150a3f48be', '1. Mundo', 'açıklamaaaa', 'phone', '2025-09-05', '12:00:00', 'confirmed', 'urgent', NULL, NULL, false, NULL, '2025-09-01 18:51:19.778821+00', '2025-09-01 18:52:10.506206+00', NULL, NULL),
	('3898660d-879e-445e-9011-e86756a17019', 'f0a64589-d305-4266-a7f6-76aadd7bf8ba', '76661697-907e-4e9b-84ee-5b150a3f48be', 'Sarmobi Randevu', 'asdasda', 'physical', '2025-09-07', '10:00:00', 'confirmed', 'urgent', NULL, NULL, false, NULL, '2025-09-01 19:06:30.406903+00', '2025-09-01 19:08:08.152122+00', NULL, NULL),
	('1f049618-ca3b-48b5-8a7d-6a872e41493d', 'f0a64589-d305-4266-a7f6-76aadd7bf8ba', '76661697-907e-4e9b-84ee-5b150a3f48be', 'iptal denemesi', 'sdasdasd', 'online', '2025-09-12', '10:00:00', 'rejected', 'urgent', NULL, NULL, false, NULL, '2025-09-01 19:08:38.417732+00', '2025-09-01 19:11:54.735878+00', NULL, NULL),
	('6ae9ccff-b7e1-48ea-929d-74432e2c77c9', 'f0a64589-d305-4266-a7f6-76aadd7bf8ba', '76661697-907e-4e9b-84ee-5b150a3f48be', 'asdasd', 'yükesek öncelik', 'physical', '2025-09-11', '10:00:00', 'completed', 'high', NULL, NULL, false, NULL, '2025-09-01 19:09:08.969215+00', '2025-09-01 19:15:55.861005+00', NULL, NULL),
	('76ae49a3-02a9-41d7-9425-0a28fb891d7c', 'f0a64589-d305-4266-a7f6-76aadd7bf8ba', '76661697-907e-4e9b-84ee-5b150a3f48be', 'düşük öncelik', ' asdadsad', 'online', '2025-09-09', '01:09:00', 'confirmed', 'low', NULL, NULL, false, NULL, '2025-09-01 19:09:33.839431+00', '2025-09-01 19:16:27.15103+00', NULL, NULL),
	('0fb8cbe1-816f-4eda-94bf-a680ac5da653', 'f0a64589-d305-4266-a7f6-76aadd7bf8ba', '76661697-907e-4e9b-84ee-5b150a3f48be', 'geçmiş', 'ddddd', 'online', '2025-09-01', '22:16:00', 'confirmed', 'normal', NULL, NULL, false, NULL, '2025-09-01 19:17:26.507272+00', '2025-09-01 19:17:43.221939+00', NULL, NULL);


--
-- Data for Name: appointment_notes; Type: TABLE DATA; Schema: public; Owner: postgres
--

INSERT INTO "public"."appointment_notes" ("id", "appointment_id", "note_type", "content", "created_by", "created_at", "updated_at") VALUES
	('e0b639e9-3ec6-435a-b393-67c6d3909690', '76ae49a3-02a9-41d7-9425-0a28fb891d7c', 'company', 'ok güzel', 'admin@ihracatakademi.com', '2025-09-01 19:16:14.969537+00', '2025-09-01 19:16:14.969537+00');


--
-- Data for Name: appointment_revise_requests; Type: TABLE DATA; Schema: public; Owner: postgres
--

INSERT INTO "public"."appointment_revise_requests" ("id", "appointment_id", "company_id", "consultant_id", "original_date", "original_time", "requested_date", "requested_time", "reason", "additional_notes", "status", "requested_by", "requested_at", "reviewed_by", "reviewed_at", "review_notes", "created_at", "updated_at") VALUES
	('a03dedaa-6e8f-45a7-8bd3-f6ba86235b00', 'c298b100-5213-4b5d-b9bc-10c42f575150', 'deb723c2-9ec0-47ab-9a6b-f5d929a237c3', '76661697-907e-4e9b-84ee-5b150a3f48be', '2025-09-01', '21:54:00', '2025-09-02', '09:50:00', 'acil_iş_çıkması', 'dsfsdf', 'rejected', 'info@rosehan.com', '2025-09-01 18:49:14.311+00', NULL, '2025-09-01 18:49:47.428+00', NULL, '2025-09-01 18:49:14.463126+00', '2025-09-01 18:49:47.428+00'),
	('8f7ece0c-5454-4fa2-8219-177455374663', '247ca491-f571-447d-b1cf-90952c55c0a7', '6fcc9e92-4169-4b06-9c2f-a8c6cc284d73', '76661697-907e-4e9b-84ee-5b150a3f48be', '2025-09-03', '10:00:00', '2025-09-05', '12:00:00', 'seyahat_planı', 'dsdf', 'approved', 'info@mundo.com', '2025-09-01 18:51:50.879+00', NULL, '2025-09-01 18:52:10.224+00', NULL, '2025-09-01 18:51:51.030932+00', '2025-09-01 18:52:10.224+00'),
	('2698f097-2c9d-442a-95a3-195037352bc6', '3898660d-879e-445e-9011-e86756a17019', 'f0a64589-d305-4266-a7f6-76aadd7bf8ba', '76661697-907e-4e9b-84ee-5b150a3f48be', '2025-09-08', '10:00:00', '2025-09-07', '10:00:00', 'toplantı_çakışması', 'dfwef', 'approved', 'info@sarmobi.com', '2025-09-01 19:07:42.709+00', NULL, '2025-09-01 19:08:07.756+00', NULL, '2025-09-01 19:07:42.968309+00', '2025-09-01 19:08:07.756+00');


--
-- Data for Name: company_activity_history; Type: TABLE DATA; Schema: public; Owner: postgres
--

INSERT INTO "public"."company_activity_history" ("id", "company_id", "type", "title", "description", "details", "user_id", "created_at") VALUES
	('0d03d396-24ea-4fa6-9b4b-28cb7ee7d55c', '6fcc9e92-4169-4b06-9c2f-a8c6cc284d73', 'update', 'General Tab''ı Güncellendi', 'general tab''ındaki veriler güncellendi', 'Tab: general, Güncelleme zamanı: 21.08.2025 22:50:27', NULL, '2025-08-21 19:50:27.540085+00'),
	('0f9ddc11-aa22-487d-86b6-7906e849c715', '6fcc9e92-4169-4b06-9c2f-a8c6cc284d73', 'update', 'General Tab''ı Güncellendi', 'general tab''ındaki veriler güncellendi', 'Tab: general, Güncelleme zamanı: 21.08.2025 22:51:00', NULL, '2025-08-21 19:51:00.7619+00'),
	('2cb98e89-199c-4c99-a07f-9b73b466c1f7', '6fcc9e92-4169-4b06-9c2f-a8c6cc284d73', 'update', 'Markets Tab''ı Güncellendi', 'markets tab''ındaki veriler güncellendi', 'Tab: markets, Güncelleme zamanı: 21.08.2025 22:55:41', NULL, '2025-08-21 19:55:41.198579+00'),
	('fb31f77e-fd49-40e4-bf09-faff5f6f376b', '6fcc9e92-4169-4b06-9c2f-a8c6cc284d73', 'update', 'Markets Tab''ı Güncellendi', 'markets tab''ındaki veriler güncellendi', 'Tab: markets, Güncelleme zamanı: 21.08.2025 23:22:52', NULL, '2025-08-21 20:22:53.12551+00'),
	('82aa1175-66b0-4032-83bf-0a70a8c7213f', '6fcc9e92-4169-4b06-9c2f-a8c6cc284d73', 'update', 'Markets Tab''ı Güncellendi', 'markets tab''ındaki veriler güncellendi', 'Tab: markets, Güncelleme zamanı: 21.08.2025 23:23:44', NULL, '2025-08-21 20:23:44.299695+00'),
	('69f0ab69-e881-4a5b-9b1b-d1bcc4410b17', '6fcc9e92-4169-4b06-9c2f-a8c6cc284d73', 'update', 'Markets Tab''ı Güncellendi', 'markets tab''ındaki veriler güncellendi', 'Tab: markets, Güncelleme zamanı: 21.08.2025 23:30:03', NULL, '2025-08-21 20:30:03.947351+00'),
	('ec8aec4a-0c57-4061-9c89-96fe2c749546', '6fcc9e92-4169-4b06-9c2f-a8c6cc284d73', 'update', 'Markets Tab''ı Güncellendi', 'markets tab''ındaki veriler güncellendi', 'Tab: markets, Güncelleme zamanı: 21.08.2025 23:33:03', NULL, '2025-08-21 20:33:03.717521+00'),
	('22448edd-e0f2-4fd4-b510-5801ce67cd49', '6fcc9e92-4169-4b06-9c2f-a8c6cc284d73', 'update', 'Markets Tab''ı Güncellendi', 'markets tab''ındaki veriler güncellendi', 'Tab: markets, Güncelleme zamanı: 21.08.2025 23:33:58', NULL, '2025-08-21 20:33:58.406511+00'),
	('103240d7-0d53-4d94-b692-98b88c1d1a82', '6fcc9e92-4169-4b06-9c2f-a8c6cc284d73', 'update', 'Markets Tab''ı Güncellendi', 'markets tab''ındaki veriler güncellendi', 'Tab: markets, Güncelleme zamanı: 21.08.2025 23:39:13', NULL, '2025-08-21 20:39:13.352811+00'),
	('ae36b56a-1b7c-46e8-b31c-7c4db1e5f615', '6fcc9e92-4169-4b06-9c2f-a8c6cc284d73', 'update', 'Markets Tab''ı Güncellendi', 'markets tab''ındaki veriler güncellendi', 'Tab: markets, Güncelleme zamanı: 21.08.2025 23:46:21', NULL, '2025-08-21 20:46:21.942061+00'),
	('e1ddad71-78c3-42dc-afd8-4ab311b7c95d', '6fcc9e92-4169-4b06-9c2f-a8c6cc284d73', 'update', 'Markets Tab''ı Güncellendi', 'markets tab''ındaki veriler güncellendi', 'Tab: markets, Güncelleme zamanı: 21.08.2025 23:53:23', NULL, '2025-08-21 20:53:24.102679+00'),
	('5e94fd56-cb87-44aa-b106-77c926f4e599', '6fcc9e92-4169-4b06-9c2f-a8c6cc284d73', 'update', 'Markets Tab''ı Güncellendi', 'markets tab''ındaki veriler güncellendi', 'Tab: markets, Güncelleme zamanı: 21.08.2025 23:54:04', NULL, '2025-08-21 20:54:04.439521+00'),
	('ab1b4b7e-1a02-4afb-89cb-0325aa756460', '6fcc9e92-4169-4b06-9c2f-a8c6cc284d73', 'update', 'Products Tab''ı Güncellendi', 'products tab''ındaki veriler güncellendi', 'Tab: products, Güncelleme zamanı: 21.08.2025 23:54:50', NULL, '2025-08-21 20:54:51.136927+00'),
	('afad6829-edaf-4709-b597-68337d05dc97', '6fcc9e92-4169-4b06-9c2f-a8c6cc284d73', 'update', 'Competitors Tab''ı Güncellendi', 'competitors tab''ındaki veriler güncellendi', 'Tab: competitors, Güncelleme zamanı: 21.08.2025 23:55:19', NULL, '2025-08-21 20:55:19.486038+00'),
	('ba1cb009-b74c-4635-a09f-cb8fb0e7f933', '6fcc9e92-4169-4b06-9c2f-a8c6cc284d73', 'update', 'Markets Tab''ı Güncellendi', 'markets tab''ındaki veriler güncellendi', 'Tab: markets, Güncelleme zamanı: 21.08.2025 23:56:07', NULL, '2025-08-21 20:56:08.029923+00'),
	('e0af1a5d-ce75-4feb-9520-6a4148e09414', '6fcc9e92-4169-4b06-9c2f-a8c6cc284d73', 'update', 'Production Tab''ı Güncellendi', 'production tab''ındaki veriler güncellendi', 'Tab: production, Güncelleme zamanı: 21.08.2025 23:58:14', NULL, '2025-08-21 20:58:14.515604+00'),
	('84100e55-8832-40f3-b51a-deb4d3c235f2', '6fcc9e92-4169-4b06-9c2f-a8c6cc284d73', 'update', 'Digital Tab''ı Güncellendi', 'digital tab''ındaki veriler güncellendi', 'Tab: digital, Güncelleme zamanı: 21.08.2025 23:58:26', NULL, '2025-08-21 20:58:27.049267+00'),
	('e379e02b-41c9-4ba8-b306-0aabe72bbf5a', '6fcc9e92-4169-4b06-9c2f-a8c6cc284d73', 'update', 'Sales Tab''ı Güncellendi', 'sales tab''ındaki veriler güncellendi', 'Tab: sales, Güncelleme zamanı: 21.08.2025 23:58:42', NULL, '2025-08-21 20:58:42.877196+00'),
	('d4572be8-7beb-4e2b-881e-58b5475a9ed2', '6fcc9e92-4169-4b06-9c2f-a8c6cc284d73', 'update', 'Content Tab''ı Güncellendi', 'content tab''ındaki veriler güncellendi', 'Tab: content, Güncelleme zamanı: 21.08.2025 23:58:55', NULL, '2025-08-21 20:58:56.063064+00'),
	('66206b86-2b2e-4844-b9b4-a55ec8a60cab', '6fcc9e92-4169-4b06-9c2f-a8c6cc284d73', 'update', 'Certification Tab''ı Güncellendi', 'certification tab''ındaki veriler güncellendi', 'Tab: certification, Güncelleme zamanı: 21.08.2025 23:59:11', NULL, '2025-08-21 20:59:11.501012+00'),
	('52eaabb0-fcd6-4c1b-84dd-cd23a34473ee', '6fcc9e92-4169-4b06-9c2f-a8c6cc284d73', 'update', 'Markets Tab''ı Güncellendi', 'markets tab''ındaki veriler güncellendi', 'Tab: markets, Güncelleme zamanı: 22.08.2025 00:05:39', NULL, '2025-08-21 21:05:39.500948+00'),
	('5060bf45-34e0-40cc-a590-53d1a1b463b2', '6fcc9e92-4169-4b06-9c2f-a8c6cc284d73', 'update', 'General Tab''ı Güncellendi', 'general tab''ındaki veriler güncellendi', 'Tab: general, Güncelleme zamanı: 22.08.2025 01:54:03', NULL, '2025-08-21 22:54:04.063007+00'),
	('6ab2137b-cb6d-4fc6-8d96-275c6b848e9c', '6fcc9e92-4169-4b06-9c2f-a8c6cc284d73', 'update', 'General Tab''ı Güncellendi', 'general tab''ındaki veriler güncellendi', 'Tab: general, Güncelleme zamanı: 22.08.2025 02:04:35', NULL, '2025-08-21 23:04:35.673437+00'),
	('47765e2f-7779-418a-8f55-b2e9cd6a1699', '6fcc9e92-4169-4b06-9c2f-a8c6cc284d73', 'update', 'General Tab''ı Güncellendi', 'general tab''ındaki veriler güncellendi', 'Tab: general, Güncelleme zamanı: 22.08.2025 02:12:58', NULL, '2025-08-21 23:12:58.333532+00'),
	('698b3c8b-b4a3-4c69-98a1-9f935efbe19b', '6fcc9e92-4169-4b06-9c2f-a8c6cc284d73', 'update', 'General Tab''ı Güncellendi', 'general tab''ındaki veriler güncellendi', 'Tab: general, Güncelleme zamanı: 22.08.2025 02:13:49', NULL, '2025-08-21 23:13:49.52125+00'),
	('27ab6f08-539c-48ee-8b08-37e09da78950', '6fcc9e92-4169-4b06-9c2f-a8c6cc284d73', 'update', 'General Tab''ı Güncellendi', 'general tab''ındaki veriler güncellendi', 'Tab: general, Güncelleme zamanı: 22.08.2025 02:15:58', NULL, '2025-08-21 23:15:58.924778+00'),
	('11ac7bfb-0fe3-4c07-aa26-cf5949b381f9', '6fcc9e92-4169-4b06-9c2f-a8c6cc284d73', 'update', 'General Tab''ı Güncellendi', 'general tab''ındaki veriler güncellendi', 'Tab: general, Güncelleme zamanı: 22.08.2025 02:16:53', NULL, '2025-08-21 23:16:53.460222+00'),
	('41519984-109f-4da5-9c6a-b592829c595c', '6fcc9e92-4169-4b06-9c2f-a8c6cc284d73', 'update', 'General Tab''ı Güncellendi', 'general tab''ındaki veriler güncellendi', 'Tab: general, Güncelleme zamanı: 22.08.2025 02:19:44', NULL, '2025-08-21 23:19:44.337449+00'),
	('f7e0c6aa-cb76-4fc4-bca5-55898a1f8b55', '6fcc9e92-4169-4b06-9c2f-a8c6cc284d73', 'update', 'General Tab''ı Güncellendi', 'general tab''ındaki veriler güncellendi', 'Tab: general, Güncelleme zamanı: 22.08.2025 02:24:02', NULL, '2025-08-21 23:24:02.532111+00'),
	('8e6bf202-eed5-4107-9305-f66eb3d453d6', '6fcc9e92-4169-4b06-9c2f-a8c6cc284d73', 'update', 'General Tab''ı Güncellendi', 'general tab''ındaki veriler güncellendi', 'Tab: general, Güncelleme zamanı: 22.08.2025 02:31:59', NULL, '2025-08-21 23:31:59.913406+00'),
	('2a763752-6a7c-4f1b-b11f-ae1bb9bd3c72', '6fcc9e92-4169-4b06-9c2f-a8c6cc284d73', 'update', 'General Tab''ı Güncellendi', 'general tab''ındaki veriler güncellendi', 'Tab: general, Güncelleme zamanı: 22.08.2025 02:37:25', NULL, '2025-08-21 23:37:25.524203+00'),
	('7f9dfe1f-3501-4206-87f0-79794fe27f8b', '6fcc9e92-4169-4b06-9c2f-a8c6cc284d73', 'update', 'General Tab''ı Güncellendi', 'general tab''ındaki veriler güncellendi', 'Tab: general, Güncelleme zamanı: 22.08.2025 02:40:40', NULL, '2025-08-21 23:40:40.131194+00'),
	('f9f88612-857d-43b4-8ce4-564e3d873301', '6fcc9e92-4169-4b06-9c2f-a8c6cc284d73', 'update', 'General Tab''ı Güncellendi', 'general tab''ındaki veriler güncellendi', 'Tab: general, Güncelleme zamanı: 22.08.2025 02:47:24', NULL, '2025-08-21 23:47:24.201141+00'),
	('1e63dca8-ea8e-4db8-b0b3-e959d5c2fb9c', 'f0a64589-d305-4266-a7f6-76aadd7bf8ba', 'update', 'General Tab''ı Güncellendi', 'general tab''ındaki veriler güncellendi', 'Tab: general, Güncelleme zamanı: 22.08.2025 03:35:38', NULL, '2025-08-22 00:35:38.975909+00'),
	('716d0807-cb60-494e-8c35-d9ba4a16f5b7', '6fcc9e92-4169-4b06-9c2f-a8c6cc284d73', 'update', 'General Tab''ı Güncellendi', 'general tab''ındaki veriler güncellendi', 'Tab: general, Güncelleme zamanı: 22.08.2025 12:43:41', NULL, '2025-08-22 09:43:41.521281+00'),
	('f696ec38-2d14-4b93-a8d9-3a1da109cb27', '6fcc9e92-4169-4b06-9c2f-a8c6cc284d73', 'update', 'Products Tab''ı Güncellendi', 'products tab''ındaki veriler güncellendi', 'Tab: products, Güncelleme zamanı: 22.08.2025 14:04:16', NULL, '2025-08-22 11:04:16.542882+00'),
	('f9e70934-23a3-4812-878b-c47004d4db8a', '6fcc9e92-4169-4b06-9c2f-a8c6cc284d73', 'update', 'General Tab''ı Güncellendi', 'general tab''ındaki veriler güncellendi', 'Tab: general, Güncelleme zamanı: 22.08.2025 14:38:16', NULL, '2025-08-22 11:38:16.945412+00'),
	('3fc6e2ce-bbc3-4e3a-b8fd-df76923fdc87', '6fcc9e92-4169-4b06-9c2f-a8c6cc284d73', 'update', 'General Tab''ı Güncellendi', 'general tab''ındaki veriler güncellendi', 'Tab: general, Güncelleme zamanı: 22.08.2025 14:39:13', NULL, '2025-08-22 11:39:13.272943+00'),
	('d1df70b2-b2df-4a74-8d48-51003d7027bd', '6fcc9e92-4169-4b06-9c2f-a8c6cc284d73', 'update', 'Production Tab''ı Güncellendi', 'production tab''ındaki veriler güncellendi', 'Tab: production, Güncelleme zamanı: 22.08.2025 14:43:57', NULL, '2025-08-22 11:43:57.448+00'),
	('7558d0d6-b59e-48c5-bc5e-f134a8909d38', '6fcc9e92-4169-4b06-9c2f-a8c6cc284d73', 'update', 'Competitors Tab''ı Güncellendi', 'competitors tab''ındaki veriler güncellendi', 'Tab: competitors, Güncelleme zamanı: 22.08.2025 14:43:57', NULL, '2025-08-22 11:43:57.447+00'),
	('f7336c1e-3aaa-4648-b19a-3347ed15f154', '6fcc9e92-4169-4b06-9c2f-a8c6cc284d73', 'update', 'General Tab''ı Güncellendi', 'general tab''ındaki veriler güncellendi', 'Tab: general, Güncelleme zamanı: 22.08.2025 14:43:57', NULL, '2025-08-22 11:43:57.446+00'),
	('69b647b5-da1c-4357-a3bd-dea36d5f9527', '6fcc9e92-4169-4b06-9c2f-a8c6cc284d73', 'update', 'Production Tab''ı Güncellendi', 'production tab''ındaki veriler güncellendi', 'Tab: production, Güncelleme zamanı: 22.08.2025 14:50:49', NULL, '2025-08-22 11:50:49.603+00'),
	('db81595b-6cf7-4048-9c3b-66314add30b4', '6fcc9e92-4169-4b06-9c2f-a8c6cc284d73', 'update', 'General Tab''ı Güncellendi', 'general tab''ındaki veriler güncellendi', 'Tab: general, Güncelleme zamanı: 22.08.2025 14:50:49', NULL, '2025-08-22 11:50:49.632+00'),
	('b5fa768e-8c14-4754-9318-52828adaf914', '6fcc9e92-4169-4b06-9c2f-a8c6cc284d73', 'update', 'Competitors Tab''ı Güncellendi', 'competitors tab''ındaki veriler güncellendi', 'Tab: competitors, Güncelleme zamanı: 22.08.2025 14:50:50', NULL, '2025-08-22 11:50:50.007+00'),
	('e5896496-5ae3-4e09-a79d-61dc3ea4b336', '6fcc9e92-4169-4b06-9c2f-a8c6cc284d73', 'update', 'Sales Tab''ı Güncellendi', 'sales tab''ındaki veriler güncellendi', 'Tab: sales, Güncelleme zamanı: 22.08.2025 14:50:50', NULL, '2025-08-22 11:50:50.099+00'),
	('5dd41542-22f9-4dcd-abb4-916eab79cb0c', '6fcc9e92-4169-4b06-9c2f-a8c6cc284d73', 'update', 'Content Tab''ı Güncellendi', 'content tab''ındaki veriler güncellendi', 'Tab: content, Güncelleme zamanı: 22.08.2025 14:50:50', NULL, '2025-08-22 11:50:50.25+00'),
	('21ec96e2-2f36-42ad-8aa1-92e7d171a24c', '6fcc9e92-4169-4b06-9c2f-a8c6cc284d73', 'update', 'Competitors Tab''ı Güncellendi', 'competitors tab''ındaki veriler güncellendi', 'Tab: competitors, Güncelleme zamanı: 22.08.2025 14:56:27', NULL, '2025-08-22 11:56:27.992+00'),
	('4a84eef3-68c8-41a3-bbda-49bc2dc98e78', '6fcc9e92-4169-4b06-9c2f-a8c6cc284d73', 'update', 'General Tab''ı Güncellendi', 'general tab''ındaki veriler güncellendi', 'Tab: general, Güncelleme zamanı: 22.08.2025 14:56:27', NULL, '2025-08-22 11:56:27.994+00'),
	('5e221c9e-ee83-4e13-8725-d4159203a37b', '6fcc9e92-4169-4b06-9c2f-a8c6cc284d73', 'update', 'Markets Tab''ı Güncellendi', 'markets tab''ındaki veriler güncellendi', 'Tab: markets, Güncelleme zamanı: 22.08.2025 14:56:27', NULL, '2025-08-22 11:56:27.999+00'),
	('5e41edfd-6814-44df-83b7-a38df914f0fd', '6fcc9e92-4169-4b06-9c2f-a8c6cc284d73', 'update', 'Production Tab''ı Güncellendi', 'production tab''ındaki veriler güncellendi', 'Tab: production, Güncelleme zamanı: 22.08.2025 14:56:28', NULL, '2025-08-22 11:56:28.015+00'),
	('d8c60752-ff05-437f-b5a0-6b80a20ef14d', '6fcc9e92-4169-4b06-9c2f-a8c6cc284d73', 'update', 'Sales Tab''ı Güncellendi', 'sales tab''ındaki veriler güncellendi', 'Tab: sales, Güncelleme zamanı: 22.08.2025 14:56:28', NULL, '2025-08-22 11:56:28.252+00'),
	('af6eb12d-1316-4de4-9e3b-6ee3e3ef87d7', '6fcc9e92-4169-4b06-9c2f-a8c6cc284d73', 'update', 'Content Tab''ı Güncellendi', 'content tab''ındaki veriler güncellendi', 'Tab: content, Güncelleme zamanı: 22.08.2025 14:56:28', NULL, '2025-08-22 11:56:28.305+00'),
	('3ddc4fa6-bc76-4566-a615-d92edec29f8f', '6fcc9e92-4169-4b06-9c2f-a8c6cc284d73', 'update', 'Markets Tab''ı Güncellendi', 'markets tab''ındaki veriler güncellendi', 'Tab: markets, Güncelleme zamanı: 22.08.2025 15:02:56', NULL, '2025-08-22 12:02:56.58+00'),
	('73fc3876-70d3-4fa2-88ac-5f4ba723cf3f', '6fcc9e92-4169-4b06-9c2f-a8c6cc284d73', 'update', 'Competitors Tab''ı Güncellendi', 'competitors tab''ındaki veriler güncellendi', 'Tab: competitors, Güncelleme zamanı: 22.08.2025 15:02:56', NULL, '2025-08-22 12:02:56.582+00'),
	('d015a915-f6ef-43a7-a94f-254a722d5f84', '6fcc9e92-4169-4b06-9c2f-a8c6cc284d73', 'update', 'Production Tab''ı Güncellendi', 'production tab''ındaki veriler güncellendi', 'Tab: production, Güncelleme zamanı: 22.08.2025 15:02:56', NULL, '2025-08-22 12:02:56.579+00'),
	('7758c101-2a87-4942-85aa-5b7ee81f5a9d', '6fcc9e92-4169-4b06-9c2f-a8c6cc284d73', 'update', 'General Tab''ı Güncellendi', 'general tab''ındaki veriler güncellendi', 'Tab: general, Güncelleme zamanı: 22.08.2025 15:02:56', NULL, '2025-08-22 12:02:56.616+00'),
	('4b4008e1-64fa-47cd-8350-1087c4f98bf5', '6fcc9e92-4169-4b06-9c2f-a8c6cc284d73', 'update', 'Sales Tab''ı Güncellendi', 'sales tab''ındaki veriler güncellendi', 'Tab: sales, Güncelleme zamanı: 22.08.2025 15:02:56', NULL, '2025-08-22 12:02:56.835+00'),
	('40b578a3-7968-4488-a523-e124992679d5', '6fcc9e92-4169-4b06-9c2f-a8c6cc284d73', 'update', 'Content Tab''ı Güncellendi', 'content tab''ındaki veriler güncellendi', 'Tab: content, Güncelleme zamanı: 22.08.2025 15:02:56', NULL, '2025-08-22 12:02:56.853+00'),
	('abecc6ec-9992-47cb-8408-5ba0d3601701', '6fcc9e92-4169-4b06-9c2f-a8c6cc284d73', 'update', 'Markets Tab''ı Güncellendi', 'markets tab''ındaki veriler güncellendi', 'Tab: markets, Güncelleme zamanı: 22.08.2025 15:05:51', NULL, '2025-08-22 12:05:51.409+00'),
	('dd1f799d-86d5-4e09-9376-79a3d2b64f0e', '6fcc9e92-4169-4b06-9c2f-a8c6cc284d73', 'update', 'Production Tab''ı Güncellendi', 'production tab''ındaki veriler güncellendi', 'Tab: production, Güncelleme zamanı: 22.08.2025 15:05:51', NULL, '2025-08-22 12:05:51.407+00'),
	('d29d9b04-8f8f-4b77-8fb5-be968d89125c', '6fcc9e92-4169-4b06-9c2f-a8c6cc284d73', 'update', 'Competitors Tab''ı Güncellendi', 'competitors tab''ındaki veriler güncellendi', 'Tab: competitors, Güncelleme zamanı: 22.08.2025 15:05:51', NULL, '2025-08-22 12:05:51.426+00'),
	('4453d5b4-6dd5-49c6-b411-b39bdd58ec9a', '6fcc9e92-4169-4b06-9c2f-a8c6cc284d73', 'update', 'General Tab''ı Güncellendi', 'general tab''ındaki veriler güncellendi', 'Tab: general, Güncelleme zamanı: 22.08.2025 15:05:51', NULL, '2025-08-22 12:05:51.451+00'),
	('3d9d94c9-a8ef-436a-aa26-54c4f9c32fc9', '6fcc9e92-4169-4b06-9c2f-a8c6cc284d73', 'update', 'Sales Tab''ı Güncellendi', 'sales tab''ındaki veriler güncellendi', 'Tab: sales, Güncelleme zamanı: 22.08.2025 15:05:51', NULL, '2025-08-22 12:05:51.662+00'),
	('cd3a4ef6-b728-4464-a991-ddfbe18cc715', '6fcc9e92-4169-4b06-9c2f-a8c6cc284d73', 'update', 'Content Tab''ı Güncellendi', 'content tab''ındaki veriler güncellendi', 'Tab: content, Güncelleme zamanı: 22.08.2025 15:05:51', NULL, '2025-08-22 12:05:51.718+00'),
	('fcb1a3d1-cda9-4ddc-acaf-90e6b5fef0ca', '6fcc9e92-4169-4b06-9c2f-a8c6cc284d73', 'update', 'Markets Tab''ı Güncellendi', 'markets tab''ındaki veriler güncellendi', 'Tab: markets, Güncelleme zamanı: 22.08.2025 15:08:49', NULL, '2025-08-22 12:08:49.901+00'),
	('cf8099c3-44f8-4d64-aff2-024cfc1da04f', '6fcc9e92-4169-4b06-9c2f-a8c6cc284d73', 'update', 'Competitors Tab''ı Güncellendi', 'competitors tab''ındaki veriler güncellendi', 'Tab: competitors, Güncelleme zamanı: 22.08.2025 15:08:49', NULL, '2025-08-22 12:08:49.932+00'),
	('05a5a658-8e56-462e-80df-e58dfdd306fc', '6fcc9e92-4169-4b06-9c2f-a8c6cc284d73', 'update', 'General Tab''ı Güncellendi', 'general tab''ındaki veriler güncellendi', 'Tab: general, Güncelleme zamanı: 22.08.2025 15:08:49', NULL, '2025-08-22 12:08:49.927+00'),
	('a6aeee34-25fd-4509-a051-c0dd932cb6bd', '6fcc9e92-4169-4b06-9c2f-a8c6cc284d73', 'update', 'Production Tab''ı Güncellendi', 'production tab''ındaki veriler güncellendi', 'Tab: production, Güncelleme zamanı: 22.08.2025 15:08:49', NULL, '2025-08-22 12:08:49.973+00'),
	('e1098c22-1fb6-4df8-b8d2-489b1d50afe6', '6fcc9e92-4169-4b06-9c2f-a8c6cc284d73', 'update', 'Sales Tab''ı Güncellendi', 'sales tab''ındaki veriler güncellendi', 'Tab: sales, Güncelleme zamanı: 22.08.2025 15:08:50', NULL, '2025-08-22 12:08:50.155+00'),
	('1d6e42d6-80d1-4648-802a-7fe50b54855b', '6fcc9e92-4169-4b06-9c2f-a8c6cc284d73', 'update', 'Content Tab''ı Güncellendi', 'content tab''ındaki veriler güncellendi', 'Tab: content, Güncelleme zamanı: 22.08.2025 15:08:50', NULL, '2025-08-22 12:08:50.172+00'),
	('3569df44-c992-4f80-812c-507b87cb91bd', '6fcc9e92-4169-4b06-9c2f-a8c6cc284d73', 'update', 'Competitors Tab''ı Güncellendi', 'competitors tab''ındaki veriler güncellendi', 'Tab: competitors, Güncelleme zamanı: 22.08.2025 15:11:21', NULL, '2025-08-22 12:11:21.434+00'),
	('e7f4c249-36e7-4ffe-b021-f6e6d2324641', '6fcc9e92-4169-4b06-9c2f-a8c6cc284d73', 'update', 'General Tab''ı Güncellendi', 'general tab''ındaki veriler güncellendi', 'Tab: general, Güncelleme zamanı: 22.08.2025 15:11:21', NULL, '2025-08-22 12:11:21.511+00'),
	('3bdfa2ec-f29b-4aa7-a3f3-1aa9755cfbde', '6fcc9e92-4169-4b06-9c2f-a8c6cc284d73', 'update', 'Production Tab''ı Güncellendi', 'production tab''ındaki veriler güncellendi', 'Tab: production, Güncelleme zamanı: 22.08.2025 15:11:21', NULL, '2025-08-22 12:11:21.539+00'),
	('2b35f8a3-66d5-4260-aecb-8ddf10142822', '6fcc9e92-4169-4b06-9c2f-a8c6cc284d73', 'update', 'Markets Tab''ı Güncellendi', 'markets tab''ındaki veriler güncellendi', 'Tab: markets, Güncelleme zamanı: 22.08.2025 15:11:21', NULL, '2025-08-22 12:11:21.601+00'),
	('e40cc5a3-b980-4aa8-aa7e-a57144ebae33', '6fcc9e92-4169-4b06-9c2f-a8c6cc284d73', 'update', 'Sales Tab''ı Güncellendi', 'sales tab''ındaki veriler güncellendi', 'Tab: sales, Güncelleme zamanı: 22.08.2025 15:11:21', NULL, '2025-08-22 12:11:21.806+00'),
	('0ea63e4f-dbba-4c78-bba5-f8ecf04c7043', '6fcc9e92-4169-4b06-9c2f-a8c6cc284d73', 'update', 'Content Tab''ı Güncellendi', 'content tab''ındaki veriler güncellendi', 'Tab: content, Güncelleme zamanı: 22.08.2025 15:11:21', NULL, '2025-08-22 12:11:21.803+00'),
	('9b3617df-9409-4418-89dd-c23336e8625f', '6fcc9e92-4169-4b06-9c2f-a8c6cc284d73', 'update', 'Certification Tab''ı Güncellendi', 'certification tab''ındaki veriler güncellendi', 'Tab: certification, Güncelleme zamanı: 22.08.2025 15:11:21', NULL, '2025-08-22 12:11:21.831+00'),
	('8f47b419-cc58-4b98-996d-968cb1dc3bc9', '6fcc9e92-4169-4b06-9c2f-a8c6cc284d73', 'update', 'Markets Tab''ı Güncellendi', 'markets tab''ındaki veriler güncellendi', 'Tab: markets, Güncelleme zamanı: 22.08.2025 15:13:24', NULL, '2025-08-22 12:13:24.917+00'),
	('1e4c30ba-113f-4d37-a1b1-fde06196e2cf', '6fcc9e92-4169-4b06-9c2f-a8c6cc284d73', 'update', 'Competitors Tab''ı Güncellendi', 'competitors tab''ındaki veriler güncellendi', 'Tab: competitors, Güncelleme zamanı: 22.08.2025 15:13:24', NULL, '2025-08-22 12:13:24.924+00'),
	('26a5ba7b-b514-41b8-9b73-ea8d322400a9', '6fcc9e92-4169-4b06-9c2f-a8c6cc284d73', 'update', 'Production Tab''ı Güncellendi', 'production tab''ındaki veriler güncellendi', 'Tab: production, Güncelleme zamanı: 22.08.2025 15:13:24', NULL, '2025-08-22 12:13:24.952+00'),
	('09d73bea-e46a-4150-8149-0ddd33c679ab', '6fcc9e92-4169-4b06-9c2f-a8c6cc284d73', 'update', 'General Tab''ı Güncellendi', 'general tab''ındaki veriler güncellendi', 'Tab: general, Güncelleme zamanı: 22.08.2025 15:13:24', NULL, '2025-08-22 12:13:24.965+00'),
	('a8208cef-871b-474f-a139-bec30f07c6cb', '6fcc9e92-4169-4b06-9c2f-a8c6cc284d73', 'update', 'Sales Tab''ı Güncellendi', 'sales tab''ındaki veriler güncellendi', 'Tab: sales, Güncelleme zamanı: 22.08.2025 15:13:25', NULL, '2025-08-22 12:13:25.214+00'),
	('684d57bc-48ab-4a1f-a671-613bdcfe3dbc', '6fcc9e92-4169-4b06-9c2f-a8c6cc284d73', 'update', 'Content Tab''ı Güncellendi', 'content tab''ındaki veriler güncellendi', 'Tab: content, Güncelleme zamanı: 22.08.2025 15:13:25', NULL, '2025-08-22 12:13:25.211+00'),
	('4ac48e21-6935-44ba-85b3-e1473f06474e', '6fcc9e92-4169-4b06-9c2f-a8c6cc284d73', 'update', 'Certification Tab''ı Güncellendi', 'certification tab''ındaki veriler güncellendi', 'Tab: certification, Güncelleme zamanı: 22.08.2025 15:13:25', NULL, '2025-08-22 12:13:25.249+00'),
	('650291fc-2cd2-42cc-95f5-a484867ec06d', '6fcc9e92-4169-4b06-9c2f-a8c6cc284d73', 'update', 'Markets Tab''ı Güncellendi', 'markets tab''ındaki veriler güncellendi', 'Tab: markets, Güncelleme zamanı: 22.08.2025 15:15:27', NULL, '2025-08-22 12:15:27.096+00'),
	('cf2636f2-3224-484c-9d51-f858b3c3e1ff', '6fcc9e92-4169-4b06-9c2f-a8c6cc284d73', 'update', 'Competitors Tab''ı Güncellendi', 'competitors tab''ındaki veriler güncellendi', 'Tab: competitors, Güncelleme zamanı: 22.08.2025 15:15:27', NULL, '2025-08-22 12:15:27.101+00'),
	('e4c33428-3130-4405-a71d-8f46c28e138f', '6fcc9e92-4169-4b06-9c2f-a8c6cc284d73', 'update', 'General Tab''ı Güncellendi', 'general tab''ındaki veriler güncellendi', 'Tab: general, Güncelleme zamanı: 22.08.2025 15:15:27', NULL, '2025-08-22 12:15:27.102+00'),
	('c628f23f-aa55-4f4c-bdf8-bf63f78ce11e', '6fcc9e92-4169-4b06-9c2f-a8c6cc284d73', 'update', 'Production Tab''ı Güncellendi', 'production tab''ındaki veriler güncellendi', 'Tab: production, Güncelleme zamanı: 22.08.2025 15:15:27', NULL, '2025-08-22 12:15:27.103+00'),
	('bc4592a6-f77f-4cdb-85d7-af914cdb22c4', '6fcc9e92-4169-4b06-9c2f-a8c6cc284d73', 'update', 'Sales Tab''ı Güncellendi', 'sales tab''ındaki veriler güncellendi', 'Tab: sales, Güncelleme zamanı: 22.08.2025 15:15:27', NULL, '2025-08-22 12:15:27.362+00'),
	('16e247b9-3c33-4bc3-ba7a-f6044f343305', '6fcc9e92-4169-4b06-9c2f-a8c6cc284d73', 'update', 'Content Tab''ı Güncellendi', 'content tab''ındaki veriler güncellendi', 'Tab: content, Güncelleme zamanı: 22.08.2025 15:15:27', NULL, '2025-08-22 12:15:27.395+00'),
	('a9dd9e5a-faba-4f2b-a297-d254ab9c0509', '6fcc9e92-4169-4b06-9c2f-a8c6cc284d73', 'update', 'Certification Tab''ı Güncellendi', 'certification tab''ındaki veriler güncellendi', 'Tab: certification, Güncelleme zamanı: 22.08.2025 15:15:27', NULL, '2025-08-22 12:15:27.442+00'),
	('96676757-cb2b-4786-94e7-bdd944185e2f', '6fcc9e92-4169-4b06-9c2f-a8c6cc284d73', 'update', 'Markets Tab''ı Güncellendi', 'markets tab''ındaki veriler güncellendi', 'Tab: markets, Güncelleme zamanı: 22.08.2025 15:18:18', NULL, '2025-08-22 12:18:18.068+00'),
	('51f77e4d-1fb6-4b56-aba8-eac5dcd3bb98', '6fcc9e92-4169-4b06-9c2f-a8c6cc284d73', 'update', 'Production Tab''ı Güncellendi', 'production tab''ındaki veriler güncellendi', 'Tab: production, Güncelleme zamanı: 22.08.2025 15:18:18', NULL, '2025-08-22 12:18:18.075+00'),
	('b93d35ac-dd5e-4070-b222-d9e9f91c7bbe', '6fcc9e92-4169-4b06-9c2f-a8c6cc284d73', 'update', 'General Tab''ı Güncellendi', 'general tab''ındaki veriler güncellendi', 'Tab: general, Güncelleme zamanı: 22.08.2025 15:18:18', NULL, '2025-08-22 12:18:18.088+00'),
	('523d6157-a114-4a1e-b0d0-fe0ca7a6e899', '6fcc9e92-4169-4b06-9c2f-a8c6cc284d73', 'update', 'Competitors Tab''ı Güncellendi', 'competitors tab''ındaki veriler güncellendi', 'Tab: competitors, Güncelleme zamanı: 22.08.2025 15:18:18', NULL, '2025-08-22 12:18:18.093+00'),
	('92f657da-359c-4ed7-8c7b-977f4fa2a67d', '6fcc9e92-4169-4b06-9c2f-a8c6cc284d73', 'update', 'Sales Tab''ı Güncellendi', 'sales tab''ındaki veriler güncellendi', 'Tab: sales, Güncelleme zamanı: 22.08.2025 15:18:18', NULL, '2025-08-22 12:18:18.305+00'),
	('04a0fa45-852e-4d58-8ff7-8acd104e47bf', '6fcc9e92-4169-4b06-9c2f-a8c6cc284d73', 'update', 'Content Tab''ı Güncellendi', 'content tab''ındaki veriler güncellendi', 'Tab: content, Güncelleme zamanı: 22.08.2025 15:18:18', NULL, '2025-08-22 12:18:18.334+00'),
	('55010f09-e9dc-4e95-a54d-d343b3598ec1', '6fcc9e92-4169-4b06-9c2f-a8c6cc284d73', 'update', 'Certification Tab''ı Güncellendi', 'certification tab''ındaki veriler güncellendi', 'Tab: certification, Güncelleme zamanı: 22.08.2025 15:18:18', NULL, '2025-08-22 12:18:18.674+00'),
	('bf117c7e-d350-4cec-8956-a03c1fe1dcfb', '6fcc9e92-4169-4b06-9c2f-a8c6cc284d73', 'update', 'Competitors Tab''ı Güncellendi', 'competitors tab''ındaki veriler güncellendi', 'Tab: competitors, Güncelleme zamanı: 22.08.2025 15:19:48', NULL, '2025-08-22 12:19:48.073+00'),
	('a00146d7-f47c-4169-9723-ee6ac76e6c8c', '6fcc9e92-4169-4b06-9c2f-a8c6cc284d73', 'update', 'Markets Tab''ı Güncellendi', 'markets tab''ındaki veriler güncellendi', 'Tab: markets, Güncelleme zamanı: 22.08.2025 15:19:48', NULL, '2025-08-22 12:19:48.067+00'),
	('06abac31-a414-4bd5-ac86-f94cd6ef22f6', '6fcc9e92-4169-4b06-9c2f-a8c6cc284d73', 'update', 'Production Tab''ı Güncellendi', 'production tab''ındaki veriler güncellendi', 'Tab: production, Güncelleme zamanı: 22.08.2025 15:19:48', NULL, '2025-08-22 12:19:48.107+00'),
	('781ed26f-1e22-4325-9292-99a402ef590e', '6fcc9e92-4169-4b06-9c2f-a8c6cc284d73', 'update', 'General Tab''ı Güncellendi', 'general tab''ındaki veriler güncellendi', 'Tab: general, Güncelleme zamanı: 22.08.2025 15:19:48', NULL, '2025-08-22 12:19:48.116+00'),
	('fb6fee9c-faf9-42a7-9e25-cb3024b65455', '6fcc9e92-4169-4b06-9c2f-a8c6cc284d73', 'update', 'Sales Tab''ı Güncellendi', 'sales tab''ındaki veriler güncellendi', 'Tab: sales, Güncelleme zamanı: 22.08.2025 15:19:48', NULL, '2025-08-22 12:19:48.301+00'),
	('83397ebf-12d3-4fe4-b5ee-45d92990d663', '6fcc9e92-4169-4b06-9c2f-a8c6cc284d73', 'update', 'Certification Tab''ı Güncellendi', 'certification tab''ındaki veriler güncellendi', 'Tab: certification, Güncelleme zamanı: 22.08.2025 15:19:48', NULL, '2025-08-22 12:19:48.431+00'),
	('9db8d11f-db4c-450b-9b89-8ae03c907d67', '6fcc9e92-4169-4b06-9c2f-a8c6cc284d73', 'update', 'Content Tab''ı Güncellendi', 'content tab''ındaki veriler güncellendi', 'Tab: content, Güncelleme zamanı: 22.08.2025 15:19:48', NULL, '2025-08-22 12:19:48.491+00'),
	('9ed372e5-69b5-46b3-be32-a42469fef1e0', '6fcc9e92-4169-4b06-9c2f-a8c6cc284d73', 'update', 'Competitors Tab''ı Güncellendi', 'competitors tab''ındaki veriler güncellendi', 'Tab: competitors, Güncelleme zamanı: 22.08.2025 15:23:07', NULL, '2025-08-22 12:23:07.367+00'),
	('ae306f9d-178a-493a-ab96-c538764faf6e', '6fcc9e92-4169-4b06-9c2f-a8c6cc284d73', 'update', 'General Tab''ı Güncellendi', 'general tab''ındaki veriler güncellendi', 'Tab: general, Güncelleme zamanı: 22.08.2025 15:23:07', NULL, '2025-08-22 12:23:07.407+00'),
	('59bb4ae4-fb98-4a22-b2ac-0d24391e95ae', '6fcc9e92-4169-4b06-9c2f-a8c6cc284d73', 'update', 'Markets Tab''ı Güncellendi', 'markets tab''ındaki veriler güncellendi', 'Tab: markets, Güncelleme zamanı: 22.08.2025 15:23:07', NULL, '2025-08-22 12:23:07.433+00'),
	('92d34a28-9aaa-4b29-bfee-5237510b3e57', '6fcc9e92-4169-4b06-9c2f-a8c6cc284d73', 'update', 'Production Tab''ı Güncellendi', 'production tab''ındaki veriler güncellendi', 'Tab: production, Güncelleme zamanı: 22.08.2025 15:23:07', NULL, '2025-08-22 12:23:07.437+00'),
	('e4d5c367-6961-46e6-919a-1abca3fad484', '6fcc9e92-4169-4b06-9c2f-a8c6cc284d73', 'update', 'Content Tab''ı Güncellendi', 'content tab''ındaki veriler güncellendi', 'Tab: content, Güncelleme zamanı: 22.08.2025 15:23:07', NULL, '2025-08-22 12:23:07.656+00'),
	('0c792afd-445d-48a1-ae4f-a70bca759be3', '6fcc9e92-4169-4b06-9c2f-a8c6cc284d73', 'update', 'Sales Tab''ı Güncellendi', 'sales tab''ındaki veriler güncellendi', 'Tab: sales, Güncelleme zamanı: 22.08.2025 15:23:07', NULL, '2025-08-22 12:23:07.654+00'),
	('fd3d6f8a-3593-4d7d-8eab-dc9a6cac6839', '6fcc9e92-4169-4b06-9c2f-a8c6cc284d73', 'update', 'Certification Tab''ı Güncellendi', 'certification tab''ındaki veriler güncellendi', 'Tab: certification, Güncelleme zamanı: 22.08.2025 15:23:07', NULL, '2025-08-22 12:23:07.701+00'),
	('3abce529-de34-4791-92b7-4ae73d510824', '6fcc9e92-4169-4b06-9c2f-a8c6cc284d73', 'update', 'Competitors Tab''ı Güncellendi', 'competitors tab''ındaki veriler güncellendi', 'Tab: competitors, Güncelleme zamanı: 22.08.2025 15:24:53', NULL, '2025-08-22 12:24:53.017+00'),
	('f90c53b8-070a-4c18-9990-2f15705a752f', '6fcc9e92-4169-4b06-9c2f-a8c6cc284d73', 'update', 'Markets Tab''ı Güncellendi', 'markets tab''ındaki veriler güncellendi', 'Tab: markets, Güncelleme zamanı: 22.08.2025 15:24:53', NULL, '2025-08-22 12:24:53.019+00'),
	('1fc51beb-5f58-4ff9-9452-a939677a41f5', '6fcc9e92-4169-4b06-9c2f-a8c6cc284d73', 'update', 'Production Tab''ı Güncellendi', 'production tab''ındaki veriler güncellendi', 'Tab: production, Güncelleme zamanı: 22.08.2025 15:24:53', NULL, '2025-08-22 12:24:53.018+00'),
	('bdc599f4-a0e3-468e-90bb-740627272e43', '6fcc9e92-4169-4b06-9c2f-a8c6cc284d73', 'update', 'General Tab''ı Güncellendi', 'general tab''ındaki veriler güncellendi', 'Tab: general, Güncelleme zamanı: 22.08.2025 15:24:53', NULL, '2025-08-22 12:24:53.04+00'),
	('5cb01e38-c36e-4e05-bf1e-b3ff7f63ad2e', '6fcc9e92-4169-4b06-9c2f-a8c6cc284d73', 'update', 'Sales Tab''ı Güncellendi', 'sales tab''ındaki veriler güncellendi', 'Tab: sales, Güncelleme zamanı: 22.08.2025 15:24:53', NULL, '2025-08-22 12:24:53.287+00'),
	('2ae83610-71cd-49fe-8178-eb2cb5a37cf7', '6fcc9e92-4169-4b06-9c2f-a8c6cc284d73', 'update', 'Content Tab''ı Güncellendi', 'content tab''ındaki veriler güncellendi', 'Tab: content, Güncelleme zamanı: 22.08.2025 15:24:53', NULL, '2025-08-22 12:24:53.294+00'),
	('0a6aa157-1a81-4733-9706-6d5966cedbbd', '6fcc9e92-4169-4b06-9c2f-a8c6cc284d73', 'update', 'Certification Tab''ı Güncellendi', 'certification tab''ındaki veriler güncellendi', 'Tab: certification, Güncelleme zamanı: 22.08.2025 15:24:53', NULL, '2025-08-22 12:24:53.372+00'),
	('ab515070-7463-455e-b222-24d0553dbc78', '6fcc9e92-4169-4b06-9c2f-a8c6cc284d73', 'update', 'Digital Tab''ı Güncellendi', 'digital tab''ındaki veriler güncellendi', 'Tab: digital, Güncelleme zamanı: 22.08.2025 15:32:34', NULL, '2025-08-22 12:32:34.79+00'),
	('ce8c0221-7a48-4c70-88a8-64daf7ef2a44', '6fcc9e92-4169-4b06-9c2f-a8c6cc284d73', 'update', 'Products Tab''ı Güncellendi', 'products tab''ındaki veriler güncellendi', 'Tab: products, Güncelleme zamanı: 22.08.2025 15:32:34', NULL, '2025-08-22 12:32:34.793+00'),
	('62a2c414-a0df-4ff9-8247-391d3845bf59', '6fcc9e92-4169-4b06-9c2f-a8c6cc284d73', 'update', 'General Tab''ı Güncellendi', 'general tab''ındaki veriler güncellendi', 'Tab: general, Güncelleme zamanı: 22.08.2025 15:32:34', NULL, '2025-08-22 12:32:34.789+00'),
	('ecc3935c-87b3-4a2a-8f15-0653ce16868c', '6fcc9e92-4169-4b06-9c2f-a8c6cc284d73', 'update', 'Competitors Tab''ı Güncellendi', 'competitors tab''ındaki veriler güncellendi', 'Tab: competitors, Güncelleme zamanı: 22.08.2025 15:32:34', NULL, '2025-08-22 12:32:34.804+00'),
	('8aba9975-f586-49e1-a0ac-0291a845a702', '6fcc9e92-4169-4b06-9c2f-a8c6cc284d73', 'update', 'Production Tab''ı Güncellendi', 'production tab''ındaki veriler güncellendi', 'Tab: production, Güncelleme zamanı: 22.08.2025 15:32:34', NULL, '2025-08-22 12:32:34.818+00'),
	('9e64be69-657b-4f33-84d9-491e55610b4d', '6fcc9e92-4169-4b06-9c2f-a8c6cc284d73', 'update', 'Markets Tab''ı Güncellendi', 'markets tab''ındaki veriler güncellendi', 'Tab: markets, Güncelleme zamanı: 22.08.2025 15:32:34', NULL, '2025-08-22 12:32:34.847+00'),
	('29dfc460-7e39-47ee-9bbe-1d0655176f76', '6fcc9e92-4169-4b06-9c2f-a8c6cc284d73', 'update', 'Content Tab''ı Güncellendi', 'content tab''ındaki veriler güncellendi', 'Tab: content, Güncelleme zamanı: 22.08.2025 15:32:35', NULL, '2025-08-22 12:32:35.144+00'),
	('35eb9055-55ab-4efb-bf72-e8afe4d6246d', '6fcc9e92-4169-4b06-9c2f-a8c6cc284d73', 'update', 'Certification Tab''ı Güncellendi', 'certification tab''ındaki veriler güncellendi', 'Tab: certification, Güncelleme zamanı: 22.08.2025 15:32:35', NULL, '2025-08-22 12:32:35.162+00'),
	('d0de6a04-1361-41f8-978b-864b1a80657f', '6fcc9e92-4169-4b06-9c2f-a8c6cc284d73', 'update', 'Sales Tab''ı Güncellendi', 'sales tab''ındaki veriler güncellendi', 'Tab: sales, Güncelleme zamanı: 22.08.2025 15:32:35', NULL, '2025-08-22 12:32:35.171+00'),
	('2074ffa4-2537-43e3-a7c5-de2b77b0aa37', '6fcc9e92-4169-4b06-9c2f-a8c6cc284d73', 'update', 'Products Tab''ı Güncellendi', 'products tab''ındaki veriler güncellendi', 'Tab: products, Güncelleme zamanı: 22.08.2025 15:35:31', NULL, '2025-08-22 12:35:31.141+00'),
	('26e17f1d-5819-4feb-bae3-74e403a5fbfe', '6fcc9e92-4169-4b06-9c2f-a8c6cc284d73', 'update', 'Competitors Tab''ı Güncellendi', 'competitors tab''ındaki veriler güncellendi', 'Tab: competitors, Güncelleme zamanı: 22.08.2025 15:35:31', NULL, '2025-08-22 12:35:31.147+00'),
	('478c1a39-3202-400d-97db-f54762253f0b', '6fcc9e92-4169-4b06-9c2f-a8c6cc284d73', 'update', 'Digital Tab''ı Güncellendi', 'digital tab''ındaki veriler güncellendi', 'Tab: digital, Güncelleme zamanı: 22.08.2025 15:35:31', NULL, '2025-08-22 12:35:31.148+00'),
	('9cb6cdb2-8cf9-4061-9207-10772e3670c1', '6fcc9e92-4169-4b06-9c2f-a8c6cc284d73', 'update', 'Markets Tab''ı Güncellendi', 'markets tab''ındaki veriler güncellendi', 'Tab: markets, Güncelleme zamanı: 22.08.2025 15:35:31', NULL, '2025-08-22 12:35:31.149+00'),
	('55be22a2-ab5c-4845-8ca7-b5dfbe84e5ec', '6fcc9e92-4169-4b06-9c2f-a8c6cc284d73', 'update', 'Production Tab''ı Güncellendi', 'production tab''ındaki veriler güncellendi', 'Tab: production, Güncelleme zamanı: 22.08.2025 15:35:31', NULL, '2025-08-22 12:35:31.156+00'),
	('9384444b-aabb-4f7a-9259-5fc525a96396', '6fcc9e92-4169-4b06-9c2f-a8c6cc284d73', 'update', 'General Tab''ı Güncellendi', 'general tab''ındaki veriler güncellendi', 'Tab: general, Güncelleme zamanı: 22.08.2025 15:35:31', NULL, '2025-08-22 12:35:31.186+00'),
	('f9bff845-c001-4578-9d7c-09855b7a0904', '6fcc9e92-4169-4b06-9c2f-a8c6cc284d73', 'update', 'Content Tab''ı Güncellendi', 'content tab''ındaki veriler güncellendi', 'Tab: content, Güncelleme zamanı: 22.08.2025 15:35:31', NULL, '2025-08-22 12:35:31.488+00'),
	('7a713066-9656-44bd-b3e3-bdd3f6073853', '6fcc9e92-4169-4b06-9c2f-a8c6cc284d73', 'update', 'Certification Tab''ı Güncellendi', 'certification tab''ındaki veriler güncellendi', 'Tab: certification, Güncelleme zamanı: 22.08.2025 15:35:31', NULL, '2025-08-22 12:35:31.49+00'),
	('a657a673-26a2-4a6c-a7ca-1960b60769a9', '6fcc9e92-4169-4b06-9c2f-a8c6cc284d73', 'update', 'Sales Tab''ı Güncellendi', 'sales tab''ındaki veriler güncellendi', 'Tab: sales, Güncelleme zamanı: 22.08.2025 15:35:31', NULL, '2025-08-22 12:35:31.565+00'),
	('6b69c4cb-e2a4-444a-ad92-e7b299fa3194', '6fcc9e92-4169-4b06-9c2f-a8c6cc284d73', 'update', 'Digital Tab''ı Güncellendi', 'digital tab''ındaki veriler güncellendi', 'Tab: digital, Güncelleme zamanı: 22.08.2025 15:35:53', NULL, '2025-08-22 12:35:53.576+00'),
	('353d1ae6-628b-4753-a3c1-1a001445411d', '6fcc9e92-4169-4b06-9c2f-a8c6cc284d73', 'update', 'Production Tab''ı Güncellendi', 'production tab''ındaki veriler güncellendi', 'Tab: production, Güncelleme zamanı: 22.08.2025 15:35:53', NULL, '2025-08-22 12:35:53.583+00'),
	('71685d91-d829-4aae-805f-c15def4fb3fd', '6fcc9e92-4169-4b06-9c2f-a8c6cc284d73', 'update', 'Products Tab''ı Güncellendi', 'products tab''ındaki veriler güncellendi', 'Tab: products, Güncelleme zamanı: 22.08.2025 15:35:53', NULL, '2025-08-22 12:35:53.586+00'),
	('747650bf-e44b-4a9e-965d-bd440fb75b5a', '6fcc9e92-4169-4b06-9c2f-a8c6cc284d73', 'update', 'General Tab''ı Güncellendi', 'general tab''ındaki veriler güncellendi', 'Tab: general, Güncelleme zamanı: 22.08.2025 15:35:53', NULL, '2025-08-22 12:35:53.612+00'),
	('70096a9e-d7f2-4f9c-b5a8-45293386975b', '6fcc9e92-4169-4b06-9c2f-a8c6cc284d73', 'update', 'Competitors Tab''ı Güncellendi', 'competitors tab''ındaki veriler güncellendi', 'Tab: competitors, Güncelleme zamanı: 22.08.2025 15:35:53', NULL, '2025-08-22 12:35:53.634+00'),
	('c16cd8f9-26c3-48a8-bff7-c8c9fd9e9274', '6fcc9e92-4169-4b06-9c2f-a8c6cc284d73', 'update', 'Sales Tab''ı Güncellendi', 'sales tab''ındaki veriler güncellendi', 'Tab: sales, Güncelleme zamanı: 22.08.2025 15:35:53', NULL, '2025-08-22 12:35:53.84+00'),
	('92c1bdff-51aa-4778-9bc3-2a926b1a7141', '6fcc9e92-4169-4b06-9c2f-a8c6cc284d73', 'update', 'Content Tab''ı Güncellendi', 'content tab''ındaki veriler güncellendi', 'Tab: content, Güncelleme zamanı: 22.08.2025 15:35:53', NULL, '2025-08-22 12:35:53.921+00'),
	('6f122ca4-664b-4bff-a44f-db95f187af2f', '6fcc9e92-4169-4b06-9c2f-a8c6cc284d73', 'update', 'Certification Tab''ı Güncellendi', 'certification tab''ındaki veriler güncellendi', 'Tab: certification, Güncelleme zamanı: 22.08.2025 15:35:53', NULL, '2025-08-22 12:35:53.939+00'),
	('d2776bac-c6c9-4613-91ea-1be3c025c248', '6fcc9e92-4169-4b06-9c2f-a8c6cc284d73', 'update', 'Competitors Tab''ı Güncellendi', 'competitors tab''ındaki veriler güncellendi', 'Tab: competitors, Güncelleme zamanı: 22.08.2025 15:36:32', NULL, '2025-08-22 12:36:32.473+00'),
	('12c31394-a8b5-4efb-84ce-1e5c88ff13ea', '6fcc9e92-4169-4b06-9c2f-a8c6cc284d73', 'update', 'General Tab''ı Güncellendi', 'general tab''ındaki veriler güncellendi', 'Tab: general, Güncelleme zamanı: 22.08.2025 15:36:32', NULL, '2025-08-22 12:36:32.493+00'),
	('f11faaa6-f06e-4a49-a7e7-55ccf3f83981', '6fcc9e92-4169-4b06-9c2f-a8c6cc284d73', 'update', 'Production Tab''ı Güncellendi', 'production tab''ındaki veriler güncellendi', 'Tab: production, Güncelleme zamanı: 22.08.2025 15:36:32', NULL, '2025-08-22 12:36:32.498+00'),
	('b98a21e7-5dbe-40dc-8242-62fa4e745390', '6fcc9e92-4169-4b06-9c2f-a8c6cc284d73', 'update', 'Markets Tab''ı Güncellendi', 'markets tab''ındaki veriler güncellendi', 'Tab: markets, Güncelleme zamanı: 22.08.2025 15:36:32', NULL, '2025-08-22 12:36:32.502+00'),
	('6b1ccf62-dd89-46ee-9d3b-9cb370ad7659', '6fcc9e92-4169-4b06-9c2f-a8c6cc284d73', 'update', 'Digital Tab''ı Güncellendi', 'digital tab''ındaki veriler güncellendi', 'Tab: digital, Güncelleme zamanı: 22.08.2025 15:36:32', NULL, '2025-08-22 12:36:32.512+00'),
	('30f47f5f-2dd4-4042-837e-0146994f5d5c', '6fcc9e92-4169-4b06-9c2f-a8c6cc284d73', 'update', 'Products Tab''ı Güncellendi', 'products tab''ındaki veriler güncellendi', 'Tab: products, Güncelleme zamanı: 22.08.2025 15:36:32', NULL, '2025-08-22 12:36:32.516+00'),
	('ff881244-57b7-4c8d-960d-55c789974d59', '6fcc9e92-4169-4b06-9c2f-a8c6cc284d73', 'update', 'Sales Tab''ı Güncellendi', 'sales tab''ındaki veriler güncellendi', 'Tab: sales, Güncelleme zamanı: 22.08.2025 15:36:32', NULL, '2025-08-22 12:36:32.822+00'),
	('07c990dd-003a-419f-8887-486dc6f0a18f', '6fcc9e92-4169-4b06-9c2f-a8c6cc284d73', 'update', 'Certification Tab''ı Güncellendi', 'certification tab''ındaki veriler güncellendi', 'Tab: certification, Güncelleme zamanı: 22.08.2025 15:36:32', NULL, '2025-08-22 12:36:32.868+00'),
	('3a8b0087-b1db-4a71-90cb-9bcd12345230', '6fcc9e92-4169-4b06-9c2f-a8c6cc284d73', 'update', 'Content Tab''ı Güncellendi', 'content tab''ındaki veriler güncellendi', 'Tab: content, Güncelleme zamanı: 22.08.2025 15:36:32', NULL, '2025-08-22 12:36:32.914+00'),
	('63a04577-f9bf-4b6a-93b3-87fcb93ab22a', '6fcc9e92-4169-4b06-9c2f-a8c6cc284d73', 'update', 'General Tab''ı Güncellendi', 'general tab''ındaki veriler güncellendi', 'Tab: general, Güncelleme zamanı: 22.08.2025 15:36:51', NULL, '2025-08-22 12:36:51.286+00'),
	('ecd7ee52-e5c8-4f18-a0b2-b7e70d0873dd', '6fcc9e92-4169-4b06-9c2f-a8c6cc284d73', 'update', 'Markets Tab''ı Güncellendi', 'markets tab''ındaki veriler güncellendi', 'Tab: markets, Güncelleme zamanı: 22.08.2025 15:36:51', NULL, '2025-08-22 12:36:51.289+00'),
	('57b2e3ef-4ac8-497e-b9f6-8245b27179c2', '6fcc9e92-4169-4b06-9c2f-a8c6cc284d73', 'update', 'Digital Tab''ı Güncellendi', 'digital tab''ındaki veriler güncellendi', 'Tab: digital, Güncelleme zamanı: 22.08.2025 15:36:51', NULL, '2025-08-22 12:36:51.296+00'),
	('55441319-a655-4239-8605-59bfa0b77e8f', '6fcc9e92-4169-4b06-9c2f-a8c6cc284d73', 'update', 'Production Tab''ı Güncellendi', 'production tab''ındaki veriler güncellendi', 'Tab: production, Güncelleme zamanı: 22.08.2025 15:36:51', NULL, '2025-08-22 12:36:51.294+00'),
	('ef23cf27-596b-4ab2-a212-4b66f60e5bf1', '6fcc9e92-4169-4b06-9c2f-a8c6cc284d73', 'update', 'Content Tab''ı Güncellendi', 'content tab''ındaki veriler güncellendi', 'Tab: content, Güncelleme zamanı: 22.08.2025 15:37:23', NULL, '2025-08-22 12:37:23.12+00'),
	('36b98007-f84b-4992-9727-c55f22ca70c2', '6fcc9e92-4169-4b06-9c2f-a8c6cc284d73', 'update', 'Competitors Tab''ı Güncellendi', 'competitors tab''ındaki veriler güncellendi', 'Tab: competitors, Güncelleme zamanı: 22.08.2025 15:36:51', NULL, '2025-08-22 12:36:51.339+00'),
	('bc1a7bcd-51d8-43e7-bdd6-53a986cc569e', '6fcc9e92-4169-4b06-9c2f-a8c6cc284d73', 'update', 'Products Tab''ı Güncellendi', 'products tab''ındaki veriler güncellendi', 'Tab: products, Güncelleme zamanı: 22.08.2025 15:37:22', NULL, '2025-08-22 12:37:22.752+00'),
	('d95ad82d-f0ca-4b9a-8055-824c19249ebf', '6fcc9e92-4169-4b06-9c2f-a8c6cc284d73', 'update', 'Products Tab''ı Güncellendi', 'products tab''ındaki veriler güncellendi', 'Tab: products, Güncelleme zamanı: 22.08.2025 15:36:51', NULL, '2025-08-22 12:36:51.336+00'),
	('d991f7fe-462d-47d6-9c23-06f02471b67c', '6fcc9e92-4169-4b06-9c2f-a8c6cc284d73', 'update', 'Certification Tab''ı Güncellendi', 'certification tab''ındaki veriler güncellendi', 'Tab: certification, Güncelleme zamanı: 22.08.2025 15:36:51', NULL, '2025-08-22 12:36:51.653+00'),
	('b11ffabc-72e3-41ba-8229-42dafb9d31d2', '6fcc9e92-4169-4b06-9c2f-a8c6cc284d73', 'update', 'Production Tab''ı Güncellendi', 'production tab''ındaki veriler güncellendi', 'Tab: production, Güncelleme zamanı: 22.08.2025 15:37:22', NULL, '2025-08-22 12:37:22.766+00'),
	('e8b3ef95-a88b-4d3b-87a5-b0147f8e11d0', '6fcc9e92-4169-4b06-9c2f-a8c6cc284d73', 'update', 'Sales Tab''ı Güncellendi', 'sales tab''ındaki veriler güncellendi', 'Tab: sales, Güncelleme zamanı: 22.08.2025 15:36:51', NULL, '2025-08-22 12:36:51.682+00'),
	('8f45917d-34b1-4d88-a234-d8fc329d6367', '6fcc9e92-4169-4b06-9c2f-a8c6cc284d73', 'update', 'General Tab''ı Güncellendi', 'general tab''ındaki veriler güncellendi', 'Tab: general, Güncelleme zamanı: 22.08.2025 15:37:22', NULL, '2025-08-22 12:37:22.714+00'),
	('4793c228-ef83-4800-86af-2f714d30717a', '6fcc9e92-4169-4b06-9c2f-a8c6cc284d73', 'update', 'Sales Tab''ı Güncellendi', 'sales tab''ındaki veriler güncellendi', 'Tab: sales, Güncelleme zamanı: 22.08.2025 15:37:23', NULL, '2025-08-22 12:37:23.028+00'),
	('d9327de3-462f-4f63-a99d-4d5a7230f0c9', '6fcc9e92-4169-4b06-9c2f-a8c6cc284d73', 'update', 'Content Tab''ı Güncellendi', 'content tab''ındaki veriler güncellendi', 'Tab: content, Güncelleme zamanı: 22.08.2025 15:36:51', NULL, '2025-08-22 12:36:51.726+00'),
	('3a3bfd61-87f3-4789-b5ea-22e8bac8b3a4', '6fcc9e92-4169-4b06-9c2f-a8c6cc284d73', 'update', 'Certification Tab''ı Güncellendi', 'certification tab''ındaki veriler güncellendi', 'Tab: certification, Güncelleme zamanı: 22.08.2025 15:37:23', NULL, '2025-08-22 12:37:23.123+00'),
	('751611ab-c1e2-4978-ae08-2f5a67b52487', '6fcc9e92-4169-4b06-9c2f-a8c6cc284d73', 'update', 'Competitors Tab''ı Güncellendi', 'competitors tab''ındaki veriler güncellendi', 'Tab: competitors, Güncelleme zamanı: 22.08.2025 15:37:22', NULL, '2025-08-22 12:37:22.717+00'),
	('d99cf213-39d7-48ff-92ea-034e18e4716a', '6fcc9e92-4169-4b06-9c2f-a8c6cc284d73', 'update', 'Markets Tab''ı Güncellendi', 'markets tab''ındaki veriler güncellendi', 'Tab: markets, Güncelleme zamanı: 22.08.2025 15:37:22', NULL, '2025-08-22 12:37:22.722+00'),
	('440e9aa6-c304-4880-ad32-6c0584714554', '6fcc9e92-4169-4b06-9c2f-a8c6cc284d73', 'update', 'Production Tab''ı Güncellendi', 'production tab''ındaki veriler güncellendi', 'Tab: production, Güncelleme zamanı: 22.08.2025 15:37:57', NULL, '2025-08-22 12:37:57.82+00'),
	('72c0d3fb-b909-47fa-818c-8389c9b9f361', '6fcc9e92-4169-4b06-9c2f-a8c6cc284d73', 'update', 'Competitors Tab''ı Güncellendi', 'competitors tab''ındaki veriler güncellendi', 'Tab: competitors, Güncelleme zamanı: 22.08.2025 15:37:57', NULL, '2025-08-22 12:37:57.825+00'),
	('5e1ff8a5-5c70-4609-9500-3b98545c2c90', '6fcc9e92-4169-4b06-9c2f-a8c6cc284d73', 'update', 'General Tab''ı Güncellendi', 'general tab''ındaki veriler güncellendi', 'Tab: general, Güncelleme zamanı: 22.08.2025 15:37:57', NULL, '2025-08-22 12:37:57.837+00'),
	('6ca78c0d-ed3f-42d0-85d3-86f12ea5bcc5', '6fcc9e92-4169-4b06-9c2f-a8c6cc284d73', 'update', 'Markets Tab''ı Güncellendi', 'markets tab''ındaki veriler güncellendi', 'Tab: markets, Güncelleme zamanı: 22.08.2025 15:37:57', NULL, '2025-08-22 12:37:57.869+00'),
	('9f260131-5a9b-4a3b-983d-920c716a026f', '6fcc9e92-4169-4b06-9c2f-a8c6cc284d73', 'update', 'Products Tab''ı Güncellendi', 'products tab''ındaki veriler güncellendi', 'Tab: products, Güncelleme zamanı: 22.08.2025 15:37:57', NULL, '2025-08-22 12:37:57.876+00'),
	('3eeaf0be-6f35-45c7-ad8a-d08e8fcb1c61', '6fcc9e92-4169-4b06-9c2f-a8c6cc284d73', 'update', 'Digital Tab''ı Güncellendi', 'digital tab''ındaki veriler güncellendi', 'Tab: digital, Güncelleme zamanı: 22.08.2025 15:37:57', NULL, '2025-08-22 12:37:57.877+00'),
	('a5c3288c-e6c0-4c00-8a52-fd78bef20473', '6fcc9e92-4169-4b06-9c2f-a8c6cc284d73', 'update', 'Sales Tab''ı Güncellendi', 'sales tab''ındaki veriler güncellendi', 'Tab: sales, Güncelleme zamanı: 22.08.2025 15:37:58', NULL, '2025-08-22 12:37:58.161+00'),
	('0ed60e1c-a0f9-4dfe-b05b-ef489dd25e39', '6fcc9e92-4169-4b06-9c2f-a8c6cc284d73', 'update', 'Content Tab''ı Güncellendi', 'content tab''ındaki veriler güncellendi', 'Tab: content, Güncelleme zamanı: 22.08.2025 15:37:58', NULL, '2025-08-22 12:37:58.18+00'),
	('3bfe5db9-be73-4c58-88d0-7dd14f52a91a', '6fcc9e92-4169-4b06-9c2f-a8c6cc284d73', 'update', 'Certification Tab''ı Güncellendi', 'certification tab''ındaki veriler güncellendi', 'Tab: certification, Güncelleme zamanı: 22.08.2025 15:37:58', NULL, '2025-08-22 12:37:58.184+00'),
	('1d26ca05-072f-4eef-9a49-518634d33836', '6fcc9e92-4169-4b06-9c2f-a8c6cc284d73', 'update', 'Digital Tab''ı Güncellendi', 'digital tab''ındaki veriler güncellendi', 'Tab: digital, Güncelleme zamanı: 22.08.2025 15:38:53', NULL, '2025-08-22 12:38:53.07+00'),
	('791a69df-fc08-404d-b63b-6a1182efa94d', '6fcc9e92-4169-4b06-9c2f-a8c6cc284d73', 'update', 'Markets Tab''ı Güncellendi', 'markets tab''ındaki veriler güncellendi', 'Tab: markets, Güncelleme zamanı: 22.08.2025 15:38:53', NULL, '2025-08-22 12:38:53.069+00'),
	('b195dcca-c358-4d08-8ee1-d24893c5c624', '6fcc9e92-4169-4b06-9c2f-a8c6cc284d73', 'update', 'Competitors Tab''ı Güncellendi', 'competitors tab''ındaki veriler güncellendi', 'Tab: competitors, Güncelleme zamanı: 22.08.2025 15:38:53', NULL, '2025-08-22 12:38:53.072+00'),
	('a07317e1-7004-42bd-a06e-41396f2bd11b', '6fcc9e92-4169-4b06-9c2f-a8c6cc284d73', 'update', 'Products Tab''ı Güncellendi', 'products tab''ındaki veriler güncellendi', 'Tab: products, Güncelleme zamanı: 22.08.2025 15:38:53', NULL, '2025-08-22 12:38:53.085+00'),
	('ae805e7b-4f78-48a3-9ccf-ecaeb82df1ce', '6fcc9e92-4169-4b06-9c2f-a8c6cc284d73', 'update', 'Production Tab''ı Güncellendi', 'production tab''ındaki veriler güncellendi', 'Tab: production, Güncelleme zamanı: 22.08.2025 15:38:53', NULL, '2025-08-22 12:38:53.087+00'),
	('b974953f-bb3d-41a2-9914-e960dd0ae3ad', '6fcc9e92-4169-4b06-9c2f-a8c6cc284d73', 'update', 'General Tab''ı Güncellendi', 'general tab''ındaki veriler güncellendi', 'Tab: general, Güncelleme zamanı: 22.08.2025 15:38:53', NULL, '2025-08-22 12:38:53.138+00'),
	('0a5351a4-b09e-4617-9278-ed50299dffce', '6fcc9e92-4169-4b06-9c2f-a8c6cc284d73', 'update', 'Certification Tab''ı Güncellendi', 'certification tab''ındaki veriler güncellendi', 'Tab: certification, Güncelleme zamanı: 22.08.2025 15:38:53', NULL, '2025-08-22 12:38:53.434+00'),
	('bd3fc1ef-c7d2-43c0-8e79-f54b9619b8c1', '6fcc9e92-4169-4b06-9c2f-a8c6cc284d73', 'update', 'Content Tab''ı Güncellendi', 'content tab''ındaki veriler güncellendi', 'Tab: content, Güncelleme zamanı: 22.08.2025 15:38:53', NULL, '2025-08-22 12:38:53.445+00'),
	('59abe032-7337-482e-9487-7d295d7b67cd', '6fcc9e92-4169-4b06-9c2f-a8c6cc284d73', 'update', 'Products Tab''ı Güncellendi', 'products tab''ındaki veriler güncellendi', 'Tab: products, Güncelleme zamanı: 22.08.2025 15:39:33', NULL, '2025-08-22 12:39:33.64+00'),
	('f6413019-0189-4fe1-8278-940a47fd5f13', '6fcc9e92-4169-4b06-9c2f-a8c6cc284d73', 'update', 'Production Tab''ı Güncellendi', 'production tab''ındaki veriler güncellendi', 'Tab: production, Güncelleme zamanı: 22.08.2025 15:39:33', NULL, '2025-08-22 12:39:33.644+00'),
	('9f0d2385-1bf9-4ac0-98c3-20e26ff5f50e', '6fcc9e92-4169-4b06-9c2f-a8c6cc284d73', 'update', 'Markets Tab''ı Güncellendi', 'markets tab''ındaki veriler güncellendi', 'Tab: markets, Güncelleme zamanı: 22.08.2025 15:39:33', NULL, '2025-08-22 12:39:33.649+00'),
	('181b9234-f51e-4028-878e-7fa44cc75f1c', '6fcc9e92-4169-4b06-9c2f-a8c6cc284d73', 'update', 'Competitors Tab''ı Güncellendi', 'competitors tab''ındaki veriler güncellendi', 'Tab: competitors, Güncelleme zamanı: 22.08.2025 15:39:33', NULL, '2025-08-22 12:39:33.654+00'),
	('92ca68ec-8c7a-49a6-af51-c3a959aeae72', '6fcc9e92-4169-4b06-9c2f-a8c6cc284d73', 'update', 'General Tab''ı Güncellendi', 'general tab''ındaki veriler güncellendi', 'Tab: general, Güncelleme zamanı: 22.08.2025 15:39:33', NULL, '2025-08-22 12:39:33.7+00'),
	('61ea4c4c-1897-4a1c-89d2-cd6fe8139380', '6fcc9e92-4169-4b06-9c2f-a8c6cc284d73', 'update', 'Digital Tab''ı Güncellendi', 'digital tab''ındaki veriler güncellendi', 'Tab: digital, Güncelleme zamanı: 22.08.2025 15:39:33', NULL, '2025-08-22 12:39:33.725+00'),
	('48437ed6-2f1b-4746-ba30-862d16dd03a9', '6fcc9e92-4169-4b06-9c2f-a8c6cc284d73', 'update', 'Content Tab''ı Güncellendi', 'content tab''ındaki veriler güncellendi', 'Tab: content, Güncelleme zamanı: 22.08.2025 15:39:33', NULL, '2025-08-22 12:39:33.982+00'),
	('a62e94b3-05b2-40ce-b6a8-dd90899c6a1e', '6fcc9e92-4169-4b06-9c2f-a8c6cc284d73', 'update', 'Sales Tab''ı Güncellendi', 'sales tab''ındaki veriler güncellendi', 'Tab: sales, Güncelleme zamanı: 22.08.2025 15:39:33', NULL, '2025-08-22 12:39:33.984+00'),
	('2104d0b3-214b-451c-a5d6-c638722f1ac1', '6fcc9e92-4169-4b06-9c2f-a8c6cc284d73', 'update', 'Certification Tab''ı Güncellendi', 'certification tab''ındaki veriler güncellendi', 'Tab: certification, Güncelleme zamanı: 22.08.2025 15:39:33', NULL, '2025-08-22 12:39:33.986+00'),
	('741cb713-e882-4031-9226-38205048777a', '6fcc9e92-4169-4b06-9c2f-a8c6cc284d73', 'update', 'Competitors Tab''ı Güncellendi', 'competitors tab''ındaki veriler güncellendi', 'Tab: competitors, Güncelleme zamanı: 22.08.2025 15:39:51', NULL, '2025-08-22 12:39:51.252+00'),
	('f568b430-9a15-4ca6-82d3-d1daa6666a03', '6fcc9e92-4169-4b06-9c2f-a8c6cc284d73', 'update', 'Products Tab''ı Güncellendi', 'products tab''ındaki veriler güncellendi', 'Tab: products, Güncelleme zamanı: 22.08.2025 15:39:51', NULL, '2025-08-22 12:39:51.244+00'),
	('7a32a9cd-361e-4322-88da-7e053fc0396f', '6fcc9e92-4169-4b06-9c2f-a8c6cc284d73', 'update', 'Production Tab''ı Güncellendi', 'production tab''ındaki veriler güncellendi', 'Tab: production, Güncelleme zamanı: 22.08.2025 15:39:51', NULL, '2025-08-22 12:39:51.262+00'),
	('83615b07-98bd-4e57-8a9d-a0d52e722a1c', '6fcc9e92-4169-4b06-9c2f-a8c6cc284d73', 'update', 'General Tab''ı Güncellendi', 'general tab''ındaki veriler güncellendi', 'Tab: general, Güncelleme zamanı: 22.08.2025 15:39:51', NULL, '2025-08-22 12:39:51.305+00'),
	('299bf2cf-51bd-483b-b3b7-1a6808b83063', '6fcc9e92-4169-4b06-9c2f-a8c6cc284d73', 'update', 'Digital Tab''ı Güncellendi', 'digital tab''ındaki veriler güncellendi', 'Tab: digital, Güncelleme zamanı: 22.08.2025 15:39:51', NULL, '2025-08-22 12:39:51.266+00'),
	('86a9bb1c-952d-4459-ae93-eefed96f0ba3', '6fcc9e92-4169-4b06-9c2f-a8c6cc284d73', 'update', 'Sales Tab''ı Güncellendi', 'sales tab''ındaki veriler güncellendi', 'Tab: sales, Güncelleme zamanı: 22.08.2025 15:39:51', NULL, '2025-08-22 12:39:51.51+00'),
	('d9666154-327b-47ca-a76c-fec4523fb115', '6fcc9e92-4169-4b06-9c2f-a8c6cc284d73', 'update', 'Content Tab''ı Güncellendi', 'content tab''ındaki veriler güncellendi', 'Tab: content, Güncelleme zamanı: 22.08.2025 15:39:51', NULL, '2025-08-22 12:39:51.589+00'),
	('a707e3e7-b4bb-493d-b26c-e25e1f1582f0', '6fcc9e92-4169-4b06-9c2f-a8c6cc284d73', 'update', 'Certification Tab''ı Güncellendi', 'certification tab''ındaki veriler güncellendi', 'Tab: certification, Güncelleme zamanı: 22.08.2025 15:39:51', NULL, '2025-08-22 12:39:51.591+00'),
	('b8a2ca8e-1036-4ced-b3e2-088a1fb052d0', '6fcc9e92-4169-4b06-9c2f-a8c6cc284d73', 'update', 'Products Tab''ı Güncellendi', 'products tab''ındaki veriler güncellendi', 'Tab: products, Güncelleme zamanı: 22.08.2025 15:44:30', NULL, '2025-08-22 12:44:30.62+00'),
	('3f921ec9-30bc-4695-b881-0ab1e803fff8', '6fcc9e92-4169-4b06-9c2f-a8c6cc284d73', 'update', 'Digital Tab''ı Güncellendi', 'digital tab''ındaki veriler güncellendi', 'Tab: digital, Güncelleme zamanı: 22.08.2025 15:44:30', NULL, '2025-08-22 12:44:30.624+00'),
	('a2cb7552-5841-4bf4-ab7d-8eb5f9929e58', '6fcc9e92-4169-4b06-9c2f-a8c6cc284d73', 'update', 'Production Tab''ı Güncellendi', 'production tab''ındaki veriler güncellendi', 'Tab: production, Güncelleme zamanı: 22.08.2025 15:44:30', NULL, '2025-08-22 12:44:30.651+00'),
	('aad8aa36-d3c8-465c-a2df-26f5072b7006', '6fcc9e92-4169-4b06-9c2f-a8c6cc284d73', 'update', 'Competitors Tab''ı Güncellendi', 'competitors tab''ındaki veriler güncellendi', 'Tab: competitors, Güncelleme zamanı: 22.08.2025 15:44:30', NULL, '2025-08-22 12:44:30.672+00'),
	('782fddad-8169-4aa5-8100-46fb149bcc96', '6fcc9e92-4169-4b06-9c2f-a8c6cc284d73', 'update', 'General Tab''ı Güncellendi', 'general tab''ındaki veriler güncellendi', 'Tab: general, Güncelleme zamanı: 22.08.2025 15:44:30', NULL, '2025-08-22 12:44:30.861+00'),
	('51bb0a93-d2fb-4b32-ad6c-ab883bf8642a', '6fcc9e92-4169-4b06-9c2f-a8c6cc284d73', 'update', 'Sales Tab''ı Güncellendi', 'sales tab''ındaki veriler güncellendi', 'Tab: sales, Güncelleme zamanı: 22.08.2025 15:44:30', NULL, '2025-08-22 12:44:30.932+00'),
	('8ba0355a-4ae0-4deb-8856-b2f6d07457ba', '6fcc9e92-4169-4b06-9c2f-a8c6cc284d73', 'update', 'Content Tab''ı Güncellendi', 'content tab''ındaki veriler güncellendi', 'Tab: content, Güncelleme zamanı: 22.08.2025 15:44:30', NULL, '2025-08-22 12:44:30.971+00'),
	('99a621fd-6b77-46e9-b645-08127656d879', '6fcc9e92-4169-4b06-9c2f-a8c6cc284d73', 'update', 'Certification Tab''ı Güncellendi', 'certification tab''ındaki veriler güncellendi', 'Tab: certification, Güncelleme zamanı: 22.08.2025 15:44:30', NULL, '2025-08-22 12:44:30.981+00'),
	('663f5837-ef38-4f3e-bb62-455d07caf2fb', '6fcc9e92-4169-4b06-9c2f-a8c6cc284d73', 'update', 'Digital Tab''ı Güncellendi', 'digital tab''ındaki veriler güncellendi', 'Tab: digital, Güncelleme zamanı: 22.08.2025 15:49:32', NULL, '2025-08-22 12:49:32.323+00'),
	('34c66c78-8f2d-44e9-a52d-9fa55f00bd83', '6fcc9e92-4169-4b06-9c2f-a8c6cc284d73', 'update', 'Competitors Tab''ı Güncellendi', 'competitors tab''ındaki veriler güncellendi', 'Tab: competitors, Güncelleme zamanı: 22.08.2025 15:49:32', NULL, '2025-08-22 12:49:32.325+00'),
	('6f92b6e2-7acf-4f89-9c31-340ef3ed6206', '6fcc9e92-4169-4b06-9c2f-a8c6cc284d73', 'update', 'Production Tab''ı Güncellendi', 'production tab''ındaki veriler güncellendi', 'Tab: production, Güncelleme zamanı: 22.08.2025 15:49:32', NULL, '2025-08-22 12:49:32.339+00'),
	('f97e6a4f-b223-47ee-8fd4-09ae2820c882', '6fcc9e92-4169-4b06-9c2f-a8c6cc284d73', 'update', 'General Tab''ı Güncellendi', 'general tab''ındaki veriler güncellendi', 'Tab: general, Güncelleme zamanı: 22.08.2025 15:49:32', NULL, '2025-08-22 12:49:32.334+00'),
	('f8296983-5b95-480a-a70c-31897e558c2c', '6fcc9e92-4169-4b06-9c2f-a8c6cc284d73', 'update', 'Products Tab''ı Güncellendi', 'products tab''ındaki veriler güncellendi', 'Tab: products, Güncelleme zamanı: 22.08.2025 15:49:32', NULL, '2025-08-22 12:49:32.362+00'),
	('9bccf437-e11d-4cfb-bc13-a661a81073f5', '6fcc9e92-4169-4b06-9c2f-a8c6cc284d73', 'update', 'Sales Tab''ı Güncellendi', 'sales tab''ındaki veriler güncellendi', 'Tab: sales, Güncelleme zamanı: 22.08.2025 15:49:32', NULL, '2025-08-22 12:49:32.594+00'),
	('f5a70acc-8b0e-4fae-8cea-2c490df9f5c7', '6fcc9e92-4169-4b06-9c2f-a8c6cc284d73', 'update', 'Certification Tab''ı Güncellendi', 'certification tab''ındaki veriler güncellendi', 'Tab: certification, Güncelleme zamanı: 22.08.2025 15:49:32', NULL, '2025-08-22 12:49:32.664+00'),
	('107d3f0f-f0b2-423c-ba01-e938bb090ea0', '6fcc9e92-4169-4b06-9c2f-a8c6cc284d73', 'update', 'Content Tab''ı Güncellendi', 'content tab''ındaki veriler güncellendi', 'Tab: content, Güncelleme zamanı: 22.08.2025 15:49:32', NULL, '2025-08-22 12:49:32.681+00'),
	('e96ad665-99c4-4ed8-b885-a078024e0f3a', '6fcc9e92-4169-4b06-9c2f-a8c6cc284d73', 'update', 'General Tab''ı Güncellendi', 'general tab''ındaki veriler güncellendi', 'Tab: general, Güncelleme zamanı: 22.08.2025 15:51:58', NULL, '2025-08-22 12:51:58.114+00'),
	('6a2ec016-eac4-4a6e-9c02-77adaa947d80', '6fcc9e92-4169-4b06-9c2f-a8c6cc284d73', 'update', 'Products Tab''ı Güncellendi', 'products tab''ındaki veriler güncellendi', 'Tab: products, Güncelleme zamanı: 22.08.2025 15:51:58', NULL, '2025-08-22 12:51:58.95+00'),
	('f6e0aeda-f4ea-458e-8d91-2cad39255922', '6fcc9e92-4169-4b06-9c2f-a8c6cc284d73', 'update', 'Competitors Tab''ı Güncellendi', 'competitors tab''ındaki veriler güncellendi', 'Tab: competitors, Güncelleme zamanı: 22.08.2025 15:51:59', NULL, '2025-08-22 12:51:59.331+00'),
	('427b7ecc-f11c-419f-ad55-7a0ca2eb8f34', '6fcc9e92-4169-4b06-9c2f-a8c6cc284d73', 'update', 'Production Tab''ı Güncellendi', 'production tab''ındaki veriler güncellendi', 'Tab: production, Güncelleme zamanı: 22.08.2025 15:51:59', NULL, '2025-08-22 12:51:59.752+00'),
	('a2b8897d-b3e5-4245-8c1b-ff5ff768d738', '6fcc9e92-4169-4b06-9c2f-a8c6cc284d73', 'update', 'Digital Tab''ı Güncellendi', 'digital tab''ındaki veriler güncellendi', 'Tab: digital, Güncelleme zamanı: 22.08.2025 15:52:00', NULL, '2025-08-22 12:52:00.096+00'),
	('c69343c1-58c3-4073-a862-41a95aaf83b1', '6fcc9e92-4169-4b06-9c2f-a8c6cc284d73', 'update', 'Sales Tab''ı Güncellendi', 'sales tab''ındaki veriler güncellendi', 'Tab: sales, Güncelleme zamanı: 22.08.2025 15:52:00', NULL, '2025-08-22 12:52:00.444+00'),
	('4a1cdb63-06b9-43c7-bec3-3893dc637fb4', '6fcc9e92-4169-4b06-9c2f-a8c6cc284d73', 'update', 'Content Tab''ı Güncellendi', 'content tab''ındaki veriler güncellendi', 'Tab: content, Güncelleme zamanı: 22.08.2025 15:52:00', NULL, '2025-08-22 12:52:00.801+00'),
	('9c6dcd16-ee0c-4335-a345-440daa04e7bd', '6fcc9e92-4169-4b06-9c2f-a8c6cc284d73', 'update', 'Certification Tab''ı Güncellendi', 'certification tab''ındaki veriler güncellendi', 'Tab: certification, Güncelleme zamanı: 22.08.2025 15:52:01', NULL, '2025-08-22 12:52:01.14+00'),
	('2f711b08-a949-4b66-b3a6-a71adf989945', '6fcc9e92-4169-4b06-9c2f-a8c6cc284d73', 'update', 'General Tab''ı Güncellendi', 'general tab''ındaki veriler güncellendi', 'Tab: general, Güncelleme zamanı: 22.08.2025 15:55:18', NULL, '2025-08-22 12:55:18.523+00'),
	('db7bc910-7bdb-405b-8c9b-9d7f59a678b0', '6fcc9e92-4169-4b06-9c2f-a8c6cc284d73', 'update', 'Markets Tab''ı Güncellendi', 'markets tab''ındaki veriler güncellendi', 'Tab: markets, Güncelleme zamanı: 22.08.2025 15:55:18', NULL, '2025-08-22 12:55:18.892+00'),
	('1a0bf5ab-246d-4aa4-ad5f-27c48f57d9f5', '6fcc9e92-4169-4b06-9c2f-a8c6cc284d73', 'update', 'Products Tab''ı Güncellendi', 'products tab''ındaki veriler güncellendi', 'Tab: products, Güncelleme zamanı: 22.08.2025 15:55:19', NULL, '2025-08-22 12:55:19.245+00'),
	('1372e3db-d86b-4ae5-adae-6b5d29b8ab44', '6fcc9e92-4169-4b06-9c2f-a8c6cc284d73', 'update', 'Competitors Tab''ı Güncellendi', 'competitors tab''ındaki veriler güncellendi', 'Tab: competitors, Güncelleme zamanı: 22.08.2025 15:55:19', NULL, '2025-08-22 12:55:19.734+00'),
	('4e2ee3e4-457f-41eb-a1c5-6b22d7f82c8b', '6fcc9e92-4169-4b06-9c2f-a8c6cc284d73', 'update', 'Production Tab''ı Güncellendi', 'production tab''ındaki veriler güncellendi', 'Tab: production, Güncelleme zamanı: 22.08.2025 15:55:20', NULL, '2025-08-22 12:55:20.109+00'),
	('eda072f1-1070-4b50-8208-2a3224eb3062', '6fcc9e92-4169-4b06-9c2f-a8c6cc284d73', 'update', 'Digital Tab''ı Güncellendi', 'digital tab''ındaki veriler güncellendi', 'Tab: digital, Güncelleme zamanı: 22.08.2025 15:55:20', NULL, '2025-08-22 12:55:20.464+00'),
	('cb3ed358-7be5-437d-8b2c-22a18be9afa5', '6fcc9e92-4169-4b06-9c2f-a8c6cc284d73', 'update', 'Sales Tab''ı Güncellendi', 'sales tab''ındaki veriler güncellendi', 'Tab: sales, Güncelleme zamanı: 22.08.2025 15:55:20', NULL, '2025-08-22 12:55:20.839+00'),
	('1bfeae7f-2099-4ace-90d7-e4bb4442b4a6', '6fcc9e92-4169-4b06-9c2f-a8c6cc284d73', 'update', 'Content Tab''ı Güncellendi', 'content tab''ındaki veriler güncellendi', 'Tab: content, Güncelleme zamanı: 22.08.2025 15:55:21', NULL, '2025-08-22 12:55:21.187+00'),
	('108b17f1-cc44-4cd1-a9c5-f0c6e246d910', '6fcc9e92-4169-4b06-9c2f-a8c6cc284d73', 'update', 'Certification Tab''ı Güncellendi', 'certification tab''ındaki veriler güncellendi', 'Tab: certification, Güncelleme zamanı: 22.08.2025 15:55:21', NULL, '2025-08-22 12:55:21.53+00'),
	('7e419489-2a36-459c-b1b6-7c7c58615fae', '6fcc9e92-4169-4b06-9c2f-a8c6cc284d73', 'update', 'General Tab''ı Güncellendi', 'general tab''ındaki veriler güncellendi', 'Tab: general, Güncelleme zamanı: 22.08.2025 15:56:10', NULL, '2025-08-22 12:56:10.612+00'),
	('f42a4390-9a43-438a-a841-390a036ec13f', '6fcc9e92-4169-4b06-9c2f-a8c6cc284d73', 'update', 'Markets Tab''ı Güncellendi', 'markets tab''ındaki veriler güncellendi', 'Tab: markets, Güncelleme zamanı: 22.08.2025 15:56:11', NULL, '2025-08-22 12:56:11.105+00'),
	('67d59e54-d49f-4516-9c6a-d083710de894', '6fcc9e92-4169-4b06-9c2f-a8c6cc284d73', 'update', 'Products Tab''ı Güncellendi', 'products tab''ındaki veriler güncellendi', 'Tab: products, Güncelleme zamanı: 22.08.2025 15:56:11', NULL, '2025-08-22 12:56:11.554+00'),
	('c24b1dda-211e-4c53-a508-229babfcf472', '6fcc9e92-4169-4b06-9c2f-a8c6cc284d73', 'update', 'Production Tab''ı Güncellendi', 'production tab''ındaki veriler güncellendi', 'Tab: production, Güncelleme zamanı: 22.08.2025 15:56:12', NULL, '2025-08-22 12:56:12.27+00'),
	('2777ed8f-9487-48f5-8b2a-69cc98e3ef59', '6fcc9e92-4169-4b06-9c2f-a8c6cc284d73', 'update', 'Sales Tab''ı Güncellendi', 'sales tab''ındaki veriler güncellendi', 'Tab: sales, Güncelleme zamanı: 22.08.2025 15:56:13', NULL, '2025-08-22 12:56:13.015+00'),
	('45bd37b1-f0c5-4961-9681-198d73c43fff', '6fcc9e92-4169-4b06-9c2f-a8c6cc284d73', 'update', 'Content Tab''ı Güncellendi', 'content tab''ındaki veriler güncellendi', 'Tab: content, Güncelleme zamanı: 22.08.2025 15:56:13', NULL, '2025-08-22 12:56:13.381+00'),
	('dae6debc-10f5-4a5c-a2ca-3586038d8c71', '6fcc9e92-4169-4b06-9c2f-a8c6cc284d73', 'update', 'Certification Tab''ı Güncellendi', 'certification tab''ındaki veriler güncellendi', 'Tab: certification, Güncelleme zamanı: 22.08.2025 15:56:13', NULL, '2025-08-22 12:56:13.765+00'),
	('eb1d2ae5-7209-4c5e-a862-967b6f1cfb6b', '6fcc9e92-4169-4b06-9c2f-a8c6cc284d73', 'update', 'General Tab''ı Güncellendi', 'general tab''ındaki veriler güncellendi', 'Tab: general, Güncelleme zamanı: 22.08.2025 17:06:05', NULL, '2025-08-22 14:06:05.18+00'),
	('8c18b635-75c2-49e5-b856-5976daa36232', '6fcc9e92-4169-4b06-9c2f-a8c6cc284d73', 'update', 'Markets Tab''ı Güncellendi', 'markets tab''ındaki veriler güncellendi', 'Tab: markets, Güncelleme zamanı: 22.08.2025 17:06:05', NULL, '2025-08-22 14:06:05.634+00'),
	('c54ad5ef-dd01-49ca-856a-d90f8abef21a', '6fcc9e92-4169-4b06-9c2f-a8c6cc284d73', 'update', 'Products Tab''ı Güncellendi', 'products tab''ındaki veriler güncellendi', 'Tab: products, Güncelleme zamanı: 22.08.2025 17:06:05', NULL, '2025-08-22 14:06:05.988+00'),
	('df096ce5-980c-45b8-9434-abad45576ffe', '6fcc9e92-4169-4b06-9c2f-a8c6cc284d73', 'update', 'Production Tab''ı Güncellendi', 'production tab''ındaki veriler güncellendi', 'Tab: production, Güncelleme zamanı: 22.08.2025 17:06:06', NULL, '2025-08-22 14:06:06.613+00'),
	('45cc6ec8-8a39-433d-a4a5-fe42c83d62ba', '6fcc9e92-4169-4b06-9c2f-a8c6cc284d73', 'update', 'Digital Tab''ı Güncellendi', 'digital tab''ındaki veriler güncellendi', 'Tab: digital, Güncelleme zamanı: 22.08.2025 17:06:06', NULL, '2025-08-22 14:06:06.97+00'),
	('5e814a4d-a835-41a5-b3b1-7b49b5963e39', '6fcc9e92-4169-4b06-9c2f-a8c6cc284d73', 'update', 'Sales Tab''ı Güncellendi', 'sales tab''ındaki veriler güncellendi', 'Tab: sales, Güncelleme zamanı: 22.08.2025 17:06:07', NULL, '2025-08-22 14:06:07.698+00'),
	('acd50041-74e7-4b15-b9bf-3a3b6a9e5d83', '6fcc9e92-4169-4b06-9c2f-a8c6cc284d73', 'update', 'Content Tab''ı Güncellendi', 'content tab''ındaki veriler güncellendi', 'Tab: content, Güncelleme zamanı: 22.08.2025 17:06:08', NULL, '2025-08-22 14:06:08.102+00'),
	('ddb3093a-09e7-47b0-85ff-568099990728', '6fcc9e92-4169-4b06-9c2f-a8c6cc284d73', 'update', 'Certification Tab''ı Güncellendi', 'certification tab''ındaki veriler güncellendi', 'Tab: certification, Güncelleme zamanı: 22.08.2025 17:06:08', NULL, '2025-08-22 14:06:08.532+00'),
	('35983649-9688-481c-bf42-1600a6e4afc4', '6fcc9e92-4169-4b06-9c2f-a8c6cc284d73', 'update', 'General Tab''ı Güncellendi', 'general tab''ındaki veriler güncellendi', 'Tab: general, Güncelleme zamanı: 23.08.2025 12:38:14', NULL, '2025-08-23 09:38:14.124+00'),
	('2a1feac9-918b-4e34-adb0-15293b04e288', '6fcc9e92-4169-4b06-9c2f-a8c6cc284d73', 'update', 'Markets Tab''ı Güncellendi', 'markets tab''ındaki veriler güncellendi', 'Tab: markets, Güncelleme zamanı: 23.08.2025 12:38:14', NULL, '2025-08-23 09:38:14.532+00'),
	('7f220a6f-40b2-484a-83a1-aec34afe784b', '6fcc9e92-4169-4b06-9c2f-a8c6cc284d73', 'update', 'Products Tab''ı Güncellendi', 'products tab''ındaki veriler güncellendi', 'Tab: products, Güncelleme zamanı: 23.08.2025 12:38:14', NULL, '2025-08-23 09:38:14.904+00'),
	('d38ef95f-c6bc-4954-8fa7-071c1ddfc391', '6fcc9e92-4169-4b06-9c2f-a8c6cc284d73', 'update', 'Competitors Tab''ı Güncellendi', 'competitors tab''ındaki veriler güncellendi', 'Tab: competitors, Güncelleme zamanı: 23.08.2025 12:38:15', NULL, '2025-08-23 09:38:15.268+00'),
	('fc2efc07-1d6f-48c3-ae7b-8565be67a347', '6fcc9e92-4169-4b06-9c2f-a8c6cc284d73', 'update', 'Production Tab''ı Güncellendi', 'production tab''ındaki veriler güncellendi', 'Tab: production, Güncelleme zamanı: 23.08.2025 12:38:15', NULL, '2025-08-23 09:38:15.649+00'),
	('a1e2148d-9e63-48e1-b1ea-0c542164babb', '6fcc9e92-4169-4b06-9c2f-a8c6cc284d73', 'update', 'Digital Tab''ı Güncellendi', 'digital tab''ındaki veriler güncellendi', 'Tab: digital, Güncelleme zamanı: 23.08.2025 12:38:16', NULL, '2025-08-23 09:38:16.037+00'),
	('dc90d008-bb00-416a-84e4-bd17b0521919', '6fcc9e92-4169-4b06-9c2f-a8c6cc284d73', 'update', 'Sales Tab''ı Güncellendi', 'sales tab''ındaki veriler güncellendi', 'Tab: sales, Güncelleme zamanı: 23.08.2025 12:38:16', NULL, '2025-08-23 09:38:16.526+00'),
	('3109c730-045c-4801-861c-232a2bb829bd', '6fcc9e92-4169-4b06-9c2f-a8c6cc284d73', 'update', 'Content Tab''ı Güncellendi', 'content tab''ındaki veriler güncellendi', 'Tab: content, Güncelleme zamanı: 23.08.2025 12:38:16', NULL, '2025-08-23 09:38:16.903+00'),
	('e67579c3-d357-48c2-8f20-9265adb9fd09', '6fcc9e92-4169-4b06-9c2f-a8c6cc284d73', 'update', 'Certification Tab''ı Güncellendi', 'certification tab''ındaki veriler güncellendi', 'Tab: certification, Güncelleme zamanı: 23.08.2025 12:38:17', NULL, '2025-08-23 09:38:17.273+00'),
	('493ed133-c80d-4f1c-aec8-f9fb0e524236', '6fcc9e92-4169-4b06-9c2f-a8c6cc284d73', 'update', 'General Tab''ı Güncellendi', 'general tab''ındaki veriler güncellendi', 'Tab: general, Güncelleme zamanı: 30.08.2025 00:09:31', NULL, '2025-08-29 21:09:32.014749+00');


--
-- Data for Name: company_certification; Type: TABLE DATA; Schema: public; Owner: postgres
--

INSERT INTO "public"."company_certification" ("id", "company_id", "quality_management", "environmental_cert", "occupational_safety", "industry_associations", "chambers", "export_unions", "government_support", "consulting_services", "other_certifications", "certification_renewal_dates", "certification_goals", "created_at", "updated_at", "certificate_renewal_dates", "chambers_of_commerce", "consultancy_services", "sector_unions") VALUES
	('115b909d-dbac-4177-af54-f8e8e729d2d5', '6fcc9e92-4169-4b06-9c2f-a8c6cc284d73', 'ISO 9001:2008', 'ISO 14001', 'OHSAS 18001', '{"test sektör"}', '{"İstanbul Ticaret Odası"}', '{İMMİB}', '{KOSGEB,TÜBİTAK}', '{"İhracat Danışmanlığı"}', 'CE, RoHS', 'ISO 9001: 2025-12-31, ISO 14001: 2025-06-30, OHSAS 18001: 2025-03-15', 'ISO 45001 alınması planlanıyor, İTKİB üyeliği hedefleniyor', '2025-08-21 20:59:11.401379+00', '2025-08-23 09:38:17.187+00', '', '', '', '');


--
-- Data for Name: company_competitors; Type: TABLE DATA; Schema: public; Owner: postgres
--

INSERT INTO "public"."company_competitors" ("id", "company_id", "reference_companies", "direct_competitors", "target_position", "competitive_advantages", "price_competition", "quality_competition", "market_share_target", "competitive_strategy", "created_at", "updated_at") VALUES
	('4ee7ac4e-62e9-4a85-a235-48140ed6f8b3', '6fcc9e92-4169-4b06-9c2f-a8c6cc284d73', '{"test rakipler"}', '{"Ecocotton marka ürünler",Chakra,"Madam Coco"}', 'IKEA', 'Müşteri özelinde ÜR-GE çalışmaları ile rekabet avantajı sağlanıyor', 'Orta', 'Yüksek', 'Hedef pazarlarda %5-10 pazar payı', 'Farklılaştırma stratejisi ile premium segment', '2025-08-21 20:55:19.364417+00', '2025-08-23 09:38:15.182+00');


--
-- Data for Name: company_content; Type: TABLE DATA; Schema: public; Owner: postgres
--

INSERT INTO "public"."company_content" ("id", "company_id", "brand_identity", "content_strategy", "visual_identity", "marketing_materials", "language_support", "brand_positioning", "communication_channels", "content_calendar", "content_quality", "target_audience_analysis", "brand_story", "created_at", "updated_at", "communication_style") VALUES
	('5d87497a-d89c-499c-9bf2-0d6cdeac70bb', '6fcc9e92-4169-4b06-9c2f-a8c6cc284d73', 'xxxx', 'Teknik içerik ve ürün tanıtımları', 'Logo ve kurumsal kimlik mevcut', '{Katalog,Broşür,"Teknik Dökümanlar"}', '{Türkçe,İngilizce}', 'Güvenilir teknoloji partneri', '{Website,Email,LinkedIn}', 'Aylık içerik planlaması yapılıyor', 'Profesyonel', 'Hedef müşteri profilleri analiz edilmiş, teknik içerik odaklı strateji', 'Kalite ve güvenilirlik odaklı, müşteri memnuniyeti öncelikli marka hikayesi', '2025-08-21 20:58:55.957886+00', '2025-08-23 09:38:16.814+00', '');


--
-- Data for Name: company_digital; Type: TABLE DATA; Schema: public; Owner: postgres
--

INSERT INTO "public"."company_digital" ("id", "company_id", "current_platforms", "website_status", "ecommerce_experience", "digital_marketing", "social_media", "online_payment", "digital_tools", "tech_support", "digital_transformation_goals", "digital_marketing_strategy", "created_at", "updated_at", "digital_marketing_tools", "online_payment_systems", "social_media_accounts", "technical_support") VALUES
	('44359cd9-babd-4f5a-baa0-b152b1fbd123', '6fcc9e92-4169-4b06-9c2f-a8c6cc284d73', '{xxxx}', 'Mevcut ama güncellenme gerekiyor', 'Sınırlı, sadece katalog sitesi', '{"Google Ads"}', '{LinkedIn}', '{}', '{"ERP Sistemi"}', 'İç ekip mevcut', 'E-ticaret sitesi kurulumu, sosyal medya pazarlaması, online ödeme sistemleri entegrasyonu', 'Hedef kitle analizi ile Google Ads odaklı dijital pazarlama stratejisi', '2025-08-21 20:58:26.93358+00', '2025-08-23 09:38:15.949+00', '', '', '', '');


--
-- Data for Name: education_sets; Type: TABLE DATA; Schema: public; Owner: postgres
--

INSERT INTO "public"."education_sets" ("id", "name", "description", "category", "status", "total_duration", "video_count", "document_count", "created_by", "is_active", "created_at", "updated_at") VALUES
	('ec4f38ba-fd89-487f-8913-e1e987777cff', 'Alibaba Eğitim Seti', 'Alibaba eğitim setleri', 'B2B', 'Aktif', 422, 7, 0, 'cd9bf9ec-f2ef-4672-87e4-428fb1b5241e', true, '2025-08-24 12:42:01.021922+00', '2025-08-24 18:28:18.494271+00');


--
-- Data for Name: company_education_assignments; Type: TABLE DATA; Schema: public; Owner: postgres
--

INSERT INTO "public"."company_education_assignments" ("id", "company_id", "set_id", "assigned_by", "assigned_at", "status", "progress_percentage", "completed_at", "last_accessed_at", "notes", "created_at", "updated_at") VALUES
	('5b3cf6e7-7d9e-43e3-ab71-43951cd88aec', '6fcc9e92-4169-4b06-9c2f-a8c6cc284d73', 'ec4f38ba-fd89-487f-8913-e1e987777cff', 'cd9bf9ec-f2ef-4672-87e4-428fb1b5241e', '2025-08-24 15:56:13.732446+00', 'active', 22.22, NULL, '2025-09-06 07:46:31.196935+00', NULL, '2025-08-24 15:56:13.732446+00', '2025-09-06 07:46:31.196935+00');


--
-- Data for Name: company_general_info; Type: TABLE DATA; Schema: public; Owner: postgres
--

INSERT INTO "public"."company_general_info" ("id", "company_id", "company_name", "authorized_person", "email", "phone", "sector", "city", "address", "website", "founded_year", "employee_count", "tax_number", "legal_structure", "capital", "description", "created_at", "updated_at") VALUES
	('484f4d1f-5522-40dc-b582-1efc9addfa25', 'f0a64589-d305-4266-a7f6-76aadd7bf8ba', 'Sarmobi', 'Atanmamış', 'info@sarmobi.com', '05325324455', 'Tekstil', 'Kayseri', 'Sarmobi adresi', 'www.sarmobi.com', '', '', '', 'Anonim Şirket', '500000', 'Sarmobi Açıklaması', '2025-08-22 00:35:38.708656+00', '2025-08-22 00:35:38.394+00'),
	('3fa34ca5-5ce4-43ca-91ae-d096d8cb4f78', '6fcc9e92-4169-4b06-9c2f-a8c6cc284d73', 'Mundo Yatak Mustafa Nebi Doğan ', 'Nebi Bey', 'info@mundo.com', '01231231166', 'Tekstil', 'Kayseri', 'mundo adres', 'www.mundo.com', '2012', '100+', '33332222', 'Kollektif Şirket', '213123123', 'mundo firma açıklaması', '2025-08-21 19:50:27.418027+00', '2025-08-29 21:09:31.263+00');


--
-- Data for Name: company_markets; Type: TABLE DATA; Schema: public; Owner: postgres
--

INSERT INTO "public"."company_markets" ("id", "company_id", "current_markets", "target_markets", "export_experience", "export_countries", "market_research", "competitor_analysis", "market_entry", "distribution_channels", "created_at", "updated_at", "market_challenges", "market_entry_strategies", "market_analysis", "market_strategy", "export_potential", "market_risks", "market_opportunities") VALUES
	('2034e29c-ba50-4f6d-b1df-a32741eb06a8', '6fcc9e92-4169-4b06-9c2f-a8c6cc284d73', '{xxxx}', '{xxxx}', '1 yıl', '{"Sri Lanka"}', 'Hedef pazarlarda doğal kumaşlardan (keten, pamuk vs.) butik imalat yapılabilmesi araştırması yapıldı.', 'Müşteri özelinde ÜR-GE çalışmaları ile rekabet avantajı sağlanıyor.', '{B2B}', '{B2B,E-ticaret,"Fuar Katılımı"}', '2025-08-21 19:55:41.094428+00', '2025-08-23 09:38:14.439+00', '', '', '', '', '', '', '');


--
-- Data for Name: company_password_history; Type: TABLE DATA; Schema: public; Owner: postgres
--

INSERT INTO "public"."company_password_history" ("id", "company_id", "password_hash", "created_at") VALUES
	('a14a8e0d-c12f-4c6d-97aa-71ec6a7d0f42', '6fcc9e92-4169-4b06-9c2f-a8c6cc284d73', '$2b$12$RBFsSdeXlXbVXkhkblswHeJWqVUbvaZ8OF3GwQf2VRlyuqigAQqHm', '2025-08-21 21:37:34.545916+00'),
	('82747c99-4716-4ee2-83ba-191d94f7db54', '6fcc9e92-4169-4b06-9c2f-a8c6cc284d73', '$2b$12$tzz2Pb23LhwYucdLWtxpi.7.fkyDNB2SK.ymu3M.m/R76vyUtx0SC', '2025-08-21 21:38:12.73597+00'),
	('e2b4f251-83da-47ff-9fb9-f974c60ad64a', '6fcc9e92-4169-4b06-9c2f-a8c6cc284d73', '$2b$12$ql4XNGoUsJgSKaP8Y0ib2ebSKG2zk7U2OA8OcG5SzOB6mqj40zoTG', '2025-08-21 23:48:14.677416+00'),
	('67a0574a-842d-4072-8b09-fbd3fd20ad27', 'f0a64589-d305-4266-a7f6-76aadd7bf8ba', '$2b$12$B9JPjWNgqd6/LCA8HeTzm.O4j.Jo5ovKvqyFQ8dO264wW3yf86knS', '2025-08-22 00:36:03.627842+00'),
	('5d12a16e-d4e4-48b9-a0ac-04fc83a8bc01', 'f0a64589-d305-4266-a7f6-76aadd7bf8ba', '$2b$12$6cvwsT9vulY4SORLrPdCJO0Zyhf3miK8uWkzBShrvPF9771QHM1i6', '2025-08-22 00:37:32.276582+00'),
	('95f74491-6167-47f8-86a8-e4ce8cc7346d', 'deb723c2-9ec0-47ab-9a6b-f5d929a237c3', '$2b$12$gzdfFjfGPdqVk1yswhqLvOXre0Mq532SPljnCFJc/nJ252cXcWI6a', '2025-08-29 22:08:44.473795+00'),
	('ae781c39-6e92-4ad3-9c19-37dcc20d3bb5', 'deb723c2-9ec0-47ab-9a6b-f5d929a237c3', '$2b$12$sSDJzVchlhpiQEmvF0Eqce2OVPR1MAvoEXHg5TeT5bvzvFpJFwo1q', '2025-08-29 22:19:37.995543+00'),
	('1ba87655-13bf-4326-84aa-8f6a649a6486', 'deb723c2-9ec0-47ab-9a6b-f5d929a237c3', '$2b$12$ZzemsRfnkH7PFB5DjZyMwum.mgr6bVikUQougGx1ZWoEEwPJ74Qa2', '2025-08-29 22:22:07.984612+00'),
	('982eff9f-f11f-43a3-84e8-28371fb8d49e', 'deb723c2-9ec0-47ab-9a6b-f5d929a237c3', '$2b$12$NlzUq.i6UcWH8HAT3aQ7H.7/rgDf/e4/3ESXrBMCw3bPGjhln0pwW', '2025-08-29 22:24:37.031321+00'),
	('43849a9d-5234-4b7a-a5bf-f52d5aece7c2', '964a24d2-a4e1-4d8a-81cb-c3a259f523c0', '$2b$12$6F.OsoImsZ93sWHgkwdivO3Ap/vOOAxlS9Wjc7iI7GSzIGlZNa2tq', '2025-08-29 22:27:05.485951+00'),
	('331a1dfc-5c0c-4ad0-b63e-aff2c42ac1cb', 'f5b37d50-a6ed-4a53-a680-da72bf472503', '$2b$12$55h0LM62QAP14mSH2uYhmua6MUtpIGt2nMJxnobfNe41/U81C5JWK', '2025-08-29 23:09:26.196933+00'),
	('812696b9-23d2-46fd-ab00-b40d8928c892', 'a82225ca-edb5-461a-96bb-d7d3f60c10e3', '$2b$12$mkH4PR96mZi06sblIeuz7u7.nV5wqgP1SIPA4DuSLWsbJgoN8texy', '2025-08-29 23:11:22.588933+00'),
	('678b0b66-4027-4500-8c1a-cee2d1d03838', 'a0c3b842-0cd7-420b-afd1-d95be18e4f7b', '$2b$12$rJa7Fx2cbSeZEfHB0Tj8/uF03Rx.PGKEg2csjpKG8ZZ.xZsDv6cym', '2025-08-29 23:12:50.790817+00'),
	('40b87b57-f915-4157-8d1e-8f4d87b037b8', 'fee15b63-5d56-4012-8360-bb9df0c23c72', '$2b$12$tkdTX./ZZjHSONEfzYkhk.kjKeU1iq1M/DBs1N4qhtEKTW6/KsnZu', '2025-08-29 23:14:13.093355+00'),
	('0059bc8d-70f2-42be-9189-1a84412e7462', '302b17ed-7410-4b6f-a052-c21c84b1ac6e', '$2b$12$uzzUW8ZBJPdGHKKBsuMvseHTKMFCuSN7wum2/mHyeO6QF0XaZmlPC', '2025-08-29 23:15:44.827495+00'),
	('42cf0398-ad62-42bc-8a11-bf41f2c463bd', 'b33e55f2-0d16-43d4-b922-3c7b42d48a34', '$2b$12$vp505tyDlGOAsdPqX7AT/.8Y8ITuBhuAQ1eNUSutw2dOEq3QQ3766', '2025-08-29 23:17:02.898467+00'),
	('9d576774-bd97-46ab-a0f4-0885ac069c0a', '37a37a5c-2a41-44f1-8598-511977373cc0', '$2b$12$.Vmc5wDWhPMzkNj8k6yucOpLQIj7hL5V.PW7uCPpmHsegOL272MvO', '2025-08-29 23:18:35.691452+00'),
	('4c87eeb7-c4e4-4b42-a1f0-056db0c2aa02', '85094b81-3369-491b-9060-eba4b7b35018', '$2b$12$NC86JkXWFP0j8jI44TVfhOo0DbMrw2JKFXr4SJWu4ovogDCIevW3W', '2025-08-29 23:20:02.491926+00'),
	('38b06087-a889-4261-a71c-ae3f8871ac26', '52f41472-5542-492c-8147-9308ede8a3a3', '$2b$12$DoWMrAes2PP3XHi1bVV7OOk206BFyEfJ1GGJz3.fiY3/xipFYVw/K', '2025-08-29 23:21:32.41985+00'),
	('481e7963-945d-4e32-9be4-18eae9685320', '26887a4d-ac9e-4580-b884-fd65e62f6a7a', '$2b$12$vQ5KrVZ7.BDaumzBAdTdfOXV.1QP0Jl0RBLCzv3mZrSMPup37tRvW', '2025-08-29 23:22:49.538377+00'),
	('91b55058-38bf-40e0-9b30-7b60b8e58411', 'd48f30e8-49fa-4b09-bb52-6af43e55a632', '$2b$12$tHoW/TTfbqrzKXfHkIce8uHzFDsItPtqBPwCGQPja57TNz7ZI21py', '2025-08-29 23:24:09.464216+00'),
	('e9b17417-f159-4ca1-af05-2dc80a1aeb1c', '8c12de9f-7a57-4946-b71b-920619ed3644', '$2b$12$SxkhUOj5jPu2zJ7rScN67eyMQMg8lwOKaoAib0TiwD4l..k3jvlB.', '2025-08-29 23:25:36.088915+00'),
	('27fcdf84-2ad7-4007-92c8-5dda304eb228', '271604bf-d799-4c32-a37b-40740cc0903a', '$2b$12$gEARAE6pdyvTbrF.W4qevuA87Wwb5XIYz0IYFcybbCu.j.tNpDJpG', '2025-08-29 23:27:22.256159+00'),
	('d7f15c3f-12c5-48f2-bbfb-7b2bbd4fd665', 'd0dadfe9-39c2-485d-b8bf-a3996a21815e', '$2b$12$OOf/6BQ89ItBJWU2iZ1ywOn6KmoaWXZKHjRpO05fd5anGZz.wjp4q', '2025-08-29 23:28:42.532927+00'),
	('4df583eb-ad11-43d3-baae-4037e0445f49', '3b7b64f8-d3dc-4ba1-96df-bebf162f6c29', '$2b$12$7qCoOnsD3IfwbzLuRDC3g.em.79M1Puy.ppshuSIaVk03c3s/o1KW', '2025-08-29 23:29:49.195043+00'),
	('79f3fdd5-00fe-45bf-b464-5dc3e717220c', 'aa1814f8-5f57-4fd7-8acf-464f21bb5091', '$2b$12$yMqCk3jpzbFoJ8ypgpLW4.zL5xUc6N89TGQWLnm9OSeufOBymnRrW', '2025-08-29 23:31:23.367995+00');


--
-- Data for Name: company_password_reset_tokens; Type: TABLE DATA; Schema: public; Owner: postgres
--

INSERT INTO "public"."company_password_reset_tokens" ("id", "company_id", "token", "expires_at", "used_at", "created_at", "updated_at") VALUES
	('98dfaf11-2144-4e45-bdf2-7889605f9394', '6fcc9e92-4169-4b06-9c2f-a8c6cc284d73', '396877d8533d3a6c76e8d564ab10ef44f8c8de91422184a26fc4f17fa33f4519', '2025-08-22 21:37:53.497+00', '2025-08-21 21:38:12.417+00', '2025-08-21 21:37:53.728165+00', '2025-08-21 21:37:53.728165+00'),
	('f328222b-3a44-419e-82ca-cf1d08e633bf', '6fcc9e92-4169-4b06-9c2f-a8c6cc284d73', '37019b4b8fc7eef6e96545331928dae63ff05a366cf4e5d8b15ce61d43f1b43c', '2025-08-22 23:48:03.616+00', '2025-08-21 23:48:14.447+00', '2025-08-21 23:48:03.698873+00', '2025-08-21 23:48:03.698873+00'),
	('3a19cecc-9785-4a71-8b0b-b7e452b9cc49', 'f0a64589-d305-4266-a7f6-76aadd7bf8ba', 'a91d14177a017c7f0124e2593c427e0f65606743a7b739e5a061d742aac78a43', '2025-08-23 00:37:22.735+00', '2025-08-22 00:37:32.077+00', '2025-08-22 00:37:22.859989+00', '2025-08-22 00:37:22.859989+00'),
	('552cb84d-3c4b-48f5-8a7d-31cbc4c365eb', 'f0a64589-d305-4266-a7f6-76aadd7bf8ba', '9a3506ec71edc1593447ea4760b0b7757aa11a4e114d96d9e95376943c350454', '2025-08-30 21:58:15.413+00', NULL, '2025-08-29 21:58:15.559788+00', '2025-08-29 21:58:15.559788+00'),
	('9f6dfcfb-3f0b-47ce-aa19-338734910af6', 'deb723c2-9ec0-47ab-9a6b-f5d929a237c3', '72a59282610930852bb0addfac97fc255ebfe5a5f19482d4a8c757af8705c9a6', '2025-08-30 22:03:25.415+00', NULL, '2025-08-29 22:03:25.575885+00', '2025-08-29 22:03:25.575885+00'),
	('4ec5dfcd-72c2-41c2-8f83-93e4a1b22de7', 'deb723c2-9ec0-47ab-9a6b-f5d929a237c3', '412fa95d202eaca1ae04dffb97d0e32fc9ff6e070ec0c0749055145585048073', '2025-08-30 22:03:42.732+00', NULL, '2025-08-29 22:03:42.864722+00', '2025-08-29 22:03:42.864722+00'),
	('eb2940d0-9d18-434f-8618-96c1b852c2ce', 'deb723c2-9ec0-47ab-9a6b-f5d929a237c3', 'd68215af4079bfdc10e0f327a0bc2826c04050e24df8a6d8d92396cfcb1dd4ec', '2025-08-30 22:08:37.253+00', '2025-08-29 22:08:44.185+00', '2025-08-29 22:08:37.400713+00', '2025-08-29 22:08:37.400713+00'),
	('6b5194d4-3641-4dc0-8950-6a9ae7ce31af', 'deb723c2-9ec0-47ab-9a6b-f5d929a237c3', '3ded2ce7787e5dc01499b3afc6151c6c3346571d30e6893498802027884e7b22', '2025-08-30 22:24:30.259+00', '2025-08-29 22:24:36.83+00', '2025-08-29 22:24:30.377378+00', '2025-08-29 22:24:30.377378+00'),
	('a0e8f04d-b1c5-49cf-9402-7d7fc9708025', '964a24d2-a4e1-4d8a-81cb-c3a259f523c0', 'e854e5169c6dbab51e952f9defc0e0cbfdc3d9785c0021c006dbd2170423d94b', '2025-08-30 22:26:59.406+00', '2025-08-29 22:27:05.287+00', '2025-08-29 22:26:59.512263+00', '2025-08-29 22:26:59.512263+00'),
	('aa71fe92-dadd-4792-9901-f86e9a90ac66', 'f5b37d50-a6ed-4a53-a680-da72bf472503', '66eff25c9833f3397392c7053ff2fd35a68b63614c2aa7b97357b0ec8f08e095', '2025-08-30 23:09:19.753+00', '2025-08-29 23:09:25.99+00', '2025-08-29 23:09:19.877535+00', '2025-08-29 23:09:19.877535+00'),
	('5107ee9c-a529-499c-aa56-2a08924d0d62', 'a82225ca-edb5-461a-96bb-d7d3f60c10e3', 'b8054865545cde929ee7d8828d5e59b54f1e1945547e0328e33cdab98861a008', '2025-08-30 23:11:16.719+00', '2025-08-29 23:11:22.408+00', '2025-08-29 23:11:16.826323+00', '2025-08-29 23:11:16.826323+00'),
	('82bcf38c-c75e-48e3-b00f-9175ece9968d', 'a0c3b842-0cd7-420b-afd1-d95be18e4f7b', '8008dead26e71af852427b9684287b205277c34044c18c0adbbc2ef26279b964', '2025-08-30 23:12:44.986+00', '2025-08-29 23:12:50.557+00', '2025-08-29 23:12:45.123298+00', '2025-08-29 23:12:45.123298+00'),
	('13df5ed8-954b-414d-85b5-fece2b28ce58', 'fee15b63-5d56-4012-8360-bb9df0c23c72', '344998b7572fcd05207b7328d8a4736ddeda306b6b9b2d14d803913cdcb71085', '2025-08-30 23:14:07.493+00', '2025-08-29 23:14:12.898+00', '2025-08-29 23:14:07.605323+00', '2025-08-29 23:14:07.605323+00'),
	('82a90760-5ff4-4c68-9bcf-dc4f2a0a0fe8', '302b17ed-7410-4b6f-a052-c21c84b1ac6e', 'c48946e17e56a1d79d856dbda6edefd87cbcb273bacb01fa0c0e7aebfa43942a', '2025-08-30 23:15:38.603+00', '2025-08-29 23:15:44.632+00', '2025-08-29 23:15:38.701776+00', '2025-08-29 23:15:38.701776+00'),
	('d7bd2664-1fb2-4b8f-838a-93ff40b8238e', 'b33e55f2-0d16-43d4-b922-3c7b42d48a34', 'd31a3c2dd1c78df6d866b5fb49fde973fbdc17d82d7f53a0499451ab44aa930f', '2025-08-30 23:16:57.554+00', '2025-08-29 23:17:02.714+00', '2025-08-29 23:16:57.709741+00', '2025-08-29 23:16:57.709741+00'),
	('edd0f4aa-ef54-4ce1-b552-6cfdff8249c1', '37a37a5c-2a41-44f1-8598-511977373cc0', 'b9fc63dcc5be0e339253b44758348f932ee751c179b1b8f76cc10b51cfd5c38f', '2025-08-30 23:18:30.497+00', '2025-08-29 23:18:35.508+00', '2025-08-29 23:18:30.601262+00', '2025-08-29 23:18:30.601262+00'),
	('e316d61c-cbb8-42dc-b37a-4332a01c408c', '85094b81-3369-491b-9060-eba4b7b35018', '09f5d26392bba2472cdbe51198b03b7c230880aa2145fca0fc76ec57b31e80cc', '2025-08-30 23:19:56.833+00', '2025-08-29 23:20:02.298+00', '2025-08-29 23:19:56.933921+00', '2025-08-29 23:19:56.933921+00'),
	('ce8817ed-ba33-4c4c-a410-4d6621b8303c', '52f41472-5542-492c-8147-9308ede8a3a3', 'd8ec4171623936c17bdafc57483a0332c1f4d7c7aed0cdf4016dc69770c2faa4', '2025-08-30 23:21:25.821+00', '2025-08-29 23:21:32.143+00', '2025-08-29 23:21:25.982436+00', '2025-08-29 23:21:25.982436+00'),
	('f2db4b87-9cd7-4996-841b-77603b7934d4', '26887a4d-ac9e-4580-b884-fd65e62f6a7a', 'd04a265fa118a9d5aa6e177d4574718919b9f665da08dd1fba35195d6f6e34b4', '2025-08-30 23:22:44.443+00', '2025-08-29 23:22:49.355+00', '2025-08-29 23:22:44.538576+00', '2025-08-29 23:22:44.538576+00'),
	('86a4ed8f-1bcc-4767-be5d-04779887774a', 'd48f30e8-49fa-4b09-bb52-6af43e55a632', 'bb52bfcb03ae046b45f57f724a869c876905b666951b9297c798280a746f9e6f', '2025-08-30 23:24:04.235+00', '2025-08-29 23:24:09.287+00', '2025-08-29 23:24:04.332384+00', '2025-08-29 23:24:04.332384+00'),
	('5d0f19ce-e5ca-49f9-8a2e-5c7e2a369730', '8c12de9f-7a57-4946-b71b-920619ed3644', '6d6fbce6d0f6b3269342834d4ecee15752bc03f342a7f8560a1e83f4581598ba', '2025-08-30 23:25:30.459+00', '2025-08-29 23:25:35.915+00', '2025-08-29 23:25:30.558915+00', '2025-08-29 23:25:30.558915+00'),
	('ab5467ab-1790-4dcc-a3d1-2b3fba6c907c', '271604bf-d799-4c32-a37b-40740cc0903a', '4f2e9c35eef7991772331e67a0a2e0ccbb7992651321504cc7db6e8d3daae8dc', '2025-08-30 23:27:17.146+00', '2025-08-29 23:27:22.087+00', '2025-08-29 23:27:17.237943+00', '2025-08-29 23:27:17.237943+00'),
	('d3a650a8-1aa4-44d1-af6b-830f71437aca', 'd0dadfe9-39c2-485d-b8bf-a3996a21815e', 'c7b807dc6c17bb79a50ba918e2939084b505a0f9b0516e5fe96e7d1111a71182', '2025-08-30 23:28:37.165+00', '2025-08-29 23:28:42.359+00', '2025-08-29 23:28:37.263945+00', '2025-08-29 23:28:37.263945+00'),
	('f23be1e6-1b47-453e-b534-cb578a08c570', '3b7b64f8-d3dc-4ba1-96df-bebf162f6c29', '316ebfaf1a76ca1dc27aca7627f733dd532aaf57ab5aa83fc0d4a3b4dc95570f', '2025-08-30 23:29:44.075+00', '2025-08-29 23:29:49.029+00', '2025-08-29 23:29:44.163145+00', '2025-08-29 23:29:44.163145+00'),
	('27fe46d0-aad8-4edb-80a5-bff253641b3b', 'aa1814f8-5f57-4fd7-8acf-464f21bb5091', 'b63747dec7b30e193ec3dd4427823b92ed1bfcd0a2a12a73b4ea3cfccab71936', '2025-08-30 23:31:16.933+00', '2025-08-29 23:31:23.127+00', '2025-08-29 23:31:17.104568+00', '2025-08-29 23:31:17.104568+00');


--
-- Data for Name: company_production; Type: TABLE DATA; Schema: public; Owner: postgres
--

INSERT INTO "public"."company_production" ("id", "company_id", "production_facilities", "production_capacity", "quality_control", "certifications", "supply_chain", "logistics", "warehousing", "delivery_time", "production_technologies", "environmental_friendly", "created_at", "updated_at") VALUES
	('7310cfcf-5c90-4276-a8c9-bdffca7d8e82', '6fcc9e92-4169-4b06-9c2f-a8c6cc284d73', 'xxxx', '10000 adet/ay, 3 vardiya', 'Her üründe kalite kontrolü, test laboratuvarı mevcut', '{"ISO 9001","ISO 14001","OHSAS 18001"}', 'Yerel ve ithal hammadde tedarikçileri', 'Kendi filosu + kargo şirketleri', '500 m² depo alanı', '5-10 iş günü', 'Modern dikiş makineleri, kesim ekipmanları, kalite kontrol sistemleri', 'Evet', '2025-08-21 20:58:14.424289+00', '2025-08-23 09:38:15.553+00');


--
-- Data for Name: company_products; Type: TABLE DATA; Schema: public; Owner: postgres
--

INSERT INTO "public"."company_products" ("id", "company_id", "main_products", "product_categories", "production_capacity", "quality_certificates", "product_catalog", "price_strategy", "seasonality", "customization", "dropshipping", "created_at", "updated_at", "best_selling_products", "minimum_order", "packaging", "private_label", "raw_materials") VALUES
	('b59c8ecd-208f-40c9-9fa1-e75007c9d5cc', '6fcc9e92-4169-4b06-9c2f-a8c6cc284d73', 'xxxx', '{Çarşaf,"Yastık Kılıfı",Nevresim,"Masa Örtüsü","Anne-Bebek Çantası","Dekoratif Kırlent",Runner}', '10000 adet/ay, 3 vardiya', '{"%100 pamuklu kumaş","% Pamuk Keten Kumaş","%100 Buldan Bezi","%100 Polycotton",Ranforce,Poplin,"Akfil Kumaşlar"}', 'Duvet Cover Set: Ethnic Patterned %50 cotton %50 linen, 200×220 cm Duvet Cover, 160×200 cm Fitted Sheet, 50×70 cm Sleeping Pillow, 60×80 cm Decorative Pillow. Pillow and Runner Sets: Ethnic Traditional Hand Print/Stone Print, %100 Linen Cotton Fabric, 45×150 cm Runner - 43×43 cm 2 pillows. Multi-purpose Mother-Baby Bag: 35×50 cm, %100 patterned cotton fabric. Garden Cushions: Special Ethnic Patterned %100 cotton, 6 color pompom Garden Cover and Cushion Set (2 kg Fiber Filled 80×80 cm Cushion). Sequin/Embroidered Room Cover Sets: 150×150 cm polycotton fabric with Ethnic patterned Embroidery and Sequin/Tasseled Tablecloth', '100 takım, 250 adet', 'Kendi kumaşından çantalar, kutular, PVC poşetler', 'Evet', 'Olabilir', '2025-08-21 20:54:50.99444+00', '2025-08-23 09:38:14.812+00', 'xxxx', '100', '', '', '');


--
-- Data for Name: projects; Type: TABLE DATA; Schema: public; Owner: postgres
--

INSERT INTO "public"."projects" ("id", "company_id", "name", "description", "status", "start_date", "end_date", "progress", "consultant_id", "created_at", "updated_at", "type", "admin_note", "completed_tasks") VALUES
	('4366e756-fde3-4ed0-b204-96739ab112d5', '6fcc9e92-4169-4b06-9c2f-a8c6cc284d73', 'E-ticaret Platformu Geliştirme', 'Modern e-ticaret platformu geliştirme projesi', NULL, '2024-01-15', '2024-06-30', 0, NULL, '2025-09-11 08:04:10.123887+00', '2025-09-11 08:04:10.123887+00', 'B2B', NULL, 0),
	('8010750d-9be0-4f21-b81c-eaad6b9743ae', '6fcc9e92-4169-4b06-9c2f-a8c6cc284d73', 'B2B ', 'Alibaba.com Verified hesap yönetimi ', 'Aktif', '2025-03-31', '2026-02-28', 100, NULL, '2025-08-23 20:58:36.967441+00', '2025-09-11 08:34:09.884054+00', 'B2B', 'notum', 3),
	('c7dc068c-4c57-4f28-92da-06756daf7552', 'aa1814f8-5f57-4fd7-8acf-464f21bb5091', 'B2C Pazaryeri Kurulum ve Yönetimi', 'B2C Pazaryeri Yönetimi için yapılacak işlemler', 'Aktif', '2025-04-01', '2026-02-28', 6, NULL, '2025-08-29 23:42:57.616994+00', '2025-09-11 20:21:07.309884+00', 'B2C', 'Yurtdışı Pazaryeri Hesap Açılış ve Yönetimi', 1),
	('069ce17c-fdb4-4eb2-915c-0e1510666375', '8c12de9f-7a57-4946-b71b-920619ed3644', 'yp6', 'açıklama6', 'Aktif', '2025-09-02', '2025-09-30', 0, NULL, '2025-09-11 21:12:50.858238+00', '2025-09-11 21:50:50.648222+00', 'B2B', 'admin notu6', 0);


--
-- Data for Name: sub_projects; Type: TABLE DATA; Schema: public; Owner: postgres
--

INSERT INTO "public"."sub_projects" ("id", "project_id", "name", "description", "start_date", "end_date", "status", "progress", "task_count", "completed_tasks", "is_auto_generated", "created_at", "updated_at") VALUES
	('dc73d5f4-164c-41c9-b50a-2c02b8049f8b', 'c7dc068c-4c57-4f28-92da-06756daf7552', 'Stratejik Hazırlık', 'Açıklama', '2025-04-01', '2025-05-31', 'Planlandı', 50, 2, 1, false, '2025-08-29 23:45:32.388826+00', '2025-08-29 23:54:41.515432+00'),
	('61607d24-3b19-4769-ab42-828acd200265', 'c7dc068c-4c57-4f28-92da-06756daf7552', 'Evrek ve Belge Hazırlama', 'Bu belgeler neredeyse tüm global B2C pazaryerlerinde istenir:', '2025-06-01', '2025-06-30', 'Planlandı', 0, 8, 0, false, '2025-08-30 07:45:04.428698+00', '2025-08-30 07:47:59.079362+00'),
	('3882a07e-2afc-4bd1-953e-e0bce09129e7', 'c7dc068c-4c57-4f28-92da-06756daf7552', ' OPSİYONEL ANCAK ÖNERİLEN EK ADIMLARR', 'Açıklamag', '2025-07-01', '2025-12-31', 'Planlandı', 0, 5, 0, false, '2025-08-30 08:03:57.903641+00', '2025-09-11 07:34:50.396768+00'),
	('369749f0-0a39-4a77-94aa-af20cad64c1d', '8010750d-9be0-4f21-b81c-eaad6b9743ae', 'Hesap Açılışı', 'Alibaba.com Verified hesap açılışı', '2025-03-31', '2026-02-28', 'Aktif', 100, 3, 3, false, '2025-08-23 21:33:08.921901+00', '2025-08-29 00:20:35.197669+00'),
	('a4bf99a3-b4c7-4647-85e6-aae11f9e1df7', 'c7dc068c-4c57-4f28-92da-06756daf7552', ' D. MAĞAZA VE ÜRÜN HAZIRLIĞI', 'Hazırlıklar', '2025-08-01', '2025-08-31', 'Planlandı', 0, 3, 0, false, '2025-08-30 07:49:28.142802+00', '2025-08-30 07:51:08.242565+00'),
	('6002311d-bc04-4831-970b-91239cf73750', 'c7dc068c-4c57-4f28-92da-06756daf7552', 'Şirket ve Yasal Altyapı', 'Açıklama', '2025-05-01', '2025-05-31', 'Planlandı', 0, 2, 0, false, '2025-08-29 23:48:45.177339+00', '2025-08-29 23:49:58.532254+00'),
	('119791d5-d7d0-40e6-aed1-4a3c32b49513', 'c7dc068c-4c57-4f28-92da-06756daf7552', ' E. LOJİSTİK VE KARGO', 'Lojistik', '2025-09-01', '2025-09-30', 'Planlandı', 0, 2, 0, false, '2025-08-30 07:51:50.881488+00', '2025-08-30 07:53:02.139051+00'),
	('e5fdb54f-6af0-4c3e-ae39-8d99ff471ba3', 'c7dc068c-4c57-4f28-92da-06756daf7552', ' F. VERGİ VE MUHASEBE SÜREÇLERİ', 'açıklama', '2025-10-01', '2025-10-31', 'Planlandı', 0, 0, 0, false, '2025-08-30 08:00:12.680261+00', '2025-08-30 08:00:12.680261+00'),
	('43bc598d-c53d-41a0-b759-eeb5ed3285a6', 'c7dc068c-4c57-4f28-92da-06756daf7552', 'Hesap Açılış Süreci', 'Açıklama', '2025-06-01', '2025-06-30', 'Planlandı', 0, 3, 0, false, '2025-08-29 23:50:43.370144+00', '2025-08-29 23:52:35.149434+00'),
	('9e9ef00f-d040-4c18-bc69-0cecd561079f', 'c7dc068c-4c57-4f28-92da-06756daf7552', ' G. MÜŞTERİ HİZMETLERİ VE SÜREKLİLİK', 'Açıklama', '2025-09-01', '2025-09-30', 'Planlandı', 0, 3, 0, false, '2025-08-30 08:01:05.497977+00', '2025-08-30 08:02:31.56647+00');


--
-- Data for Name: company_projects; Type: TABLE DATA; Schema: public; Owner: postgres
--

INSERT INTO "public"."company_projects" ("id", "company_id", "project_id", "assigned_at", "status", "created_at", "updated_at", "sub_project_id") VALUES
	('69de6572-cc12-43e1-b54d-3f03b348869b', '6fcc9e92-4169-4b06-9c2f-a8c6cc284d73', '8010750d-9be0-4f21-b81c-eaad6b9743ae', '2025-08-23 21:29:08.358125+00', 'Planlandı', '2025-08-23 21:29:08.358125+00', '2025-08-23 22:02:18.614805+00', NULL),
	('850d7e08-3de2-4679-b78c-76afa099a581', 'f0a64589-d305-4266-a7f6-76aadd7bf8ba', '8010750d-9be0-4f21-b81c-eaad6b9743ae', '2025-08-23 21:30:29.52174+00', 'Planlandı', '2025-08-23 21:30:29.52174+00', '2025-08-23 22:02:18.614805+00', NULL),
	('cfd2fe66-a388-44cb-a3e8-d5bb0795a8a6', 'f5b37d50-a6ed-4a53-a680-da72bf472503', 'c7dc068c-4c57-4f28-92da-06756daf7552', '2025-08-29 23:53:24.357008+00', 'Planlandı', '2025-08-29 23:53:24.357008+00', '2025-08-29 23:53:24.357008+00', NULL),
	('36379d77-96b1-403d-9f35-916e89fadcda', 'f0a64589-d305-4266-a7f6-76aadd7bf8ba', 'c7dc068c-4c57-4f28-92da-06756daf7552', '2025-08-29 23:53:24.357008+00', 'Planlandı', '2025-08-29 23:53:24.357008+00', '2025-08-29 23:53:24.357008+00', NULL),
	('b48ff744-b902-4213-97bd-9ff479e617ed', '271604bf-d799-4c32-a37b-40740cc0903a', 'c7dc068c-4c57-4f28-92da-06756daf7552', '2025-08-29 23:53:24.357008+00', 'Planlandı', '2025-08-29 23:53:24.357008+00', '2025-08-29 23:53:24.357008+00', NULL),
	('69ec14e6-5efa-44ad-baf4-95bfc53e5a41', '3b7b64f8-d3dc-4ba1-96df-bebf162f6c29', 'c7dc068c-4c57-4f28-92da-06756daf7552', '2025-08-29 23:53:24.357008+00', 'Planlandı', '2025-08-29 23:53:24.357008+00', '2025-08-29 23:53:24.357008+00', NULL),
	('d46dda63-7cea-4e8e-a6bc-d25cbd6045ab', 'b33e55f2-0d16-43d4-b922-3c7b42d48a34', 'c7dc068c-4c57-4f28-92da-06756daf7552', '2025-08-29 23:53:24.357008+00', 'Planlandı', '2025-08-29 23:53:24.357008+00', '2025-08-29 23:53:24.357008+00', NULL),
	('12b8b7e2-1227-495c-9bed-0b11af3fb74a', 'aa1814f8-5f57-4fd7-8acf-464f21bb5091', 'c7dc068c-4c57-4f28-92da-06756daf7552', '2025-08-29 23:53:24.357008+00', 'Planlandı', '2025-08-29 23:53:24.357008+00', '2025-08-29 23:53:24.357008+00', NULL),
	('b64cd988-d704-4797-9489-c53015d39c0e', 'fee15b63-5d56-4012-8360-bb9df0c23c72', 'c7dc068c-4c57-4f28-92da-06756daf7552', '2025-08-29 23:53:24.357008+00', 'Planlandı', '2025-08-29 23:53:24.357008+00', '2025-08-29 23:53:24.357008+00', NULL),
	('60343d92-c783-42c3-bb45-1fdec6dbc95c', '85094b81-3369-491b-9060-eba4b7b35018', 'c7dc068c-4c57-4f28-92da-06756daf7552', '2025-08-29 23:53:24.357008+00', 'Planlandı', '2025-08-29 23:53:24.357008+00', '2025-08-29 23:53:24.357008+00', NULL),
	('743faf6e-46b2-47f7-ac1a-2956755f25b2', '52f41472-5542-492c-8147-9308ede8a3a3', 'c7dc068c-4c57-4f28-92da-06756daf7552', '2025-08-29 23:53:24.357008+00', 'Planlandı', '2025-08-29 23:53:24.357008+00', '2025-08-29 23:53:24.357008+00', NULL),
	('0f28cd59-5a36-4089-bc51-439384418394', 'd0dadfe9-39c2-485d-b8bf-a3996a21815e', 'c7dc068c-4c57-4f28-92da-06756daf7552', '2025-08-29 23:53:24.357008+00', 'Planlandı', '2025-08-29 23:53:24.357008+00', '2025-08-29 23:53:24.357008+00', NULL),
	('f612845f-a8e0-4998-8c0a-40b168e28a9c', 'a0c3b842-0cd7-420b-afd1-d95be18e4f7b', 'c7dc068c-4c57-4f28-92da-06756daf7552', '2025-08-29 23:53:24.357008+00', 'Planlandı', '2025-08-29 23:53:24.357008+00', '2025-08-29 23:53:24.357008+00', NULL),
	('938f9c22-9c39-4cf9-b41c-1d8d6f14015f', 'a82225ca-edb5-461a-96bb-d7d3f60c10e3', 'c7dc068c-4c57-4f28-92da-06756daf7552', '2025-08-29 23:53:24.357008+00', 'Planlandı', '2025-08-29 23:53:24.357008+00', '2025-08-29 23:53:24.357008+00', NULL),
	('1300578e-235e-465c-9003-679e820ec168', 'd48f30e8-49fa-4b09-bb52-6af43e55a632', 'c7dc068c-4c57-4f28-92da-06756daf7552', '2025-08-29 23:53:24.357008+00', 'Planlandı', '2025-08-29 23:53:24.357008+00', '2025-08-29 23:53:24.357008+00', NULL),
	('e1cd885b-3714-4cb5-842a-7419d24e1ec3', '8c12de9f-7a57-4946-b71b-920619ed3644', 'c7dc068c-4c57-4f28-92da-06756daf7552', '2025-08-29 23:53:24.357008+00', 'Planlandı', '2025-08-29 23:53:24.357008+00', '2025-08-29 23:53:24.357008+00', NULL),
	('e3c270b7-17bf-4a47-8ebf-75344443a52a', '26887a4d-ac9e-4580-b884-fd65e62f6a7a', 'c7dc068c-4c57-4f28-92da-06756daf7552', '2025-08-29 23:53:24.357008+00', 'Planlandı', '2025-08-29 23:53:24.357008+00', '2025-08-29 23:53:24.357008+00', NULL),
	('fd9015f8-3b94-4b88-a667-c3ac123e50de', '37a37a5c-2a41-44f1-8598-511977373cc0', 'c7dc068c-4c57-4f28-92da-06756daf7552', '2025-08-29 23:53:24.357008+00', 'Planlandı', '2025-08-29 23:53:24.357008+00', '2025-08-29 23:53:24.357008+00', NULL),
	('e4325654-80ee-4065-a5d9-0efe45930463', '302b17ed-7410-4b6f-a052-c21c84b1ac6e', 'c7dc068c-4c57-4f28-92da-06756daf7552', '2025-08-29 23:53:24.357008+00', 'Planlandı', '2025-08-29 23:53:24.357008+00', '2025-08-29 23:53:24.357008+00', NULL),
	('57a742ed-9b8c-4f89-98e7-934286ddee97', '6fcc9e92-4169-4b06-9c2f-a8c6cc284d73', 'c7dc068c-4c57-4f28-92da-06756daf7552', '2025-08-29 23:53:24.357008+00', 'Planlandı', '2025-08-29 23:53:24.357008+00', '2025-08-29 23:53:24.357008+00', NULL),
	('36adf137-e074-47bf-9d75-df45777c2f8f', '964a24d2-a4e1-4d8a-81cb-c3a259f523c0', 'c7dc068c-4c57-4f28-92da-06756daf7552', '2025-08-29 23:53:24.357008+00', 'Planlandı', '2025-08-29 23:53:24.357008+00', '2025-08-29 23:53:24.357008+00', NULL),
	('612a04de-47a4-4181-b1f2-a56a4331ab9e', 'deb723c2-9ec0-47ab-9a6b-f5d929a237c3', 'c7dc068c-4c57-4f28-92da-06756daf7552', '2025-08-29 23:53:24.357008+00', 'Planlandı', '2025-08-29 23:53:24.357008+00', '2025-08-29 23:53:24.357008+00', NULL);


--
-- Data for Name: company_sales; Type: TABLE DATA; Schema: public; Owner: postgres
--

INSERT INTO "public"."company_sales" ("id", "company_id", "sales_channels", "customer_segments", "customer_retention", "sales_process", "crm", "customer_service", "sales_team", "sales_targets", "sales_performance_tracking", "customer_satisfaction_measurement", "sales_strategy", "created_at", "updated_at", "customer_satisfaction") VALUES
	('120c4e9d-ce1a-4608-978b-24906edfc957', '6fcc9e92-4169-4b06-9c2f-a8c6cc284d73', '{xxxx}', 'Otomotiv, beyaz eşya, endüstriyel makine üreticileri', '%85 müşteri sadakati', 'Teklif - Numune - Sipariş - Teslimat', 'Excel tabanlı müşteri takibi', 'Telefon ve email desteği', '3 kişilik satış ekibi', '2024 yılı %30 büyüme hedefi', 'Aylık raporlama', 'Müşteri anketleri', 'Yeni pazarlara açılma, ürün çeşitlendirme, müşteri segmentasyonu ile %30 büyüme hedefi', '2025-08-21 20:58:42.752089+00', '2025-08-23 09:38:16.429+00', '');


--
-- Data for Name: company_users; Type: TABLE DATA; Schema: public; Owner: postgres
--

INSERT INTO "public"."company_users" ("id", "company_id", "email", "password_hash", "name", "role", "status", "created_at", "updated_at", "last_login", "created_by") VALUES
	('ec957f42-d095-40dd-939c-fc4bdf1b0507', '6fcc9e92-4169-4b06-9c2f-a8c6cc284d73', 'info1@mundo.com', '$2b$10$zwt53Oqm5pgoar01ZUVNXeInJrE4TAsPyzLebvAA0G5qrsyJmK7iO', '1', 'operator', 'active', '2025-08-22 17:52:36.010126+00', '2025-08-22 17:52:36.010126+00', NULL, NULL),
	('43890526-3784-4103-b927-b9fcfbda3e11', '6fcc9e92-4169-4b06-9c2f-a8c6cc284d73', 'info2@mundo.com', '$2b$10$n8K01JIPXjEQ17cDmH4baO4sNaquOrNiB4cXcGxtGrUdPru7uaEQC', '2', 'operator', 'active', '2025-08-22 17:52:56.990761+00', '2025-08-22 17:52:56.990761+00', NULL, NULL),
	('f15165c6-609f-47c4-86a4-57036edbd284', 'd0dadfe9-39c2-485d-b8bf-a3996a21815e', 'info@mywin.com.tr', '$2b$12$OOf/6BQ89ItBJWU2iZ1ywOn6KmoaWXZKHjRpO05fd5anGZz.wjp4q', 'Bese Metal Ürn. Ltd. Şti.', 'admin', 'active', '2025-08-29 23:28:29.554285+00', '2025-08-29 23:28:42.364565+00', NULL, NULL),
	('2ea80957-bd40-46d7-9228-91575fafd616', '964a24d2-a4e1-4d8a-81cb-c3a259f523c0', 'export2@oylum.com', '$2b$12$6F.OsoImsZ93sWHgkwdivO3Ap/vOOAxlS9Wjc7iI7GSzIGlZNa2tq', 'Oylum Sınai Yatırımlar A.Ş.', 'admin', 'active', '2025-08-29 22:26:45.756062+00', '2025-08-29 22:27:05.314723+00', NULL, NULL),
	('761b341c-d802-4f64-b4ae-8dd11e30e854', 'a82225ca-edb5-461a-96bb-d7d3f60c10e3', 'info@aekamobilya.com', '$2b$12$mkH4PR96mZi06sblIeuz7u7.nV5wqgP1SIPA4DuSLWsbJgoN8texy', 'Kamer Mobilya - AekaOnline', 'admin', 'active', '2025-08-29 23:11:08.01907+00', '2025-08-29 23:11:22.429148+00', NULL, NULL),
	('b6679f2d-2eb6-449c-89db-c90d686a8c6b', 'a0c3b842-0cd7-420b-afd1-d95be18e4f7b', 'info@femas.com', '$2b$12$rJa7Fx2cbSeZEfHB0Tj8/uF03Rx.PGKEg2csjpKG8ZZ.xZsDv6cym', 'Femaş Metal Sanayi ve Ticaret Anonim Şirketi ', 'admin', 'active', '2025-08-29 23:12:31.046561+00', '2025-08-29 23:12:50.565939+00', NULL, NULL),
	('1600ab4e-adcc-4904-95ca-536647cee38a', 'fee15b63-5d56-4012-8360-bb9df0c23c72', 'info@athomefurniture.com.tr', '$2b$12$tkdTX./ZZjHSONEfzYkhk.kjKeU1iq1M/DBs1N4qhtEKTW6/KsnZu', 'Athome Mobilya ', 'admin', 'active', '2025-08-29 23:14:01.652097+00', '2025-08-29 23:14:12.918208+00', NULL, NULL),
	('9d019124-0d62-4a25-851b-1999475515e6', '302b17ed-7410-4b6f-a052-c21c84b1ac6e', 'info@odul.com.tr', '$2b$12$uzzUW8ZBJPdGHKKBsuMvseHTKMFCuSN7wum2/mHyeO6QF0XaZmlPC', 'Ödul Madeni Eşya', 'admin', 'active', '2025-08-29 23:15:17.568903+00', '2025-08-29 23:15:44.651607+00', NULL, NULL),
	('43c3dee6-fde7-4058-a952-4eea6e355bfd', 'b33e55f2-0d16-43d4-b922-3c7b42d48a34', 'info@absdoor.com', '$2b$12$vp505tyDlGOAsdPqX7AT/.8Y8ITuBhuAQ1eNUSutw2dOEq3QQ3766', 'ABS Door Çelik Kapı', 'admin', 'active', '2025-08-29 23:16:45.965949+00', '2025-08-29 23:17:02.728332+00', NULL, NULL),
	('ba897f60-ac40-4d64-99fd-15ed036ddb83', '37a37a5c-2a41-44f1-8598-511977373cc0', 'info@palm.com.tr', '$2b$12$.Vmc5wDWhPMzkNj8k6yucOpLQIj7hL5V.PW7uCPpmHsegOL272MvO', 'Milenyum Metal Dış Ticaret ve San AŞ', 'admin', 'active', '2025-08-29 23:18:20.866154+00', '2025-08-29 23:18:35.527603+00', NULL, NULL),
	('9e08fd7e-94e2-4a73-89bd-4fe7d3f28636', '85094b81-3369-491b-9060-eba4b7b35018', 'info@ermetsan.com.tr', '$2b$12$NC86JkXWFP0j8jI44TVfhOo0DbMrw2JKFXr4SJWu4ovogDCIevW3W', 'Ermetsan Çelik Kapı San Tic Ltd Şti', 'admin', 'active', '2025-08-29 23:19:48.872717+00', '2025-08-29 23:20:02.316505+00', NULL, NULL),
	('f3714cd2-9714-4430-bdbc-cdac9da23cc1', '52f41472-5542-492c-8147-9308ede8a3a3', 'info@atlassayac.com', '$2b$12$DoWMrAes2PP3XHi1bVV7OOk206BFyEfJ1GGJz3.fiY3/xipFYVw/K', 'Atlas Sayaç San Tic AŞ', 'admin', 'active', '2025-08-29 23:21:08.811939+00', '2025-08-29 23:21:32.09452+00', NULL, NULL),
	('3dcc32f2-b069-4e85-8c3c-9b7febdfb4ae', '26887a4d-ac9e-4580-b884-fd65e62f6a7a', 'info@kayzermobilya.com', '$2b$12$vQ5KrVZ7.BDaumzBAdTdfOXV.1QP0Jl0RBLCzv3mZrSMPup37tRvW', 'Kayzer Mobilya San Tic AŞ', 'admin', 'active', '2025-08-29 23:22:36.014286+00', '2025-08-29 23:22:49.371055+00', NULL, NULL),
	('693b3687-4f1b-468a-a7f1-840ca7a4a3d1', 'd48f30e8-49fa-4b09-bb52-6af43e55a632', 'info@kayraexport.com', '$2b$12$tHoW/TTfbqrzKXfHkIce8uHzFDsItPtqBPwCGQPja57TNz7ZI21py', 'Kayra Export Ev Teksili ve Sanayi AŞ', 'admin', 'active', '2025-08-29 23:23:51.540157+00', '2025-08-29 23:24:09.304728+00', NULL, NULL),
	('1e02e897-5b36-4291-9a77-6edb1b042de9', '8c12de9f-7a57-4946-b71b-920619ed3644', 'info@lora.com.tr', '$2b$12$SxkhUOj5jPu2zJ7rScN67eyMQMg8lwOKaoAib0TiwD4l..k3jvlB.', 'Lora - Mimsan Ev Gereçleri San Tic Ltd Şti', 'admin', 'active', '2025-08-29 23:25:20.491303+00', '2025-08-29 23:25:35.931553+00', NULL, NULL),
	('edf302c5-b444-4344-b27e-9c29a9c10023', '271604bf-d799-4c32-a37b-40740cc0903a', 'info@rosse.com.tr', '$2b$12$gEARAE6pdyvTbrF.W4qevuA87Wwb5XIYz0IYFcybbCu.j.tNpDJpG', 'Rosse Metal Ahşap San ve Tic Ltd Şti', 'admin', 'active', '2025-08-29 23:27:07.414208+00', '2025-08-29 23:27:22.094513+00', NULL, NULL),
	('cb8b68fe-10bb-4427-8f43-152ef3c3f244', '3b7b64f8-d3dc-4ba1-96df-bebf162f6c29', 'info@tepeplastik.com.tr', '$2b$12$7qCoOnsD3IfwbzLuRDC3g.em.79M1Puy.ppshuSIaVk03c3s/o1KW', 'Tepe Plastik', 'admin', 'active', '2025-08-29 23:29:35.589332+00', '2025-08-29 23:29:49.035819+00', NULL, NULL),
	('cd2277d8-941e-453a-8b54-99819089b178', 'aa1814f8-5f57-4fd7-8acf-464f21bb5091', 'info@anatolia.com.tr', '$2b$12$yMqCk3jpzbFoJ8ypgpLW4.zL5xUc6N89TGQWLnm9OSeufOBymnRrW', 'Anatolia Metal Kalıp San Tic AŞ', 'admin', 'active', '2025-08-29 23:31:00.962368+00', '2025-08-29 23:31:23.079467+00', NULL, NULL),
	('9a43a5d9-d416-4420-b6a6-a17355c9ffee', 'deb723c2-9ec0-47ab-9a6b-f5d929a237c3', 'info@rosehan.com', '$2b$12$kM6.E4Xm..UKzNzmsXvR/OEwFtiwx4D//GX6mZlV7wl0f5Wmyt4I6', 'Rosehan İç ve Dış Ticaret AŞ', 'admin', 'active', '2025-08-29 21:57:58.358446+00', '2025-09-02 19:58:12.662319+00', NULL, NULL),
	('ffd08a9b-d3fa-45c9-a7c1-3044448724dc', 'f5b37d50-a6ed-4a53-a680-da72bf472503', 'info@sahbaz.com', '$2b$12$kM6.E4Xm..UKzNzmsXvR/OEwFtiwx4D//GX6mZlV7wl0f5Wmyt4I6', 'Şahbaz Isı San Tic AŞ', 'operator', 'active', '2025-08-29 23:09:10.073417+00', '2025-09-08 19:25:26.766687+00', NULL, NULL),
	('14aebe74-2ae0-4ffb-9f61-719871e5dae0', 'f0a64589-d305-4266-a7f6-76aadd7bf8ba', 'info@sarmobi.com', '$2b$12$kM6.E4Xm..UKzNzmsXvR/OEwFtiwx4D//GX6mZlV7wl0f5Wmyt4I6', 'Sarmobi', 'operator', 'active', '2025-08-22 17:26:33.612499+00', '2025-09-08 19:25:26.766687+00', NULL, NULL),
	('2f54aba6-cc08-4f25-8fce-6b868f0fdb71', '6fcc9e92-4169-4b06-9c2f-a8c6cc284d73', 'info@mundo.com', '$2b$12$kM6.E4Xm..UKzNzmsXvR/OEwFtiwx4D//GX6mZlV7wl0f5Wmyt4I6', 'Mundo', 'operator', 'active', '2025-08-22 17:26:33.612499+00', '2025-09-08 19:25:26.766687+00', NULL, NULL);


--
-- Data for Name: consultant_activities; Type: TABLE DATA; Schema: public; Owner: postgres
--

INSERT INTO "public"."consultant_activities" ("id", "consultant_id", "action", "entity_type", "entity_id", "company_id", "details", "ip_address", "user_agent", "created_at") VALUES
	('2b592985-9e52-484b-953a-b7356fbf0be9', '76661697-907e-4e9b-84ee-5b150a3f48be', 'consultant_updated', 'consultant', '76661697-907e-4e9b-84ee-5b150a3f48be', NULL, '{"updated_by": "system", "updated_fields": ["full_name", "email", "phone", "experience_years", "specialization", "bio", "is_active"]}', NULL, NULL, '2025-08-20 18:09:48.642621+00'),
	('6578af79-798c-4990-b272-dc3d667e7cd7', '76661697-907e-4e9b-84ee-5b150a3f48be', 'password_reset', 'consultant', '76661697-907e-4e9b-84ee-5b150a3f48be', NULL, '{"reset_by": "system", "consultant_name": "Zarife Hocam", "consultant_email": "zarife@nsl.com.tr"}', NULL, NULL, '2025-08-20 18:10:35.747176+00'),
	('d2d8e4fe-d687-4794-8fa5-7a427a2a8391', '76661697-907e-4e9b-84ee-5b150a3f48be', 'consultant_updated', 'consultant', '76661697-907e-4e9b-84ee-5b150a3f48be', NULL, '{"updated_by": "system", "updated_fields": ["full_name", "email", "phone", "experience_years", "specialization", "bio", "is_active"]}', NULL, NULL, '2025-08-20 18:13:54.403959+00'),
	('d5e3b83b-a63e-4aac-9345-d349437ac4b3', '76661697-907e-4e9b-84ee-5b150a3f48be', 'consultant_updated', 'consultant', '76661697-907e-4e9b-84ee-5b150a3f48be', NULL, '{"updated_by": "system", "updated_fields": ["full_name", "email", "phone", "experience_years", "specialization", "bio", "is_active"]}', NULL, NULL, '2025-08-20 18:14:49.915685+00'),
	('4fe7c042-e76c-445f-bca8-75d83065e3b1', '76661697-907e-4e9b-84ee-5b150a3f48be', 'consultant_updated', 'consultant', '76661697-907e-4e9b-84ee-5b150a3f48be', NULL, '{"updated_by": "system", "updated_fields": ["full_name", "email", "phone", "experience_years", "specialization", "bio", "is_active"]}', NULL, NULL, '2025-08-20 18:18:58.951712+00'),
	('a255b641-d8ad-43b5-b0c3-95a4d5f0eb19', '76661697-907e-4e9b-84ee-5b150a3f48be', 'consultant_updated', 'consultant', '76661697-907e-4e9b-84ee-5b150a3f48be', NULL, '{"updated_by": "system", "updated_fields": ["full_name", "email", "phone", "experience_years", "specialization", "bio", "is_active"]}', NULL, NULL, '2025-08-20 18:20:27.078606+00'),
	('752c3a43-2634-4f8f-ad60-a34783d0643c', '76661697-907e-4e9b-84ee-5b150a3f48be', 'consultant_updated', 'consultant', '76661697-907e-4e9b-84ee-5b150a3f48be', NULL, '{"updated_by": "system", "updated_fields": ["full_name", "email", "phone", "experience_years", "specialization", "bio", "is_active"]}', NULL, NULL, '2025-08-20 18:20:44.198628+00'),
	('003fd5f7-bb7e-4a3a-82a8-b727f6985443', '76661697-907e-4e9b-84ee-5b150a3f48be', 'consultant_updated', 'consultant', '76661697-907e-4e9b-84ee-5b150a3f48be', NULL, '{"updated_by": "system", "updated_fields": ["full_name", "email", "phone", "experience_years", "specialization", "bio", "is_active"]}', NULL, NULL, '2025-08-20 18:22:44.824677+00'),
	('ff7a639f-7722-4f6a-8ea0-a57f6e4b3c2d', '76661697-907e-4e9b-84ee-5b150a3f48be', 'consultant_updated', 'consultant', '76661697-907e-4e9b-84ee-5b150a3f48be', NULL, '{"updated_by": "system", "updated_fields": ["full_name", "email", "phone", "experience_years", "specialization", "bio", "is_active"]}', NULL, NULL, '2025-08-20 18:23:19.324576+00'),
	('c120aab3-3806-442b-8839-635ec00d7e0b', '76661697-907e-4e9b-84ee-5b150a3f48be', 'consultant_updated', 'consultant', '76661697-907e-4e9b-84ee-5b150a3f48be', NULL, '{"updated_by": "system", "updated_fields": ["full_name", "email", "phone", "experience_years", "specialization", "bio", "is_active"]}', NULL, NULL, '2025-08-20 18:25:48.014912+00'),
	('78feb0c8-1114-412a-83fa-772de119b9ac', '76661697-907e-4e9b-84ee-5b150a3f48be', 'consultant_updated', 'consultant', '76661697-907e-4e9b-84ee-5b150a3f48be', NULL, '{"updated_by": "system", "updated_fields": ["full_name", "email", "phone", "experience_years", "specialization", "bio", "is_active"]}', NULL, NULL, '2025-08-20 18:31:58.385852+00'),
	('6c6c5b97-123e-4709-9151-4d3e0dd9de0e', '76661697-907e-4e9b-84ee-5b150a3f48be', 'consultant_updated', 'consultant', '76661697-907e-4e9b-84ee-5b150a3f48be', NULL, '{"updated_by": "system", "updated_fields": ["full_name", "email", "phone", "experience_years", "specialization", "bio", "is_active"]}', NULL, NULL, '2025-08-20 18:36:53.571106+00'),
	('9065ced1-d9a8-4a2f-beb9-53db933134c6', '76661697-907e-4e9b-84ee-5b150a3f48be', 'consultant_updated', 'consultant', '76661697-907e-4e9b-84ee-5b150a3f48be', NULL, '{"updated_by": "system", "updated_fields": ["full_name", "email", "phone", "experience_years", "specialization", "bio", "is_active"]}', NULL, NULL, '2025-08-20 19:53:31.602318+00'),
	('89efda68-bcb5-4ed4-9694-5cd47806eba0', '76661697-907e-4e9b-84ee-5b150a3f48be', 'consultant_updated', 'consultant', '76661697-907e-4e9b-84ee-5b150a3f48be', NULL, '{"updated_by": "system", "updated_fields": ["full_name", "email", "phone", "experience_years", "specialization", "bio", "is_active"]}', NULL, NULL, '2025-08-20 19:56:03.577686+00'),
	('db9eff83-1b23-455b-87e5-98846b61329e', '76661697-907e-4e9b-84ee-5b150a3f48be', 'consultant_updated', 'consultant', '76661697-907e-4e9b-84ee-5b150a3f48be', NULL, '{"updated_by": "system", "updated_fields": ["full_name", "email", "phone", "experience_years", "specialization", "bio", "is_active"]}', NULL, NULL, '2025-08-20 19:59:31.616826+00'),
	('c5802ded-d3f8-43bd-83a7-577a6c17a91f', '76661697-907e-4e9b-84ee-5b150a3f48be', 'consultant_updated', 'consultant', '76661697-907e-4e9b-84ee-5b150a3f48be', NULL, '{"updated_by": "system", "updated_fields": ["full_name", "email", "phone", "experience_years", "specialization", "bio", "is_active"]}', NULL, NULL, '2025-08-20 20:02:15.051227+00'),
	('fcbd34b2-6ede-43c7-a31c-209dcb1174bb', '76661697-907e-4e9b-84ee-5b150a3f48be', 'consultant_updated', 'consultant', '76661697-907e-4e9b-84ee-5b150a3f48be', NULL, '{"updated_by": "system", "updated_fields": ["full_name", "email", "phone", "experience_years", "specialization", "bio", "is_active"]}', NULL, NULL, '2025-08-20 20:04:58.719389+00'),
	('c92734e4-4f2e-4f1b-88d1-384f9a22f539', '76661697-907e-4e9b-84ee-5b150a3f48be', 'consultant_updated', 'consultant', '76661697-907e-4e9b-84ee-5b150a3f48be', NULL, '{"updated_by": "system", "updated_fields": ["full_name", "email", "phone", "experience_years", "specialization", "bio", "is_active"]}', NULL, NULL, '2025-08-20 20:05:53.49055+00'),
	('05883d74-5253-4074-8d54-5fe92ebf0fc3', '76661697-907e-4e9b-84ee-5b150a3f48be', 'consultant_updated', 'consultant', '76661697-907e-4e9b-84ee-5b150a3f48be', NULL, '{"updated_by": "system", "updated_fields": ["full_name", "email", "phone", "experience_years", "specialization", "bio", "is_active"]}', NULL, NULL, '2025-08-20 20:10:16.656447+00'),
	('eb5ce34c-5ee2-4bf7-9d8b-7020d34fdadd', '76661697-907e-4e9b-84ee-5b150a3f48be', 'consultant_updated', 'consultant', '76661697-907e-4e9b-84ee-5b150a3f48be', NULL, '{"updated_by": "system", "updated_fields": ["full_name", "email", "phone", "experience_years", "specialization", "bio", "is_active"]}', NULL, NULL, '2025-08-20 20:11:08.999608+00'),
	('7bbd6d15-02d7-4d51-b962-ec91f8e327a8', '76661697-907e-4e9b-84ee-5b150a3f48be', 'consultant_updated', 'consultant', '76661697-907e-4e9b-84ee-5b150a3f48be', NULL, '{"updated_by": "system", "updated_fields": ["full_name", "email", "phone", "experience_years", "specialization", "bio", "is_active"]}', NULL, NULL, '2025-08-20 20:13:21.815833+00'),
	('a158905f-8946-4943-987d-f4df5d75a11b', '76661697-907e-4e9b-84ee-5b150a3f48be', 'consultant_updated', 'consultant', '76661697-907e-4e9b-84ee-5b150a3f48be', NULL, '{"updated_by": "system", "updated_fields": ["full_name", "email", "phone", "experience_years", "specialization", "bio", "is_active"]}', NULL, NULL, '2025-08-20 20:14:46.424767+00'),
	('4479a34c-36de-4640-aa9c-1b548e8e2a64', '76661697-907e-4e9b-84ee-5b150a3f48be', 'consultant_updated', 'consultant', '76661697-907e-4e9b-84ee-5b150a3f48be', NULL, '{"updated_by": "system", "updated_fields": ["full_name", "email", "phone", "experience_years", "specialization", "bio", "is_active"]}', NULL, NULL, '2025-08-20 20:17:24.102444+00'),
	('713d99c9-9504-4f29-8902-6e8f7d0bdc46', '76661697-907e-4e9b-84ee-5b150a3f48be', 'profile_updated', 'consultant', '76661697-907e-4e9b-84ee-5b150a3f48be', NULL, '{"updated_by": "system", "updated_fields": ["full_name", "email", "phone", "experience_years", "specialization", "bio", "is_active"]}', NULL, NULL, '2025-08-20 20:22:32.512679+00'),
	('22a4f77d-8b78-4df0-a41c-3094f646d479', '76661697-907e-4e9b-84ee-5b150a3f48be', 'profile_updated', 'consultant', '76661697-907e-4e9b-84ee-5b150a3f48be', NULL, '{"updated_by": "system", "updated_fields": ["full_name", "email", "phone", "experience_years", "specialization", "bio", "is_active"]}', NULL, NULL, '2025-08-20 20:26:42.341704+00'),
	('23edf0f0-9844-43b0-9750-ffacb75511b4', '76661697-907e-4e9b-84ee-5b150a3f48be', 'profile_updated', 'consultant', '76661697-907e-4e9b-84ee-5b150a3f48be', NULL, '{"updated_by": "system", "updated_fields": ["full_name", "email", "phone", "experience_years", "specialization", "bio", "is_active"]}', NULL, NULL, '2025-08-20 20:29:08.797698+00'),
	('c9a14b67-6967-4d14-b1aa-3e21b996367b', '76661697-907e-4e9b-84ee-5b150a3f48be', 'profile_updated', 'consultant', '76661697-907e-4e9b-84ee-5b150a3f48be', NULL, '{"updated_by": "system", "updated_fields": ["full_name", "email", "phone", "experience_years", "specialization", "bio", "is_active"]}', NULL, NULL, '2025-08-20 20:29:51.066274+00'),
	('c361a5fe-8136-4e71-8e3e-6541629d819d', '76661697-907e-4e9b-84ee-5b150a3f48be', 'profile_updated', 'consultant', '76661697-907e-4e9b-84ee-5b150a3f48be', NULL, '{"updated_by": "system", "updated_fields": ["full_name", "email", "phone", "experience_years", "specialization", "bio", "is_active"]}', NULL, NULL, '2025-08-20 20:32:40.546222+00'),
	('471bec85-82b9-4f7d-8888-d2b6e0f2a179', '76661697-907e-4e9b-84ee-5b150a3f48be', 'profile_updated', 'consultant', '76661697-907e-4e9b-84ee-5b150a3f48be', NULL, '{"updated_by": "system", "updated_fields": ["full_name", "email", "phone", "experience_years", "specialization", "bio", "is_active"]}', NULL, NULL, '2025-08-20 20:34:04.307798+00'),
	('aeb23176-5f64-4db3-a467-ae3dc205fb43', '76661697-907e-4e9b-84ee-5b150a3f48be', 'profile_updated', 'consultant', '76661697-907e-4e9b-84ee-5b150a3f48be', NULL, '{"updated_by": "system", "updated_fields": ["full_name", "email", "phone", "experience_years", "specialization", "bio", "is_active"]}', NULL, NULL, '2025-08-20 21:24:21.670582+00'),
	('2a5697d6-b11f-451b-b150-d9abafe2f901', '76661697-907e-4e9b-84ee-5b150a3f48be', 'profile_updated', 'consultant', '76661697-907e-4e9b-84ee-5b150a3f48be', NULL, '{"updated_by": "system", "updated_fields": ["full_name", "email", "phone", "experience_years", "specialization", "bio", "is_active"]}', NULL, NULL, '2025-08-20 21:24:46.225836+00'),
	('74576499-1133-4817-9cfd-275e3f4d409e', '76661697-907e-4e9b-84ee-5b150a3f48be', 'profile_updated', 'consultant', '76661697-907e-4e9b-84ee-5b150a3f48be', NULL, '{"updated_by": "system", "updated_fields": ["full_name", "email", "phone", "experience_years", "specialization", "bio", "is_active"]}', NULL, NULL, '2025-08-20 21:29:19.466523+00'),
	('3c1a54a3-f5f4-4fe9-972a-a4e42825b26d', '76661697-907e-4e9b-84ee-5b150a3f48be', 'profile_updated', 'consultant', '76661697-907e-4e9b-84ee-5b150a3f48be', NULL, '{"updated_by": "system", "updated_fields": ["full_name", "email", "phone", "experience_years", "specialization", "bio", "is_active"]}', NULL, NULL, '2025-08-20 21:31:32.527575+00'),
	('ba97013d-a3a7-4e80-ac89-72cbe4de4217', '76661697-907e-4e9b-84ee-5b150a3f48be', 'profile_updated', 'consultant', '76661697-907e-4e9b-84ee-5b150a3f48be', NULL, '{"updated_by": "system", "updated_fields": ["full_name", "email", "phone", "experience_years", "specialization", "bio", "is_active"]}', NULL, NULL, '2025-08-20 21:36:47.405236+00'),
	('f0a6c0de-8bdf-4dc9-a9b5-cdaf4dc95f9e', '76661697-907e-4e9b-84ee-5b150a3f48be', 'profile_updated', 'consultant', '76661697-907e-4e9b-84ee-5b150a3f48be', NULL, '{"updated_by": "system", "updated_fields": ["full_name", "email", "phone", "experience_years", "specialization", "bio", "is_active"]}', NULL, NULL, '2025-08-20 21:43:48.590252+00'),
	('c25cd381-5f94-4be9-9917-e10ce05198a3', '76661697-907e-4e9b-84ee-5b150a3f48be', 'profile_updated', 'consultant', '76661697-907e-4e9b-84ee-5b150a3f48be', NULL, '{"updated_by": "system", "updated_fields": ["full_name", "email", "phone", "experience_years", "specialization", "bio", "is_active"]}', NULL, NULL, '2025-08-20 21:44:36.042344+00'),
	('275574b8-f8f4-47d2-8601-10221f3ef5eb', '76661697-907e-4e9b-84ee-5b150a3f48be', 'profile_updated', 'consultant', '76661697-907e-4e9b-84ee-5b150a3f48be', NULL, '{"updated_by": "system", "updated_fields": ["full_name", "email", "phone", "experience_years", "specialization", "bio", "is_active"]}', NULL, NULL, '2025-08-20 21:52:29.892409+00'),
	('7fc96f95-3d20-4894-b05e-621a5ce97814', '76661697-907e-4e9b-84ee-5b150a3f48be', 'password_reset', 'consultant', '76661697-907e-4e9b-84ee-5b150a3f48be', NULL, '{"reset_by": "system", "consultant_name": "Zarife Yılmazzzz", "consultant_email": "zarife.yilmaz@ihracatakademiiii.com"}', NULL, NULL, '2025-08-20 21:58:50.424369+00');


--
-- Data for Name: consultant_assignments; Type: TABLE DATA; Schema: public; Owner: postgres
--



--
-- Data for Name: consultant_permissions; Type: TABLE DATA; Schema: public; Owner: postgres
--

INSERT INTO "public"."consultant_permissions" ("id", "consultant_id", "module", "can_view", "can_create", "can_edit", "can_delete", "company_visibility", "created_at", "updated_at") VALUES
	('2b8989ae-43e6-4b5c-9ae0-9a7c8b502cd4', 'cd9bf9ec-f2ef-4672-87e4-428fb1b5241e', 'Proje Yönetimi', true, true, true, true, 'all', '2025-08-20 16:46:25.10191+00', '2025-08-20 16:46:25.10191+00'),
	('58682722-b828-4930-b4d4-639f8bdc1a87', 'cd9bf9ec-f2ef-4672-87e4-428fb1b5241e', 'Firma Yönetimi', true, true, true, true, 'all', '2025-08-20 16:46:25.10191+00', '2025-08-20 16:46:25.10191+00'),
	('f38e1e38-93b6-4de6-b4ae-0570da8e8241', 'cd9bf9ec-f2ef-4672-87e4-428fb1b5241e', 'Eğitim Yönetimi', true, true, true, true, 'all', '2025-08-20 16:46:25.10191+00', '2025-08-20 16:46:25.10191+00'),
	('7602caab-0d74-42fb-a91d-250983767233', 'cd9bf9ec-f2ef-4672-87e4-428fb1b5241e', 'Etkinlik Yönetimi', true, true, true, true, 'all', '2025-08-20 16:46:25.10191+00', '2025-08-20 16:46:25.10191+00'),
	('027429b7-7a21-47ad-862d-84850242aac6', 'cd9bf9ec-f2ef-4672-87e4-428fb1b5241e', 'Forum Yönetimi', true, true, true, true, 'all', '2025-08-20 16:46:25.10191+00', '2025-08-20 16:46:25.10191+00'),
	('50eb5c06-e13c-446c-8e93-82f0c8988441', 'cd9bf9ec-f2ef-4672-87e4-428fb1b5241e', 'Haber Yönetimi', true, true, true, true, 'all', '2025-08-20 16:46:25.10191+00', '2025-08-20 16:46:25.10191+00'),
	('fa127529-9a70-46c5-af7e-7aa679b982e3', 'cd9bf9ec-f2ef-4672-87e4-428fb1b5241e', 'Kariyer Portalı', true, true, true, true, 'all', '2025-08-20 16:46:25.10191+00', '2025-08-20 16:46:25.10191+00'),
	('d802081b-f70b-410e-a71b-be76bd7f5c56', 'cd9bf9ec-f2ef-4672-87e4-428fb1b5241e', 'Randevu Yönetimi', true, true, true, true, 'all', '2025-08-20 16:46:25.10191+00', '2025-08-20 16:46:25.10191+00');


--
-- Data for Name: consultant_profiles; Type: TABLE DATA; Schema: public; Owner: postgres
--

INSERT INTO "public"."consultant_profiles" ("id", "user_id", "phone", "specialization", "experience_years", "bio", "hourly_rate", "is_active", "last_login_at", "created_at", "updated_at") VALUES
	('49f0429b-008f-4212-8583-ded71c56b78b', '76661697-907e-4e9b-84ee-5b150a3f48be', '05364302032', 'tttt', 11, 'yyyy', NULL, true, NULL, '2025-08-20 18:31:58.297617+00', '2025-08-21 19:44:46.108911+00');


--
-- Data for Name: consultant_reports; Type: TABLE DATA; Schema: public; Owner: postgres
--



--
-- Data for Name: consultant_schedule; Type: TABLE DATA; Schema: public; Owner: postgres
--

INSERT INTO "public"."consultant_schedule" ("id", "consultant_id", "title", "description", "start_time", "end_time", "type", "is_recurring", "recurrence_pattern", "created_at", "updated_at") VALUES
	('5aa22289-52b9-4bd1-84f2-aa3b4de9e2f4', '00000000-0000-0000-0000-000000000001', 'Müsait Zaman', 'Danışman müsait zaman dilimi', '2025-09-02 20:36:44.707554+00', '2025-09-02 22:36:44.707554+00', 'available', false, NULL, '2025-09-01 20:36:44.707554+00', '2025-09-01 20:36:44.707554+00'),
	('5ef84e8b-7a33-43c7-8b00-28af595d74e9', '00000000-0000-0000-0000-000000000001', 'Toplantı', 'Müşteri toplantısı', '2025-09-03 20:36:44.707554+00', '2025-09-03 21:36:44.707554+00', 'meeting', false, NULL, '2025-09-01 20:36:44.707554+00', '2025-09-01 20:36:44.707554+00'),
	('d753e5c2-1c3a-4271-b064-442909d7b90a', '76661697-907e-4e9b-84ee-5b150a3f48be', 'tstt', 'açıkalaamamamaa', '2025-09-02 07:00:00+00', '2025-09-02 09:30:00+00', 'busy', false, NULL, '2025-09-01 21:52:30.73349+00', '2025-09-01 21:52:30.73349+00'),
	('b05a484c-c290-44da-87d3-ddaa3a55abe0', 'c4e18a80-bdcb-436d-85bd-f9413d0a1558', 'Müsaitlik Durumu: Meşgul', 'Otomatik güncellenen müsaitlik durumu', '2025-09-01 22:33:35.648+00', '2025-09-02 22:33:35.648+00', 'busy', false, NULL, '2025-09-01 22:33:35.979314+00', '2025-09-01 22:33:35.979314+00'),
	('939f5ab7-1221-4803-a992-ffdc786b91e7', 'c4e18a80-bdcb-436d-85bd-f9413d0a1558', 'Müsaitlik Durumu: Molada', 'Otomatik güncellenen müsaitlik durumu', '2025-09-01 22:33:35.899+00', '2025-09-02 22:33:35.899+00', 'break', false, NULL, '2025-09-01 22:33:36.07384+00', '2025-09-01 22:33:36.07384+00'),
	('f1a67834-7d75-4c8a-ba17-a19ab11f8eae', '76661697-907e-4e9b-84ee-5b150a3f48be', 'ABC', 'asdas', '2025-09-02 01:58:00+00', '2025-09-02 04:04:00+00', 'break', false, NULL, '2025-09-01 23:59:00.709632+00', '2025-09-01 23:59:00.709632+00');


--
-- Data for Name: consultant_sessions; Type: TABLE DATA; Schema: public; Owner: postgres
--



--
-- Data for Name: courses; Type: TABLE DATA; Schema: public; Owner: postgres
--

INSERT INTO "public"."courses" ("id", "title", "description", "thumbnail_url", "video_url", "duration", "category", "level", "is_active", "created_at", "updated_at") VALUES
	('0d2f6176-6031-43fb-9c93-c8e0f2a93341', 'E-İhracat Temelleri', 'E-ihracatın temel kavramları ve başlangıç rehberi', NULL, NULL, 120, 'Temel Eğitim', 'beginner', true, '2025-08-20 09:04:45.022182+00', '2025-08-20 09:04:45.022182+00'),
	('4e1ee964-5c1b-4fe3-8ae6-37e2e654ba0f', 'Pazaryeri Entegrasyonu', 'Amazon, Alibaba gibi pazaryerlerinde satış stratejileri', NULL, NULL, 180, 'Pazaryeri', 'intermediate', true, '2025-08-20 09:04:45.022182+00', '2025-08-20 09:04:45.022182+00'),
	('ea5b71ec-bf20-4856-8eed-38f4c729c8d3', 'Dijital Pazarlama', 'Sosyal medya ve dijital pazarlama teknikleri', NULL, NULL, 150, 'Pazarlama', 'intermediate', true, '2025-08-20 09:04:45.022182+00', '2025-08-20 09:04:45.022182+00'),
	('78747a5c-efce-4972-985d-025a0a2b5eb0', 'Uluslararası Lojistik', 'İhracat lojistiği ve gümrük süreçleri', NULL, NULL, 200, 'Lojistik', 'advanced', true, '2025-08-20 09:04:45.022182+00', '2025-08-20 09:04:45.022182+00');


--
-- Data for Name: document_categories; Type: TABLE DATA; Schema: public; Owner: postgres
--

INSERT INTO "public"."document_categories" ("id", "name", "description", "color", "icon", "order_index", "status", "created_by", "created_at", "updated_at") VALUES
	('a7e32caa-ed51-4bc2-893a-6bced28533a0', 'Genel Dökümanlar', 'Genel eğitim ve bilgilendirme dökümanları', '#3B82F6', 'ri-file-text-line', 1, 'active', NULL, '2025-08-24 19:14:27.432261+00', '2025-08-24 19:14:27.432261+00'),
	('061caf78-aca8-41a8-ac45-a45e67a585d7', 'Sunumlar', 'Eğitim sunumları ve slaytlar', '#8B5CF6', 'ri-presentation-line', 2, 'active', NULL, '2025-08-24 19:14:27.432261+00', '2025-08-24 19:14:27.432261+00'),
	('25ccf217-92e2-4ae0-a962-bebc55cd8e7f', 'Rehberler', 'Adım adım rehberler ve kullanım kılavuzları', '#10B981', 'ri-book-line', 3, 'active', NULL, '2025-08-24 19:14:27.432261+00', '2025-08-24 19:14:27.432261+00'),
	('4e6ad3aa-4844-4607-baf4-999185be9d9f', 'Şablonlar', 'Kullanılabilir şablonlar ve örnekler', '#F59E0B', 'ri-file-copy-line', 4, 'active', NULL, '2025-08-24 19:14:27.432261+00', '2025-08-24 19:14:27.432261+00'),
	('46677774-c56b-4fb6-b2aa-89135c4f3ce4', 'Raporlar', 'Analiz raporları ve araştırmalar', '#EF4444', 'ri-bar-chart-line', 5, 'active', NULL, '2025-08-24 19:14:27.432261+00', '2025-08-24 19:14:27.432261+00'),
	('8e28965e-d4d1-40a7-9d2b-ee2856ba08e0', 'Yasal Dökümanlar', 'Yasal belgeler ve sözleşmeler', '#6B7280', 'ri-shield-check-line', 6, 'active', NULL, '2025-08-24 19:14:27.432261+00', '2025-08-24 19:14:27.432261+00');


--
-- Data for Name: documents; Type: TABLE DATA; Schema: public; Owner: postgres
--



--
-- Data for Name: document_progress; Type: TABLE DATA; Schema: public; Owner: postgres
--



--
-- Data for Name: events; Type: TABLE DATA; Schema: public; Owner: postgres
--

INSERT INTO "public"."events" ("id", "title", "description", "start_date", "end_date", "location", "type", "max_participants", "is_active", "created_at", "updated_at", "is_free", "meeting_platform", "meeting_link", "meeting_id", "meeting_password", "consultant_id", "requirements", "materials", "attendance_tracking", "gamification_enabled", "points_reward", "category", "status", "speaker_bio", "registered_count", "date", "time", "duration", "speaker", "is_online", "tags", "meeting_settings", "auto_join_enabled") VALUES
	('8375dd8b-4c47-4a72-8e54-db6fe4074ac9', 'Bireysel Danışmanlık Görüşmesi', 'Firmanızın ihtiyaçlarına özel birebir danışmanlık görüşmesi.', '2024-12-22 00:00:00+00', '2024-12-22 00:00:00+00', 'Online Toplantı', NULL, 1, true, '2025-08-24 22:19:38.393716+00', '2025-08-24 22:19:38.393716+00', true, NULL, NULL, NULL, NULL, NULL, '[]', '[]', false, true, 25, 'Görüşme', 'Planlandı', 'PhD İşletme, 15 yıllık danışmanlık deneyimi', 0, '2025-08-24', '15:30:00', 60, 'Dr. Zeynep Aktaş - İş Geliştirme Uzmanı', true, '{danışmanlık,"iş geliştirme"}', NULL, false),
	('780b3838-6314-4d7d-bffa-40f59dcd1dbd', 'Sektör Analizi Çalıştayı', 'Sektörünüzün mevcut durumu, gelecek trendleri ve fırsatları üzerine interaktif çalıştay.', '2024-12-28 00:00:00+00', '2024-12-28 00:00:00+00', 'İş Geliştirme Merkezi - Toplantı Salonu A', NULL, 30, true, '2025-08-24 22:19:38.393716+00', '2025-08-24 22:19:38.393716+00', true, NULL, NULL, NULL, NULL, NULL, '[]', '[]', false, true, 80, 'Seminer', 'Planlandı', 'Üniversite öğretim üyesi, 25 yıllık sektör analizi deneyimi', 0, '2025-08-24', '13:00:00', 240, 'Prof. Dr. Murat Özkan - Sektör Analisti', false, '{"sektör analizi",trend,fırsat}', NULL, false),
	('b2095ade-93e5-4e40-96c5-72d347f136dd', 'Finansal Planlama ve Bütçe Yönetimi', 'İşletmeniz için etkili finansal planlama ve bütçe yönetimi teknikleri.', '2024-12-18 00:00:00+00', '2024-12-18 00:00:00+00', 'Online Platform', NULL, 40, true, '2025-08-24 22:19:38.393716+00', '2025-08-24 22:19:38.393716+00', true, NULL, NULL, NULL, NULL, NULL, '[]', '[]', false, true, 35, 'Eğitim', 'Planlandı', 'CPA, 18 yıllık finans deneyimi', 0, '2025-08-24', '16:00:00', 90, 'Fatma Şahin - Finans Uzmanı', true, '{finans,bütçe,planlama}', NULL, false),
	('778b15eb-802d-45c3-a825-b99d38aad6fd', 'İnsan Kaynakları Yönetimi', 'Modern işletmelerde etkili insan kaynakları yönetimi ve çalışan motivasyonu.', '2024-12-27 00:00:00+00', '2024-12-27 00:00:00+00', 'İş Geliştirme Merkezi - Toplantı Salonu B', NULL, 25, true, '2025-08-24 22:19:38.393716+00', '2025-08-29 00:30:41.924737+00', true, NULL, NULL, NULL, NULL, NULL, '[]', '[]', false, true, 40, 'Seminer', 'Planlandı', 'Psikoloji mezunu, 8 yıllık İK deneyimi', 1, '2025-08-24', '14:30:00', 150, 'Elif Korkmaz - İK Uzmanı', false, '{"insan kaynakları",motivasyon,yönetim}', NULL, false),
	('69167466-2365-4abc-9979-50d6def538ad', 'Dijital Pazarlama Eğitimi', 'Sosyal medya pazarlama, SEO, Google Ads ve içerik pazarlama konularında kapsamlı eğitim.', '2024-12-15 00:00:00+00', '2024-12-15 00:00:00+00', 'Online Platform', NULL, 50, true, '2025-08-24 22:19:38.393716+00', '2025-08-25 00:04:57.384378+00', true, NULL, NULL, NULL, NULL, NULL, '[]', '[]', false, true, 60, 'Eğitim', 'Tamamlandı', 'Google Ads sertifikalı, 10 yıllık dijital pazarlama deneyimi', 1, '2025-08-24', '10:00:00', 180, 'Ayşe Demir - Dijital Pazarlama Uzmanı', true, '{"dijital pazarlama","sosyal medya",SEO}', NULL, false),
	('9e82b70f-2433-4d7f-a945-bc1c91deacdb', 'Firma Ziyareti - Kalite Değerlendirmesi', 'Üretim süreçlerinizin kalite standartlarına uygunluğunu değerlendirmek için yapılacak saha ziyareti.', '2024-12-25 00:00:00+00', '2024-12-25 00:00:00+00', 'Firmanız - Üretim Tesisi', NULL, 5, true, '2025-08-24 22:19:38.393716+00', '2025-08-29 00:37:48.414591+00', true, NULL, NULL, NULL, NULL, NULL, '[]', '[]', false, true, 75, 'Ziyaret', 'Planlandı', 'ISO 9001 denetçisi, 20 yıllık kalite yönetimi deneyimi', 1, '2025-08-24', '09:00:00', 240, 'Mehmet Kaya - Kalite Uzmanı', false, '{kalite,üretim,denetim}', NULL, false),
	('7bcac9b5-19ca-49b8-9c85-068a67be54a8', 'E-İhracat Stratejileri Semineri - Güncellendi', 'Güncellenmiş açıklama', '2024-12-20 00:00:00+00', '2024-12-20 00:00:00+00', 'Online Platform', NULL, 100, true, '2025-08-24 22:19:38.393716+00', '2025-08-25 10:36:18.81955+00', true, 'zoom', 'https://zoom.us/j/466plt', 'zoom-1756118178690', 'E8EW46', NULL, '[]', '[]', false, true, 50, 'Seminer', 'Planlandı', '15 yıllık ihracat deneyimi, 50+ ülkeye ihracat yapmış, dijital pazarlama uzmanı', 1, '2025-08-24', '14:00:00', 150, 'Ahmet Yılmaz - İhracat Uzmanı', true, '{e-ticaret,"dijital pazarlama",ihracat}', '{"host_video": true, "waiting_room": true, "participant_video": true}', false),
	('0a410c95-ea97-4f25-9061-32a1e0ad3333', 'xxxx', 'ğğğğ', '2025-08-30 00:00:00+00', '2025-08-30 00:00:00+00', 'aaa', NULL, 50, true, '2025-08-25 08:41:08.012008+00', '2025-08-29 00:41:11.987248+00', false, 'zoom', NULL, NULL, NULL, NULL, '[]', '[]', false, true, 5, 'Webinar', 'Tamamlandı', 'ömmnn', 2, '2025-08-25', '15:40:00', 60, 'mmm', true, '{}', NULL, false),
	('d86cfe05-888e-4127-b1dd-5de87faf94cc', 'Uluslararası Pazarlama Stratejileri', 'Uluslararası pazarlarda başarılı olmak için gerekli stratejiler ve uygulamalar.', '2024-12-30 00:00:00+00', '2024-12-30 00:00:00+00', 'Online Platform', NULL, 75, true, '2025-08-24 22:19:38.393716+00', '2025-08-29 00:45:11.408545+00', true, 'google_meet', 'https://meet.google.com/mj69gd', 'meet-1756118277471', NULL, NULL, '[]', '[]', false, true, 45, 'Eğitim', 'Planlandı', 'MBA, 12 yıllık uluslararası pazarlama deneyimi', 1, '2025-08-24', '11:00:00', 120, 'Can Yıldız - Uluslararası Pazarlama Uzmanı', true, '{"uluslararası pazarlama",strateji}', '{"host_video": true, "participant_video": false}', false);


--
-- Data for Name: event_participants; Type: TABLE DATA; Schema: public; Owner: postgres
--

INSERT INTO "public"."event_participants" ("id", "event_id", "company_id", "user_id", "participation_status", "registration_date", "attendance_status", "attendance_notes", "points_earned", "created_at", "updated_at", "user_email", "user_name", "status", "registered_at") VALUES
	('19221a6a-46d1-4508-bb03-0d757190aed7', '7bcac9b5-19ca-49b8-9c85-068a67be54a8', 'f0a64589-d305-4266-a7f6-76aadd7bf8ba', NULL, 'undecided', '2025-08-24 23:43:23.255743+00', NULL, NULL, 0, '2025-08-24 23:43:23.255743+00', '2025-08-24 23:43:45.71844+00', 'firma@example.com', 'Ahmet Yılmaz', 'Katıldı', '2025-08-24 23:43:23.122+00'),
	('87fd9344-bdc9-47f1-ae4b-2f06b63d656f', '69167466-2365-4abc-9979-50d6def538ad', 'f0a64589-d305-4266-a7f6-76aadd7bf8ba', NULL, 'undecided', '2025-08-25 00:04:57.212442+00', NULL, NULL, 0, '2025-08-25 00:04:57.212442+00', '2025-08-25 00:04:57.212442+00', 'firma@example.com', 'Ahmet Yılmaz', 'Kayıtlı', '2025-08-25 00:04:57.107+00'),
	('09f78cd9-b454-4621-a095-1bb991292f3a', '0a410c95-ea97-4f25-9061-32a1e0ad3333', 'f0a64589-d305-4266-a7f6-76aadd7bf8ba', NULL, 'undecided', '2025-08-25 08:49:09.143109+00', NULL, NULL, 0, '2025-08-25 08:49:09.143109+00', '2025-08-25 08:49:38.242716+00', 'firma@example.com', 'Ahmet Yılmaz', 'Katıldı', '2025-08-25 08:49:09.076+00'),
	('a910f652-1505-405d-b67d-e50dfabbaf5d', '778b15eb-802d-45c3-a825-b99d38aad6fd', 'f0a64589-d305-4266-a7f6-76aadd7bf8ba', NULL, 'undecided', '2025-08-29 00:30:41.799827+00', NULL, NULL, 0, '2025-08-29 00:30:41.799827+00', '2025-08-29 00:30:41.799827+00', 'firma@example.com', 'Ahmet Yılmaz', 'Kayıtlı', '2025-08-29 00:30:41.733+00'),
	('99e70264-4569-4024-83c5-ca5e2d0737f1', '9e82b70f-2433-4d7f-a945-bc1c91deacdb', '6fcc9e92-4169-4b06-9c2f-a8c6cc284d73', NULL, 'undecided', '2025-08-29 00:37:48.259761+00', NULL, NULL, 0, '2025-08-29 00:37:48.259761+00', '2025-08-29 00:37:48.259761+00', 'info@mundo.com', 'Mundo Firma Kullanıcısı', 'Kayıtlı', '2025-08-29 00:37:47.976+00'),
	('e0c627e2-8f73-4683-9b82-29a5b2fbfe74', '0a410c95-ea97-4f25-9061-32a1e0ad3333', '6fcc9e92-4169-4b06-9c2f-a8c6cc284d73', NULL, 'undecided', '2025-08-29 00:41:11.867781+00', NULL, NULL, 0, '2025-08-29 00:41:11.867781+00', '2025-08-29 00:41:11.867781+00', 'info@mundo.com', 'Mundo Firma Kullanıcısı', 'Kayıtlı', '2025-08-29 00:41:11.808+00'),
	('7379437c-dd17-46c1-92db-cab27441cfd2', 'd86cfe05-888e-4127-b1dd-5de87faf94cc', '6fcc9e92-4169-4b06-9c2f-a8c6cc284d73', NULL, 'undecided', '2025-08-29 00:45:11.280445+00', NULL, NULL, 0, '2025-08-29 00:45:11.280445+00', '2025-08-29 00:45:11.280445+00', 'info@mundo.com', 'Mundo Firma Kullanıcısı', 'Kayıtlı', '2025-08-29 00:45:11.19+00');


--
-- Data for Name: event_attendance; Type: TABLE DATA; Schema: public; Owner: postgres
--



--
-- Data for Name: event_consultants; Type: TABLE DATA; Schema: public; Owner: postgres
--



--
-- Data for Name: event_materials; Type: TABLE DATA; Schema: public; Owner: postgres
--

INSERT INTO "public"."event_materials" ("id", "event_id", "title", "description", "file_type", "file_url", "file_size", "download_count", "is_public", "uploaded_by", "created_at", "updated_at", "category", "file_name", "file_path", "mime_type") VALUES
	('c4416d37-6c35-4726-b541-a3a7eda20b91', '0a410c95-ea97-4f25-9061-32a1e0ad3333', 'Dijital Pazarlama Rehberi', 'Dijital pazarlama teknikleri ve uygulamalar rehberi', 'pdf', NULL, 1536000, 0, true, 'cd9bf9ec-f2ef-4672-87e4-428fb1b5241e', '2025-08-25 11:11:23.829457+00', '2025-08-25 11:11:23.829457+00', 'document', 'dijital-pazarlama-rehberi.pdf', '/materials/dijital-pazarlama-rehberi.pdf', 'application/pdf'),
	('08627409-2ec9-4919-8872-d2d0942e8173', '0a410c95-ea97-4f25-9061-32a1e0ad3333', 'E-İhracat Örnek Vaka Çalışması', 'Başarılı e-ihracat örnekleri ve vaka çalışmaları', 'docx', NULL, 512000, 0, true, 'cd9bf9ec-f2ef-4672-87e4-428fb1b5241e', '2025-08-25 11:11:23.829457+00', '2025-08-25 11:11:23.829457+00', 'document', 'vaka-calismasi.docx', '/materials/vaka-calismasi.docx', 'application/vnd.openxmlformats-officedocument.wordprocessingml.document'),
	('fb6c5da4-dc25-43f3-b9dc-5f4785a339c5', '0a410c95-ea97-4f25-9061-32a1e0ad3333', 'E-İhracat Stratejileri Sunumu', 'E-İhracat stratejileri ve dijital pazarlama sunumu', 'pdf', NULL, 2048576, 1, true, 'cd9bf9ec-f2ef-4672-87e4-428fb1b5241e', '2025-08-25 11:11:23.829457+00', '2025-08-25 11:12:30.04651+00', 'presentation', 'e-ihracat-sunum.pdf', '/materials/e-ihracat-sunum.pdf', 'application/pdf');


--
-- Data for Name: event_notifications; Type: TABLE DATA; Schema: public; Owner: postgres
--

INSERT INTO "public"."event_notifications" ("id", "event_id", "notification_type", "title", "message", "target_audience", "scheduled_at", "sent_at", "status", "created_by", "created_at", "updated_at", "user_email", "type", "is_read", "read_at") VALUES
	('eda9a259-6a52-4850-8d37-54c35b5f2b9e', '7bcac9b5-19ca-49b8-9c85-068a67be54a8', 'reminder', 'Etkinlik Hatırlatması', 'E-İhracat Stratejileri Semineri yarın başlayacak', 'all', NULL, NULL, 'pending', NULL, '2025-08-25 09:47:21.853+00', '2025-08-25 09:48:04.678981+00', 'admin@ihracatakademi.com', NULL, true, '2025-08-25 09:48:04.541+00'),
	('93b6c1b9-4481-4a55-91aa-f7a298841f08', '7bcac9b5-19ca-49b8-9c85-068a67be54a8', 'participation', 'Katılım Onaylandı', 'E-İhracat Stratejileri Semineri katılımınız onaylandı. Etkinlik detaylarını kontrol edin.', 'all', NULL, NULL, 'pending', NULL, '2025-08-25 09:48:23.373+00', '2025-08-25 09:48:23.522264+00', 'firma@example.com', NULL, false, NULL);


--
-- Data for Name: event_registrations; Type: TABLE DATA; Schema: public; Owner: postgres
--



--
-- Data for Name: forum_categories; Type: TABLE DATA; Schema: public; Owner: postgres
--

INSERT INTO "public"."forum_categories" ("id", "name", "description", "icon", "color", "sort_order", "is_active", "topic_count", "created_at", "updated_at") VALUES
	('aad5ec38-8678-4fc2-b0d2-cd37595a68c2', 'Teknik Destek', 'Platform kullanımı ve teknik sorunlar', 'ri-tools-line', 'bg-orange-500', 3, true, 0, '2025-08-25 21:42:52.148335+00', '2025-09-02 00:54:13.901403+00'),
	('577ff9a6-96dd-4a21-bb36-df9e525e7239', 'Yorum ve Geri Bildirim', 'Platform önerileri ve geliştirme istekleri', 'ri-feedback-line', 'bg-purple-500', 4, true, 0, '2025-08-25 21:42:52.148335+00', '2025-09-02 00:54:13.901403+00'),
	('2a4f1e8e-772a-4deb-a4fc-04346aa1ab18', 'Eğitim İçerikleriii', 'Eğitim programları ve içerikler hakkında tartışmalar', 'ri-graduation-cap-line', 'bg-green-500', 2, true, 0, '2025-08-25 21:42:52.148335+00', '2025-09-02 00:54:13.901403+00'),
	('2a99ece1-7a6f-4f3a-84df-8243e58fedee', 'Genel Konular', 'İhracat ve e-ticaret ile ilgili genel tartışmalar', 'ri-chat-3-line', 'bg-teal-500', 5, true, 0, '2025-08-25 21:42:52.148335+00', '2025-09-02 00:54:13.901403+00'),
	('46af6430-218b-470b-84f1-bd18f4d61b8c', 'Pazaryeri Sorularıı', 'E-ihracat platformları ve pazaryeri entegrasyonları hakkında sorular', 'ri-store-3-line', 'bg-gray-500', 1, true, 0, '2025-08-25 21:42:52.148335+00', '2025-09-02 00:54:13.901403+00');


--
-- Data for Name: forum_topics; Type: TABLE DATA; Schema: public; Owner: postgres
--



--
-- Data for Name: forum_replies; Type: TABLE DATA; Schema: public; Owner: postgres
--

INSERT INTO "public"."forum_replies" ("id", "topic_id", "content", "author_id", "is_solution", "created_at", "updated_at", "company_id", "is_hidden", "like_count", "parent_reply_id") VALUES
	('93926fe5-df7d-473d-84a1-91529b5ac113', NULL, 'Facebook Ads hedefleme için:\n\n- **Yaş**: 25-45 arası\n- **İlgi Alanları**: E-ticaret, online alışveriş\n- **Davranış**: Online alışveriş yapanlar\n- **Yerleşim**: Hedef ülkeler\n\nBu kriterlerle başlayıp sonuçlara göre optimize edebilirsiniz.', 'cd9bf9ec-f2ef-4672-87e4-428fb1b5241e', true, '2025-08-25 21:42:52.148335+00', '2025-08-25 21:42:52.148335+00', NULL, false, 0, NULL),
	('53eb2803-4b12-4b62-ad09-34c75d5a077b', NULL, 'Danışman atama süreci:\n\n1. **Başvuru**: 24 saat içinde değerlendirme\n2. **Eşleştirme**: Firma profiline uygun danışman\n3. **İlk görüşme**: 48 saat içinde\n4. **Süreç**: 3-5 iş günü\n\nKriterler: Sektör deneyimi, başarı oranı ve uygunluk.', 'cd9bf9ec-f2ef-4672-87e4-428fb1b5241e', true, '2025-08-25 21:42:52.148335+00', '2025-08-25 21:42:52.148335+00', NULL, false, 0, NULL),
	('2a1a9fac-5fda-476f-9346-be822badeae3', NULL, 'Önerileriniz için teşekkürler! Geliştirme planımızda:\n\n- **Mobil Uygulama**: Q2 2024\n- **Gelişmiş Raporlama**: Q1 2024\n- **Push Notifications**: Q2 2024\n\nBu özellikler öncelikli olarak geliştirilecek.', 'cd9bf9ec-f2ef-4672-87e4-428fb1b5241e', true, '2025-08-25 21:42:52.148335+00', '2025-09-02 00:54:13.901403+00', NULL, false, 0, NULL);


--
-- Data for Name: forum_likes; Type: TABLE DATA; Schema: public; Owner: postgres
--



--
-- Data for Name: forum_notifications; Type: TABLE DATA; Schema: public; Owner: postgres
--



--
-- Data for Name: forum_notifications_backup; Type: TABLE DATA; Schema: public; Owner: postgres
--

INSERT INTO "public"."forum_notifications_backup" ("id", "user_id", "topic_id", "reply_id", "type", "title", "message", "is_read", "read_at", "created_at") VALUES
	('a43f3bd9-e7c4-47c9-a8f1-ab5eabfcabcc', '9d99c302-4084-42ec-8c02-f6d5d3c0dc3e', '02b162ab-a88e-4c6a-aac4-3591a18a0b4d', 'ef16a908-3986-4df4-9c10-9c07748ebc8d', 'reply', 'Yeni yanıt', 'Konunuzda yeni bir yanıt var: E-ihracat platformunda ürün fotoğrafları için öneriler', false, NULL, '2025-08-25 21:42:52.148335+00'),
	('b454179d-99a7-4885-8c93-ce0dcbabfde1', '9d99c302-4084-42ec-8c02-f6d5d3c0dc3e', '02b162ab-a88e-4c6a-aac4-3591a18a0b4d', '6915e46f-d0b2-403c-b214-9738ab82ab80', 'reply', 'Yeni yanıt', 'Konunuzda yeni bir yanıt var: E-ihracat platformunda ürün fotoğrafları için öneriler', false, NULL, '2025-08-25 21:42:52.148335+00'),
	('5801da3c-06d8-4622-8958-59dd87fc622d', '9d99c302-4084-42ec-8c02-f6d5d3c0dc3e', 'eecad8bb-b773-4878-b7d7-16585d7104a0', '49e9e3b4-8129-4482-985e-2810e5c118dc', 'reply', 'Yeni yanıt', 'Konunuzda yeni bir yanıt var: Sistem güncellemesi sonrası dosya yükleme hatası', false, NULL, '2025-08-25 21:42:52.148335+00'),
	('ca8a3acb-4bce-481c-9eef-8dc311212cc0', '9d99c302-4084-42ec-8c02-f6d5d3c0dc3e', '02b162ab-a88e-4c6a-aac4-3591a18a0b4d', 'ef16a908-3986-4df4-9c10-9c07748ebc8d', 'reply', 'Yeni yanıt', 'Konunuzda yeni bir yanıt var: E-ihracat platformunda ürün fotoğrafları için öneriler', false, NULL, '2025-08-25 21:42:52.148335+00'),
	('5cfefedf-585c-41d8-86ab-5e55e2627122', 'c4e18a80-bdcb-436d-85bd-f9413d0a1558', NULL, '93926fe5-df7d-473d-84a1-91529b5ac113', 'reply', 'Yeni yanıt', 'Konunuzda yeni bir yanıt var: Dijital pazarlama eğitimi sonrası uygulama deneyimleri', false, NULL, '2025-08-25 21:42:52.148335+00'),
	('5e362743-6ab8-4eaf-82e7-a30422a8284a', '9d99c302-4084-42ec-8c02-f6d5d3c0dc3e', NULL, '2a1a9fac-5fda-476f-9346-be822badeae3', 'reply', 'Yeni yanıt', 'Konunuzda yeni bir yanıt var: Platform önerileri ve gelişim istekleri', true, NULL, '2025-08-25 21:42:52.148335+00');


--
-- Data for Name: forum_reports; Type: TABLE DATA; Schema: public; Owner: postgres
--



--
-- Data for Name: forum_views; Type: TABLE DATA; Schema: public; Owner: postgres
--



--
-- Data for Name: hr_pool; Type: TABLE DATA; Schema: public; Owner: postgres
--

INSERT INTO "public"."hr_pool" ("id", "application_id", "company_id", "status", "viewed_at", "contacted_at", "hired_at", "hired_by_company", "notes", "created_at", "updated_at") VALUES
	('6713b729-5ee5-474e-aacf-874079359ccf', '8832f754-343c-49fa-959a-7b659b75f9a1', 'f0a64589-d305-4266-a7f6-76aadd7bf8ba', 'available', NULL, NULL, NULL, NULL, NULL, '2025-08-26 01:49:43.376685+00', '2025-08-26 01:49:43.376685+00'),
	('374c76a3-33b6-4e1e-aef0-2d2bf1244745', '8832f754-343c-49fa-959a-7b659b75f9a1', '6fcc9e92-4169-4b06-9c2f-a8c6cc284d73', 'available', NULL, NULL, NULL, NULL, NULL, '2025-08-26 01:49:43.376685+00', '2025-08-26 01:49:43.376685+00'),
	('1074c501-7fe8-4a25-897c-ace7b09505c5', '8832f754-343c-49fa-959a-7b659b75f9a1', 'f0a64589-d305-4266-a7f6-76aadd7bf8ba', 'available', NULL, NULL, NULL, NULL, NULL, '2025-08-26 01:55:31.652933+00', '2025-08-26 01:55:31.652933+00'),
	('5baeedbd-ccad-4cd9-b17c-4ab32c4560d4', '8832f754-343c-49fa-959a-7b659b75f9a1', '6fcc9e92-4169-4b06-9c2f-a8c6cc284d73', 'available', NULL, NULL, NULL, NULL, NULL, '2025-08-26 01:55:31.652933+00', '2025-08-26 01:55:31.652933+00'),
	('48b71d4b-5b6c-4855-8894-44bf914a141e', '6ec010f9-22dd-42d6-8b98-07402b23fafb', '6fcc9e92-4169-4b06-9c2f-a8c6cc284d73', 'available', NULL, NULL, NULL, NULL, NULL, '2025-08-26 01:57:48.312021+00', '2025-08-26 01:57:48.312021+00'),
	('14f449c3-ac5b-458e-b3d4-21ebaebcbc4f', '6ec010f9-22dd-42d6-8b98-07402b23fafb', 'f0a64589-d305-4266-a7f6-76aadd7bf8ba', 'contacted', NULL, '2025-08-26 01:58:18.993+00', NULL, NULL, NULL, '2025-08-26 01:57:48.312021+00', '2025-08-26 01:58:19.197237+00'),
	('85da7bcb-58c5-4724-b67a-4567dc7d6700', 'c3335f89-8633-4f38-aedf-fbe7ff8997ac', '6fcc9e92-4169-4b06-9c2f-a8c6cc284d73', 'available', NULL, NULL, NULL, NULL, NULL, '2025-08-26 07:08:31.794615+00', '2025-08-26 07:08:31.794615+00'),
	('df62bfce-bce3-4691-a04c-cd0159879cd1', 'c3335f89-8633-4f38-aedf-fbe7ff8997ac', 'f0a64589-d305-4266-a7f6-76aadd7bf8ba', 'hired', NULL, NULL, '2025-08-26 07:09:00.008+00', NULL, NULL, '2025-08-26 07:08:31.794615+00', '2025-08-26 07:09:00.261131+00'),
	('97bea462-ed7b-45bf-990b-84b1e1ce6781', '582da53d-8208-4768-be28-6b699efe8a44', 'f5b37d50-a6ed-4a53-a680-da72bf472503', 'available', NULL, NULL, NULL, NULL, NULL, '2025-09-01 16:18:30.018+00', '2025-09-01 16:18:30.125924+00'),
	('262508fc-df18-49ff-9711-4a0c9342ec33', '7aac6a39-1888-42c1-b071-61d32ab64944', 'f5b37d50-a6ed-4a53-a680-da72bf472503', 'available', NULL, NULL, NULL, NULL, NULL, '2025-09-01 16:18:36.502+00', '2025-09-01 16:18:36.615203+00'),
	('64a10e70-671e-4524-a80e-3963f0825873', '08e175fa-a892-4d9e-88ac-8f8b0c3fd25c', 'deb723c2-9ec0-47ab-9a6b-f5d929a237c3', 'available', NULL, NULL, NULL, NULL, NULL, '2025-09-01 16:23:36.077+00', '2025-09-01 16:23:36.219139+00');


--
-- Data for Name: job_postings; Type: TABLE DATA; Schema: public; Owner: postgres
--

INSERT INTO "public"."job_postings" ("id", "title", "company", "department", "location", "type", "level", "salary_min", "salary_max", "description", "requirements", "benefits", "status", "posted_date", "deadline", "views_count", "applications_count", "created_at", "updated_at") VALUES
	('f7cb6626-a84c-454b-b900-539909b557b2', 'E-İhracat Uzmanı', 'Tekno Elektronik A.Ş.', 'İhracat', 'İstanbul', 'full_time', 'mid', 15000, 25000, 'E-ihracat süreçlerini yönetecek, uluslararası pazarlarda satış yapacak uzman aranıyor.', '["3+ yıl deneyim", "İngilizce bilgisi", "E-ihracat tecrübesi"]', '["Özel sağlık sigortası", "Yemek kartı", "Uzaktan çalışma"]', 'active', '2025-08-26 01:09:11.017706+00', '2025-09-25 01:09:11.017706+00', 0, 0, '2025-08-26 01:09:11.017706+00', '2025-08-26 01:09:11.017706+00'),
	('ea544011-173c-45e8-b7a7-83ade4f2384d', 'Stajyer - Dijital Pazarlama', 'Dijital Çözümler Ltd.', 'Pazarlama', 'Ankara', 'internship', 'entry', 5000, 8000, 'Dijital pazarlama alanında staj yapmak isteyen öğrenciler aranıyor.', '["Üniversite öğrencisi", "Sosyal medya deneyimi", "Yaratıcı düşünme"]', '["Esnek çalışma saatleri", "Mentorluk", "Sertifika"]', 'active', '2025-08-26 01:09:11.017706+00', '2025-09-10 01:09:11.017706+00', 0, 0, '2025-08-26 01:09:11.017706+00', '2025-08-26 01:09:11.017706+00');


--
-- Data for Name: job_applications; Type: TABLE DATA; Schema: public; Owner: postgres
--

INSERT INTO "public"."job_applications" ("id", "job_id", "applicant_name", "applicant_email", "applicant_phone", "resume_url", "cover_letter", "status", "notes", "created_at", "updated_at") VALUES
	('e461ec14-05d7-4400-8f1d-f82ba415c490', 'f7cb6626-a84c-454b-b900-539909b557b2', 'Fatma Kaya', 'fatma@example.com', '+90 535 456 7890', NULL, NULL, 'new', NULL, '2025-08-26 01:09:11.017706+00', '2025-08-26 01:09:11.017706+00'),
	('90e3d0e4-9021-4b75-a927-5853c8d7f81d', 'ea544011-173c-45e8-b7a7-83ade4f2384d', 'Ali Şahin', 'ali@example.com', '+90 536 567 8901', NULL, NULL, 'reviewing', NULL, '2025-08-26 01:09:11.017706+00', '2025-08-26 01:09:11.017706+00');


--
-- Data for Name: material_downloads; Type: TABLE DATA; Schema: public; Owner: postgres
--

INSERT INTO "public"."material_downloads" ("id", "material_id", "user_email", "downloaded_at", "ip_address", "user_agent") VALUES
	('a5b40a13-f244-42e7-ab0d-b769696d3cd8', 'fb6c5da4-dc25-43f3-b9dc-5f4785a339c5', 'admin@ihracatakademi.com', '2025-08-25 11:12:30.04651+00', '127.0.0.1', 'curl/8.6.0');


--
-- Data for Name: meeting_platforms; Type: TABLE DATA; Schema: public; Owner: postgres
--

INSERT INTO "public"."meeting_platforms" ("id", "name", "type", "api_key", "api_secret", "webhook_url", "is_active", "created_at", "updated_at") VALUES
	('0354f319-3fc7-4b39-b8dc-9c995d85fb47', 'Zoom Meetings', 'zoom', 'your_zoom_api_key', 'your_zoom_api_secret', NULL, true, '2025-08-25 10:34:21.678943+00', '2025-08-25 10:34:21.678943+00'),
	('005f7883-81d6-4d39-ae94-35a970961492', 'Google Meet', 'google_meet', 'your_google_api_key', 'your_google_api_secret', NULL, true, '2025-08-25 10:34:21.678943+00', '2025-08-25 10:34:21.678943+00'),
	('e0a45d66-00c6-4716-a11a-20c318346a4b', 'Microsoft Teams', 'teams', 'your_teams_api_key', 'your_teams_api_secret', NULL, true, '2025-08-25 10:34:21.678943+00', '2025-08-25 10:34:21.678943+00'),
	('a3af7311-c61c-4ac3-ad28-2077c0138302', 'Webex', 'webex', 'your_webex_api_key', 'your_webex_api_secret', NULL, false, '2025-08-25 10:34:21.678943+00', '2025-08-25 10:34:21.678943+00');


--
-- Data for Name: news_experts; Type: TABLE DATA; Schema: public; Owner: postgres
--

INSERT INTO "public"."news_experts" ("id", "name", "title", "bio", "avatar_url", "expertise_areas", "social_links", "is_active", "created_at", "updated_at") VALUES
	('de07daab-c88a-48e0-a96a-41be1b7fe1f4', 'Dr. Ahmet Yılmaz', 'E-İhracat Uzmanı', '15 yıllık e-ihracat deneyimi ile 1000+ firmaya danışmanlık yapmış uzman. Amazon, Alibaba ve eBay platformlarında uzmanlaşmış.', NULL, '{E-İhracat,Pazaryeri,"Dijital Pazarlama"}', '{"twitter": "https://twitter.com/ahmetyilmaz", "website": "https://ahmetyilmaz.com", "linkedin": "https://linkedin.com/in/ahmetyilmaz"}', true, '2025-08-25 15:49:03.913905+00', '2025-08-25 15:49:03.913905+00'),
	('6e42b0f7-709f-4e45-87a6-459e9c3acbc5', 'Ayşe Kaya', 'E-Ticaret Stratejisti', 'E-ticaret sektöründe 12 yıl deneyimli, büyük markaların dijital dönüşüm süreçlerinde yer almış.', NULL, '{E-Ticaret,"Dijital Pazarlama","Müşteri Deneyimi"}', '{"linkedin": "https://linkedin.com/in/aysekaya", "instagram": "https://instagram.com/aysekaya"}', true, '2025-08-25 15:49:03.913905+00', '2025-08-25 15:49:03.913905+00'),
	('96de7fae-1ceb-48fe-9773-d873730f148a', 'Mehmet Demir', 'Lojistik Uzmanı', 'Uluslararası lojistik ve tedarik zinciri yönetimi konusunda uzman. 20 yıllık sektör deneyimi.', NULL, '{Lojistik,"Tedarik Zinciri",E-İhracat}', '{"website": "https://mehmetdemir.com", "linkedin": "https://linkedin.com/in/mehmetdemir"}', true, '2025-08-25 15:49:03.913905+00', '2025-08-25 15:49:03.913905+00'),
	('2082dd5c-f30b-4638-b0c1-a1b2c3110f35', 'Zeynep Özkan', 'Dijital Pazarlama Uzmanı', 'Sosyal medya ve dijital pazarlama alanında uzman. B2B ve B2C pazarlama stratejileri konusunda deneyimli.', NULL, '{"Dijital Pazarlama","Sosyal Medya",E-Ticaret}', '{"twitter": "https://twitter.com/zeynepozkan", "linkedin": "https://linkedin.com/in/zeynepozkan", "instagram": "https://instagram.com/zeynepozkan"}', true, '2025-08-25 15:49:03.913905+00', '2025-08-25 15:49:03.913905+00'),
	('181369dc-0ee1-403f-bc31-4930b78cb416', 'Prof. Dr. Can Arslan', 'E-İhracat Akademisyeni', 'İstanbul Üniversitesi İşletme Fakültesi öğretim üyesi. E-ihracat ve uluslararası ticaret konularında akademik çalışmalar yürütüyor.', NULL, '{E-İhracat,"Uluslararası Ticaret",Regülasyon}', '{"website": "https://canarslan.com", "linkedin": "https://linkedin.com/in/canarslan"}', true, '2025-08-25 15:49:03.913905+00', '2025-08-25 15:49:03.913905+00');


--
-- Data for Name: news; Type: TABLE DATA; Schema: public; Owner: postgres
--

INSERT INTO "public"."news" ("id", "title", "content", "excerpt", "image_url", "author_id", "category", "tags", "is_published", "published_at", "created_at", "updated_at", "video_url", "podcast_url", "reading_time", "difficulty_level", "expert_author_id", "is_featured", "seo_keywords", "related_articles", "source_url", "last_updated", "view_count", "like_count", "comment_count", "share_count", "status", "summary") VALUES
	('5e7d1b42-bed1-4c99-ba77-a87a3f2307dc', 'Amazon Türkiye: Yeni Satıcı Programları ve Fırsatları', 'Amazon Türkiye, yerel satıcıları desteklemek için yeni programlar başlattı. Bu programlar özellikle küçük ve orta ölçekli işletmeler için büyük fırsatlar sunuyor.

## Amazon Launchpad Programı
Yeni ürünler ve yenilikçi markalar için özel destek programı. Katılımcılar özel pazarlama desteği ve mentorluk hizmetleri alıyor.

## FBA (Fulfillment by Amazon) Avantajları
Amazon''un depolama ve kargo hizmetleri, satıcıların operasyonel yükünü azaltıyor ve müşteri memnuniyetini artırıyor.

## Reklam ve Promosyon Araçları
Amazon Advertising platformu ile hedefli reklamlar ve kampanyalar oluşturabilirsiniz. Sponsored Products, Sponsored Brands ve Display Ads seçenekleri mevcut.

## Satıcı Merkezi Güncellemeleri
Yeni analitik araçları ve raporlama özellikleri ile satış performansınızı daha detaylı takip edebilirsiniz.

## Başarı İpuçları
- Ürün listelerinizi optimize edin
- Kaliteli ürün fotoğrafları kullanın
- Müşteri yorumlarını aktif olarak yönetin
- Fiyat rekabetçiliğinizi koruyun', 'Amazon Türkiye''nin yeni satıcı programları ve e-ihracatçılar için sunduğu fırsatlar detaylı olarak ele alınıyor.', NULL, NULL, 'Pazaryeri', '{Amazon,Pazaryeri,"Başarı Hikayesi"}', true, '2025-08-22 15:49:03.913905+00', '2025-08-25 15:49:03.913905+00', '2025-08-25 16:58:25.070933+00', NULL, NULL, 6, 'Başlangıç', '6e42b0f7-709f-4e45-87a6-459e9c3acbc5', true, '{amazon,türkiye,satıcı,program,fba,reklam}', NULL, 'https://example.com/amazon-turkiye-programlari', '2025-08-25 15:49:03.913905+00', 891, 67, 16, 0, 'published', 'Amazon Türkiye, yerel satıcıları desteklemek için yeni programlar başlattı. Launchpad, FBA ve reklam araçları ile satıcılar için büyük fırsatlar sunuluyor.'),
	('8e3a6835-045b-473d-8d31-ef33d66fc287', 'Dijital Pazarlama Stratejileri: E-İhracatçılar İçin Rehber', 'E-ihracat başarısı için etkili dijital pazarlama stratejileri geliştirmek kritik öneme sahip. Bu rehberde, uluslararası pazarlarda başarılı olmak için gerekli adımları ele alıyoruz.

## Hedef Pazar Analizi
Öncelikle hedef pazarlarınızı detaylı olarak analiz edin. Demografik bilgiler, satın alma davranışları ve rekabet analizi yapın.

## SEO Optimizasyonu
Uluslararası SEO stratejileri ile arama motorlarında üst sıralarda yer alın. Çok dilli içerik ve yerel SEO teknikleri kullanın.

## Sosyal Medya Pazarlaması
Platform bazlı stratejiler geliştirin. LinkedIn B2B satışlar için, Instagram görsel ürünler için, Facebook geniş kitleler için ideal.

## İçerik Pazarlaması
Değerli içerikler oluşturarak hedef kitlenizi eğitin ve güven oluşturun. Blog yazıları, videolar ve infografikler kullanın.

## E-posta Pazarlaması
Kişiselleştirilmiş e-posta kampanyaları ile müşteri sadakatini artırın. Otomasyon araçları kullanarak verimliliği artırın.

## Ölçüm ve Analiz
Google Analytics, Facebook Pixel gibi araçlarla kampanya performansınızı sürekli ölçün ve optimize edin.', 'E-ihracatçılar için kapsamlı dijital pazarlama rehberi. Hedef pazar analizinden ölçüme kadar tüm adımlar detaylandırılıyor.', NULL, NULL, 'Dijital Pazarlama', '{"Dijital Pazarlama",SEO,"Sosyal Medya",Rehber}', true, '2025-08-18 15:49:03.913905+00', '2025-08-25 15:49:03.913905+00', '2025-08-25 15:49:03.913905+00', NULL, NULL, 12, 'İleri', '2082dd5c-f30b-4638-b0c1-a1b2c3110f35', false, '{"dijital pazarlama",e-ihracat,seo,"sosyal medya","içerik pazarlaması"}', NULL, 'https://example.com/dijital-pazarlama-rehberi', '2025-08-25 15:49:03.913905+00', 2101, 156, 42, 0, 'published', 'E-ihracat başarısı için etkili dijital pazarlama stratejileri geliştirmek kritik öneme sahip. Bu rehberde uluslararası pazarlarda başarılı olmak için gerekli adımları ele alıyoruz.'),
	('a8c7051d-b8ef-4718-8b71-90aecf9d7a14', 'Lojistik Optimizasyonu: E-İhracat Maliyetlerini Düşürme Yöntemleri', 'E-ihracatta lojistik maliyetleri toplam maliyetlerin önemli bir kısmını oluşturuyor. Bu yazıda, lojistik süreçlerinizi optimize ederek maliyetleri nasıl düşürebileceğinizi öğreneceksiniz.

## Kargo Konsolidasyonu
Küçük gönderileri birleştirerek toplu kargo avantajlarından yararlanın. Bu yöntem %20-30 maliyet tasarrufu sağlayabilir.

## Rota Optimizasyonu
En uygun kargo rotalarını seçerek hem süreyi hem de maliyeti optimize edin. Deniz, hava ve kara yolu kombinasyonlarını değerlendirin.

## Gümrük İşlemleri
Gümrük süreçlerini önceden planlayın. Gerekli belgeleri hazırlayarak gecikmeleri önleyin ve ek maliyetlerden kaçının.

## Depolama Stratejileri
Hedef pazarlarda stratejik depolama noktaları kullanın. Bu, teslimat sürelerini kısaltır ve müşteri memnuniyetini artırır.

## Teknoloji Entegrasyonu
Lojistik yönetim sistemleri (LMS) kullanarak süreçlerinizi otomatikleştirin. Bu, hata oranını azaltır ve verimliliği artırır.

## Sürdürülebilir Lojistik
Çevre dostu kargo seçeneklerini değerlendirin. Bu hem maliyet hem de çevresel sorumluluk açısından avantaj sağlar.', 'E-ihracatta lojistik maliyetlerini düşürmek için pratik yöntemler ve stratejiler paylaşılıyor.', NULL, NULL, 'Lojistik', '{Lojistik,Maliyet,Optimizasyon,Gümrük}', true, '2025-08-23 15:49:03.913905+00', '2025-08-25 15:49:03.913905+00', '2025-08-25 15:49:03.913905+00', NULL, NULL, 10, 'Orta', '96de7fae-1ceb-48fe-9773-d873730f148a', false, '{lojistik,maliyet,optimizasyon,gümrük,kargo}', NULL, 'https://example.com/lojistik-optimizasyonu', '2025-08-25 15:49:03.913905+00', 751, 45, 12, 0, 'published', 'E-ihracatta lojistik maliyetleri toplam maliyetlerin önemli bir kısmını oluşturuyor. Bu yazıda lojistik süreçlerinizi optimize ederek maliyetleri nasıl düşürebileceğinizi öğreneceksiniz.'),
	('d4c17e2a-e110-4d26-b877-dfac3552db4c', 'E-İhracat Başarı Hikayesi: Tekstil Firmasından Global Markaya', 'Anadolu''nun küçük bir ilçesinden çıkan tekstil firması, e-ihracat sayesinde global bir marka haline geldi. Bu başarı hikayesinde, firmanın izlediği stratejileri ve karşılaştığı zorlukları ele alıyoruz.

## Başlangıç Hikayesi
2018 yılında küçük bir atölyede başlayan yolculuk, bugün 50+ ülkeye ihracat yapan bir başarı hikayesine dönüştü.

## Dijital Dönüşüm Süreci
Geleneksel ihracat yöntemlerinden e-ihracata geçiş sürecinde yaşanan zorluklar ve çözümler.

## Pazaryeri Stratejisi
Amazon, Alibaba ve eBay platformlarında nasıl başarılı oldular? Ürün listeleme, fiyatlandırma ve müşteri hizmetleri stratejileri.

## Kalite ve Sürdürülebilirlik
Uluslararası standartlara uygun üretim süreçleri ve sürdürülebilir iş modeli.

## Gelecek Planları
2024 yılında hedeflenen büyüme ve yeni pazarlara açılma planları.

## Öğrenilen Dersler
E-ihracat yolculuğunda öğrenilen en değerli dersler ve diğer firmalara öneriler.', 'Anadolu''dan çıkan bir tekstil firmasının e-ihracat ile global marka haline gelme hikayesi.', NULL, NULL, 'Başarı Hikayesi', '{"Başarı Hikayesi",Tekstil,"Vaka Çalışması"}', true, '2025-08-24 15:49:03.913905+00', '2025-08-25 15:49:03.913905+00', '2025-08-25 15:49:03.913905+00', NULL, NULL, 15, 'Başlangıç', 'de07daab-c88a-48e0-a96a-41be1b7fe1f4', true, '{"başarı hikayesi",tekstil,e-ihracat,"global marka","vaka çalışması"}', NULL, 'https://example.com/tekstil-basari-hikayesi', '2025-08-25 15:49:03.913905+00', 3201, 234, 68, 0, 'published', 'Anadolu''nun küçük bir ilçesinden çıkan tekstil firması, e-ihracat sayesinde global bir marka haline geldi. Bu başarı hikayesinde firmanın izlediği stratejileri ele alıyoruz.'),
	('4bacc095-dd1b-4880-90da-48e417d2e2a0', '2024 E-İhracat Trendleri: Türk Firmaları İçin Fırsatlar', 'E-ihracat sektörü 2024 yılında önemli değişimler yaşıyor. Yapay zeka destekli pazarlama araçları, sosyal ticaret ve sürdürülebilir e-ticaret gibi trendler Türk firmaları için büyük fırsatlar sunuyor.

## Yapay Zeka Destekli Pazarlama
Yapay zeka teknolojileri, müşteri davranışlarını analiz ederek kişiselleştirilmiş pazarlama stratejileri geliştirmeyi mümkün kılıyor. Chatbot''lar, öneri sistemleri ve otomatik fiyatlandırma algoritmaları e-ihracatçıların verimliliğini artırıyor.

## Sosyal Ticaret Yükselişi
Instagram Shop, TikTok Shop gibi sosyal medya platformlarındaki ticaret özellikleri, özellikle genç tüketiciler arasında popülerlik kazanıyor. Türk firmaları bu platformlarda güçlü bir varlık göstermeli.

## Sürdürülebilir E-Ticaret
Çevre dostu ambalajlama, karbon nötr kargo ve sürdürülebilir üretim süreçleri, tüketicilerin satın alma kararlarını etkiliyor. Bu alanda öncü olan firmalar rekabet avantajı elde ediyor.

## Mobil Ticaret Dominansı
Mobil cihazlardan yapılan alışverişler toplam e-ticaret hacminin %70''ini oluşturuyor. Mobil uyumlu web siteleri ve uygulamalar artık bir lüks değil, zorunluluk.

## Öneriler
- Yapay zeka araçlarını pazarlama stratejilerinize entegre edin
- Sosyal medya platformlarında aktif olun
- Sürdürülebilirlik konularına odaklanın
- Mobil deneyimi optimize edin', '2024 yılında e-ihracat sektöründeki en önemli trendler ve Türk firmaları için sunduğu fırsatlar detaylı olarak inceleniyor.', NULL, NULL, 'E-İhracat', '{Trend,"Yapay Zeka","Sosyal Medya",Sürdürülebilirlik}', true, '2025-08-20 15:49:03.913905+00', '2025-08-25 15:49:03.913905+00', '2025-08-25 15:49:03.913905+00', NULL, NULL, 8, 'Orta', 'de07daab-c88a-48e0-a96a-41be1b7fe1f4', true, '{e-ihracat,trend,2024,"yapay zeka","sosyal ticaret",sürdürülebilirlik}', NULL, 'https://example.com/e-ihracat-trendleri-2024', '2025-08-25 15:49:03.913905+00', 1251, 90, 24, 0, 'published', 'E-ihracat sektörü 2024 yılında yapay zeka, sosyal ticaret ve sürdürülebilirlik gibi önemli trendler yaşıyor. Bu gelişmeler Türk firmaları için büyük fırsatlar sunuyor.'),
	('68b29638-12c8-4ed7-83ff-ccb1d680f736', 'AŞAMA 2 Test Haberi', '## Bu bir test haberidir

**Kalın yazı** ve *italik yazı* örnekleri.

- Liste öğesi 1
- Liste öğesi 2

> Bu bir alıntıdır.

`Kod örneği`', 'AŞAMA 2 test haber özeti', NULL, NULL, 'E-İhracat', '{test,aşama2,markdown}', true, '2025-08-25 17:17:30.333+00', '2025-08-25 17:17:30.559071+00', '2025-08-25 17:17:30.559071+00', NULL, NULL, 5, 'Başlangıç', NULL, false, NULL, NULL, NULL, '2025-08-25 17:17:30.559071+00', 0, 0, 0, 0, 'published', NULL),
	('bc8b4bb3-8204-4bde-9dc5-f09d32ae3b4d', 'testz', 'sdfsdf sdf sdf', 'haberin özeti', 'data:image/jpeg;base64,/9j/4AAQSkZJRgABAQAAAQABAAD/2wCEAAkGBxESEBAQEhMVFhUVEBAVFRUVFxYWDxAQFRUWFhUWFhUYHSggGBolHRUVITEhJSkrLi4uGB8zODMsNygtLisBCgoKDg0OGxAQGysfHyUrLS0vKy0rKy0tLS01Li0vLSstLS8tLS0tLSstLS0tLS0tLS0tLS0tLS0tLS0tLS0tLf/AABEIAKgBLAMBIgACEQEDEQH/xAAbAAABBQEBAAAAAAAAAAAAAAADAAECBAUGB//EAEsQAAIBAgMEBQcIBwUHBQAAAAECAwARBBIhBRMxUQYiQWGRFDJScYGh0SNCU2KSscHSBzNygpOy8BVDg6LTY3Ojs8Lh8SQ1RFRk/8QAGQEAAwEBAQAAAAAAAAAAAAAAAAECAwQF/8QAMhEAAgIABAMFCAICAwAAAAAAAAECEQMSIVExQbETImGBoTJScZHB0eHwI2Ki8QQzkv/aAAwDAQACEQMRAD8A8mpU1Kuk5x6VNSoAelTU9ACpUqcCmAqkBSAqQFNCFThakBThaqhWMBRESirhZN3vd3Ju723mRt1e9rZ7WvfTjTJKvfVJEOQWKKrsWHoWFxCkgBXJ10AuTYXOgPIVch2nEOx/AfGuiCjzZjKTG8lNBlwhrTj2jGcoEcpzXy2Uda172114HhyobbTiPY3gPjWrjB8zPPJGJJhzQTCa2pMTGew+A+NV3KngKxlhrkaLF3M0LUr1YeK/ChnDt3VnlaK7SO4FjQXqy2Efu9/wqPkL93v+FS0yliQ3KjVGrZwD93ifhUGwL8x4n4VDiyliQ3KpNNVg4Nu73/CoHCt3VNMrPHcDSohgPdUTGaVFZkRpU+Q02WkMVKlamoAemvTUqAFSpUqYx6VKlQIVKlSoAelTVIUAKpAUaDCswuLcba1obO6P4mdikMZkYKWKoCzBQQCbAcLkeNMVmWBUhXRjoJtL/wCpN9hvhQMR0WxkX6yF1/aVh+FNNCdmMq0VVqx/Z7jjb3/Cix4B+GmvfVxoiWhp7N6QRxx4SExqyrdMQWDMzQNihM6IufIwKgA5lvqRcUfAbWwW5TfQoZBiI2kAghyPCJ4m6uVQVO7R0y3CnMbgliRHCJLHHu2iQ9ZGuTY9V84B01F9PUTRd+4VVCQoVydZbhjYqTfuOVfDtquz8DLt1XFEcLtnDZU3kKZhGlykEKEy2xCubqBoQ8GnDqE2vqSbR2pgyp3EKBtwVTNBCTHIZMNoerZrJHPZjma8h110qYuDeZbmNSoIuCbtc3u1+3MWN/rd1CXZw+kTxrRYK4mcsd8FRcwOMw4TBmQvmw4mUx7sMsgkkdwQxbsz8COyrXSaODdYcQ7nTzt2Ic5O6iFwY+tu7hrCTr3Zr92YMCPpE8amuEX6WPxqlhK7syeM2qoorFUxFV9cMn00fjT7pB/ex/arSkYtyKQhpxDVyyfSJ40109NPGikTUyruaYxVaLr6aeNDeRfSXxFS6GlMrmLuoLrW9L0mlJJbdG4swHVLC7E9YG6m7yG47XY61hOb8vGsbNsjXArstBkQjiD4eytrCbZniVUTd2XNa41BY3Y3HEmyj1KPbIdIMT1dIbKxIBBPFg9ib3tmVW43uq66Vm72N4xW5zjUMqeNja9r9l+VWThX7vH/ALVf2fi8TEm7TIUzmQqbkF+pYkix03aka243vUST5I1i1zZhsP6/r1ihmujx2LxcsZidY7MQ2ilWt1ctraWtHGvDgi8bXrHfZ0g0Nh7T8KnWtUaKSukynTUafDsgBNuNtKBSNBU1PSpgNSp6a1Ax6VKlQIVKnpwKAGAqYFMBRFWmkJs0dnDqfvH8K7/9Fu1IMNjJJJ5AinDOgJuQWMkZA0HJT4VwOA832n8K9C/RPgIZ8bIk0aSKMK7BZFDqGEkQBse2xPjSnwYo+0ekTdMNnM0bDFKMrkkWkswKMtjpzYHXlXK9LttYWYHdSqx1sLMAfXpwrscV0dwatEq4PD9ZrN/6dSAo46gdX21zfSfY+GRlAijjUuoZlRRkUkBm0HYLn2VilFmrclqefYiNZAAq5eF9SSSBx9v4Cp4fZeoPIg1ubawMEaoYwVbPlKls2cAHM4ux0Byi40ObThVXDNwqsCEcOOWJH/IxJYknKZdOKbdbsRFjuZ4w1103pcnQ8f7r1WbnVTG4ZDnyYU2MZUFhGGDZZwGsrWBu8Go+jPOxssYt1mMpV9zOcoe15OvutOzSM3HbmTnVDHQ5C4GNJtGWGVgVLhZ2y3zcPkVGg/vV7r9+tv8AJ42G4ZVVvRc47fAJJEOunkxZDI7hbRoUUgBVBVzqLatxNLdIHzrhTpNC6jJD1kVkzq92IFwGsFA1OtBkiXrocYwYSMFcupR0Cqc1lkNgdSOJpzhVDkHHOVWaBWIYKd27IGZSWIJGYnuC31F7T+8zo8ugOTBDdKFwt5AjjMyxgGQto1g/C3zSDbQDTisFg2WNFkw7uRGI2X5PIVE7zZs2e5PWC2sOF79lBmTLEshxz3KuxQEFwVbLk8+2b/yLjiBcU5hibfNrFiGdzMcyyos5SIR5ha4SIg21LDnanpQc/LwLogIXK2FNii5gN3lLZsOz5Ot8mG3c2q8M66aaCxsa5MQseHKmQZVOWIdX5Ai5D9Sxjk0UWOccLUDaysiyyR4uRkWcxICwLPwZWzK1ipS5uO2wsL1hnaE30r/aNJRT1CU60f0E2zpR833j40M4KT0fupHGSem32jUPKX9I+Jq9TNZRzg35fdTeSvy94pjO/pHxNR37ekfGp7xXc8Tdw+0WGGbDmEMTEUDXGnXdgbAa2z8D2gHsrFOGYdla+Hjwxwzu0riURXC5xYyZpey17ELFoL+dy1GLvW5mpjetFyrS/oHwhMckclr5HRrc8pBt7qsbVxm+dWy5bJltprZmI4AdjAfu0HZ2RpollJEZkQOQbFUJALXIPAa8OyrO2IYU3O5fNmgRpNQcspvcaDQcNDrzAp96xd3Lz9ChatfYO1Y4BiFkhEgmiMZ1sVFmIA01Gfdk/sCsgVtdG8Ph38o8oyACByhZ8jCXK2XLZxfUD5r9mmt6WJeV39RQyZlV+n2LXSfpEmKeNgHGXek7xsxBkfPkWw0ReArAxkgLXHCwroelWEwaTRjCZChRs2Vt4MwkcKSczWJQIeI/ZXgOb2goD2AtoPurOn2KrReppBx7d714VyM3aZ6o/a/A1m1ex56o/a/A1RrJHchUqVKmMVKlSoEKlTgVILQBGpKKIkdHWCqUSXIEq0QLRAlM1XRNljCnT2n8K7P9HWx/LMU8Qmkhth3fNEbObPGMpPLrX9griIW0HrP4V2X6N58auKc4GOOSXydwyyGyiLPHcjrLrfL29prOfAcVqejTdBchQHH4w5mC3z6Anhe5v4XrB6R9G9wCfKZpP2zf8a6BsVt5spbCYQkG4uRoeY+V46VzvSTEbSIPlEMK/sG//Wayjd8TSSVcDmdyyZcwtmUMNQbqeB04Vbw8moqhPhpY7bxGW/DMLXtxHr7qlBLqOdxWqMLXI2cjlkVI1dnRmAuBZVZlNybAaqfdQ5XnBVdwhLFVAJUMXa3VAOpIuL20F9aGcTKuXUiwYiyqeqc2bipuurXB041UO0ALDet1SpXQdRltlK9Xq8Bw42F66mtdF1POw5vLrPX4ousMRcBsPEtywBZ4wpKoXOt+GUXvw1GtVpZp1QSNh0CmPeAlkAKdTXjx+UTTicw0qsu0gL5ZCLuHOVEF2AIF7JqLE6HTU6UF8SrjJnc2jC2AFzElmAJC3IUIDrwC8qVPbqaZtpeqNJMQ5KqEhLskblOsCiymMR5mK5dd6h0Ol9arYraMsYJaCOwYLmBVlJJkUWI46xSfZqsMcuVV3rgKoUEAZwoYMBny5iAVBAvpbSlicZDIqo7tZXkfQWu8hBY2AsOA0Fhx5m7SY3JVx6EW6RG1tyn/AJ4/cKBJton+6SkY8J6b+B/LQmTC9jP7/hVURb3IPtO/zFoRx31BUmWDsZvf8KGRFzP9eypdFpy3QjjfqioeVfVFORHzPvpBYu0n3/CoqOxVy3XoacOzZWgM67sqIy9rtnyqXDaZbaZD221Avc2rKOJ7hVwXEbANNuyozAZ90UzG19LWzX9vfVMiPsJ99SktipN6U+gTBxGWWOIEAu6oC18uZjYXsCeJA4UTaOzpYCglUrnjWRe9W/EEEEd1AivmXJfNcZct8+bsy21v6qaVHAQMCBlBQMCBkJJBW/zSSTppqadK+AXKuK9CFu81p7E2R5QZVEoRkieQBtd5lUsVFje+nYDx4VmXPd760NlnGZZvJt5bd/Lbovbd6+flPC2b30ppZdFQouV6tMu9IOjjYSRI2lz5lY3XQAq7RsvbqCh7+YB0rDxseVrXJ0HHjV/HYrFu6mdmZgi23rMzBGGdbZjwIa/fe9Z+MLFuta9hw4W7KTX8avjuXhtvFeqrYzMaNB6/wNUq0sQl1/eH3GqphrPKddlelU2jpstKh2RpUjTUDJU4NRpxQIPG9HE1Ur1JWq1IlxLuehOTQw9ERhTuyaosQp1FP1n+5a7P9G234cDinmnzZWw7xjKATmLxsOJGllNclERlHrP4V6H+hl1GPlLEAeSScSAL7yLnUzSUWOL1OtxH6SNnOyNecFDcWRLHVSQbt9UcOZrn+kvTHC4jzN57VA/6q9Pxc4zRZHS2Y5xeOxXTUkm4trwBv3ca4vpy6EGxU+oisI1fA1le5wG3NrQzbvdxlCB1uRNgDbU6aX9prPgmsQT2EH31XsTx7hwtoBYDhU8ObOv7S/fWyjl0MZycrcnZvNtlLKVQ5lSRAxIy2YuwOS3nAvz7OFSG3VFwIEA3sTBbjKFRkYoRl6wJRtezO1WJJ4WWNHKDrz5mGj5QimIF7GwL5gTY6eyqmITB2YKxPVmCtmbMWE65DlyW1ivyB+qa6pJ3r0/J5WDJZe6q8/wQj2sBHGpQswDl3zKpztvxmj6ps9pUOY31jUW0Bp5NqhgRuQLtOeq4AAlXEKcoyaG04ueB3SaC1SkgwAk0kkKhtCTdSAARcBLkHUcRaojC4BszGWRLkWUXOXrkHXJqMoB7r1DX7X5OlP8AbX2MTyB+6l/Zr/V8T8K0t1hBJhypky7+HehyWG56pfgi8NR28ag0GEaLNeRWEOi5jmMnyp1O7sxJEQ+aADfWxteZ/qM8i/X+Cgdkyc18T8KE2zX5r4n4Vty7PwbO2R2A3uIIXOcphWOV47MYyV1VAbgnXS9VZcDgwWIlkZby2UXDnL5Rl1MdgDlwwv8AXbQfNWcrs/2zKbBN3UPyU91RKnkffUcrcjT1JTjsE8kbupxgW7qDlbkaWVuR99LXcdx29Tdgx86YdsPZCpjKXNywBLkkd9pGA9dYpwxFa2HbC+TOHjO+3VlPyn6zNKc3G17GHkND3g42VuRqIp6lyapXr5/gsYKZopY5V85HRxxsSpBsbdmlFx2KMu7JULkiSO485wt7MxPE2sPUAOyh7NyiaIyqWjEibwdbWO4zeaQb2v21Z2sISYdwrAbiMSAg/rR5xueJPhyqqdiuOXh6/gpBK09ibV8mMrCMOzxPGCxIyBlKk6cePMcONZeU8jW30Ymw6NMcTlKmFwoZM5LkHLl+TaxBtwZOzraWoxE8r5ig45lSrz/APbfSFsS0byIqsiFSY1sGu7NexOnnWt3VhY6cM5YXtYDXjoK6fpBPh2eHcZNIAJCiZFaXO5vbdxg9UrrkHrPGub2swzm3or91Q01hrkti8Jp4z01rjfwKkh+TY/XT3h/gKq72lPJ1T+0v3NVQtWeY7coWR6FemvTXqWykiVNTXpXpDHvT3oYNSBpionSqN6cNTAlenDVGlQFFqKXQes/hXc/ot2LBjsZJDiASq4Z5AAxU5w8ajUdzmuBTh7T+Fdl+jLDY6XFyLgZ0glGGcs7qGUxB4wVsUbW5Q8OzjSk3QJKz1fFdA9mxPEm7frki+8aw1VR6yS409Z7Kw+k/RjCYcExqwtzYmtJtldIVsG2lh9TYfJpqToB+o7657pPhdpRqTicVE4AJNlAFu3hGKiMnerHKKfBHJPewJHFVPC1ic1148Rl99V1ILKOwsB7CaJtGF4wMzKesy9U3sw84HTQjTTjrVCKQllANjmWx5G+lbyxIy1XAyeHKOj0Osn6PJkjKEl5BIQnbZDINDmuSd2bC3ba9VZ+jzKuYvEBlkbz2JyIxXNYDUEjS3de1TOzsewFpCVBQjKbKGZmRWA7DmVhfurMMeJy5buVC5rWbIEb51rWAPPtralei9EeZBulc+W8vsaB6OyZsqPG3WRR54LFtzfitgBv4+J7dL1n4pWiYLdTdEcFb5SrqGB1APA9oo8cGJzGM7y4kiQoSVIkJyxAgka3GnKgrHe145Ddbr1Tqg7R9X3UJLmuhrJvlL1f2A+XP3eFQbHv3eFXYsMGJUQvmDIpB0IZzlQEE9pqMUSNYCFzmtl0tnuyqMtz1jd14c6fd2J7/AL3UonHP3eFMce/d4Vd3SXA3ElyzKBlNyy+cBrxHaOyhTNCjMjRsGVmUjTRgbEedzFPQfe36lU41+7wqHlj93hRzNB6Df17aiZofQP8AXtqaWw0373UD5Y3d4U4xz93hUzND6B/r21Hexegf69tKlsVcve6mkkZOH35kt8m7Zd2CMyyLHlzZ+3Opvb0uVzl+WN3eFW/IGMe+ELZMubNpbLdhfjf5rewE8KpZ09GpVbdCpOW9fMmuLbu8Ku7QkaKRow2awTUqFIJUMVIDEAgkqdTqDWdmB0Ao08Rjdo3WzKbEXBseVwbVV68Cda9rqOcUx5Vr9GdkjFtMrF1yQu4ZFzKGAJAfSwBt2kdutYTHlVrZuzJ5y6xZSVRmILIrFQLnKGIzcOAvSn7L5eOgQvMu9fhr9jT6Q7EXDyRIVlBeFJGWUZXRmLdW40bQA6cL2OoNcztSMI5UcLA+IrVxmzsREUzOnXTOjK6SIyZmW4ZCR5ysLcxWNtMMHIc3Nhr3W0qJV2a08zTCb7V97lw1+xnznT94fcar0Sc6e0fjQL1idpK9K9RpGkMleleoXpXoChUr0INUhIasKCZqkJKHvO4U4kHI+NAgyyCpgjn40ISLa2vgKmMnpD2g0xBkXTiPGux/RltmTBYySZMNLiC2GdMkIYuAZI2znKp0GW37wrjljW2jLx5/GvQf0NY6HDY+WWeWONDhJEDO6gFzJCQOPGynwqZcBrid3J+kWdipOx8d1WzDqSccpXX5PkxrmulHSmTEKwbBTxaH9YGGntUV6LjelOCd4mTHQgK12G9tmGZTwHnaBhbTzvYeO6c7dw0nmSxydytx7rjUesVlH4FP4nmePxbOFBW1lAHHzRwA7tT366k1Tils6m17MpsOJsRpXT9NNvYedVEIJIkkYEqF3ULBckVh51rHX77k1yeHlAkRiLASJc30GorWMUlSInJytvU7A9LMQq7sYdgMsi6q2azm/G3FTcjkWPGh4npPPIGDwrZoshBD2BsRnC3sJOsdbaVpSbfwuVBvFbKmIDR26jyOsoRywIPz0HMZdKBNtHA65FKsTixc3JCSJOsQyk20zw94yH29T48eh5OFeVLLXmynB0gnWSSZBkZ5I5GtnAZkYtbjfKSTcX8KeLpFMqxKqoojVVFgwvZoWu2upJw6X4fO51alxuzjvLRtqI8ti1k1bPludTbL53Hh3nK2tNA0pOHBVMq6HjmA6x1PAnWkkm/9GruK4erDYXa0iPvLIxy4cWYNa8AQRtowOYZB22NzpU4trygIMy9UR5bgm273GX53/wCaPxbnpk5abdNyqsq36CU37r9Tej2xIEVLxBVEgtZwWVy5ylhJmOUyNY3vrqTc3yMWmd3kZ1u7s5twzMSTbXhc1XOHblTHDtypJJcGNyb4x6jmAekKgYRzpGBuVR3DcqPMVf16i3Q50MipGM1A0vMenu9S5FtmZImgUnIyFCLDzSxYi9vrNr31Q3n1TW3htrwjDNC0Ss5iKB8iZs2dyGz8RYMOwklRqAKxs45ipV79C5Vp3b+YwmI1yn+vZVnF7ReaRpZAcxC3NraKoUCwHICls/GJHLFI2VlWRGZSFYMoPWFm01F6tbW2jDLut2oTLEFawUXa/Dq8QPSOp7aet8egqVez1Mzyg+g39eyr+ytvzYYyGNLF0KEsLkKbg27O3tuOFVr1sdHtrxYfygvJIM8DxqECNGWYFbyqzLmABJA52OtrEn7L1vwFCs3s18ytj9uy4h1d4VGVFQCNcqhF80WHIaVi7TlzOWIymy6G99B6hXV9Juk0GKkicFQViysT1c7F3fRc72UZrAZuzQAWA5Pa80bSlg4IsvC57PVUv/rXQ0wq7Z93lx18DOxDL38fVVUyd1WZGTmT6h8TQJJVvfKT6yB9wrI7UDLmo3p2k+qPbeoGQ93hUsqiV6V6GXpr1I6JgjnREK8x76q3pwK0TDKXFUektTEQ9JfGqsaN2A+FFXDN6JqiWiyIQbap9oUdMICeKjTsZeI9tAi2ZK3BD/Xqq3FseXtUD13FvGgkJDgT9U6ekp/Gu6/RJ0egnxsiYmJJUGFkYK1mUOJIgDbnYt41xEWyG7Wj+0PwNdl+jvopNNinWPFSYZhAzbyHeBmAdBkJBW6m4Nr/ADRpSlwBPU9XxnQrZyNEEwEJDNZiE1UXUX46CxY31823bccp016N4aJSYoFS3o3FW8V0JxEZAfbWP4X0acgqASdRL2BSf6FYPSjobLECX2jiJbX0kaQ3HLVzWK+Jb+Bye39mxqsRgdmJQ3CkkWW1na40LZjoPR4CsjC4WUugIJGdL3GhFxfsrTxnRwpYvI3IXV7f5rGoQbGW4s7ecNbG4rXCpx0dk46cJNNV++B1b7AgaNGVApLOG6tyxCyMBElgHuEA86+Y2tqKqno6gY3YZc0qqUUEu6DEWCgkXuYF0/2q1Xfo3LlDiSR8z5ALnOTZje1+HVb7Jqt/Yk18oViSocagtk0ANr8CWW3O4te9dbX7oeNhtUu83/6NCPYEbsAkoClATmVTlcJC3Y2q3mtmtplOnbQ4dgK2RVmGZsum7Fhcxg2Oe5Pyo7BfK3C2tMbJl0G6YkqWAJFyAATYdpsym3GzA9tRkbcuVKjMttQ3C4vobcjSyvl9DbNFcb/yL6bEBsBK+bMwYbtcwG7hcLlz/rPlWut9N2+vV1o7SwZiQMJg5zKCFAy9ZSwKtfrDq8hxFQTHxj+5U+u35atw7dhW18HE3rtr/lp5PH0FnXJ+rMQ4l/S+6m8qf0vurpl6V4cD/wBtw59uv8tVpukkJ4YGEeq35aKWxNv3upg+VP6X3VHyp/S+6tR9sxn/AONGPD8tBbaifQJ7vy0NIpP+3UzzO3P7qGXJq++0E1tEvw91V2xIPzBSpbDv+3U0sNgMM2GaUy5ZFizBC8esmaUWCkXNwkeg1696xgfV4CtWLZErQtiAqlAhc9brBbuDoOBGRjr3dptWSR3nxNQq1NJPhrXzJKtyB3juq1tbBxJM6RnMgylTmVzYqDYsnVJF7G2gIIueNVBCWIVc1yQABe7EnQWvxomO2a8UjRuWDLa9mJBBAIIIOoIIPtqufAnl7XUEcMh4qK2OjmxsNL5RvY0ssDspMqxOJLHIEDGzktbQ6AA9wOIMOfTbxNvvq7srYTYhnQT5CI3cZ95lYICzdZQQosOLWHfUzXdelBB95d6/mbXSbYuBjliGGUFWizMpZZCjZ2C3ZSQGKhSRft7L1y208EFlOUIBlWwLKBe2uhNam1OjrQtEBiS4kiSVSm9AyMSBcSZSCct+HAisTamz3V9btoOseJ9dzSr+NdTTDf8AM+9y4a+BXbDaecn8RfjQWwo9OP7QqDwm1svbx7aAYwON/A1mdgaSFfpE8b1XaMDg69vC/wAKg1udRPK/OkWhFRz9xqOnOmI76a1Q0UdBHgkHzVH7U0f3AXoyrGPoP+Mx+FVEwsP04+w9EGFj+nH2JPhWhiXBNGOGvqijA8WLGpDaAHBT/EVR4IgqquDj+nX7Enwoq4OP6dPsSfloCgp2iT/dofW0jfzMRTpj37FQepFB8QKS4Rfpk+zJ+WpeTAf38f2ZPyUWFElxkpN8zXtbieHjW50S6SzYGdp0QSM0TR2e9gCyte41v1B41hiEfTx+Ev8Ap0RMOO3ER+wS/kpPUD0Gb9KM8ls+EhPrL8O0ceB1HqJrL2100mxPnwxr6mP4muXWFPpo/Cb/AE6IsS/SxeEv+nSUUh2yUuKzEFrk8L5iTYcPZ3VOKcAghToQeJ7PbTJEPpYvCX/Tq/gNmSSlsjxkKLsx3ioi82ZkAUeumqS0FOTm7k7D/wBvzWygsFylcotlAJJOh0v1jrx1NRi2xOqhVLBQjIAFS2RipI4a6ouvHT11PcwINZhI3JA6Rj99kJb7I9dQOKI8zydfWJXP+dSPdV52zBYGGuC9WPDtXELfKzi976RniEXtHKNPD10F8HLM2YxyEkKC2UAWUBRewtwA14n10Xyuf6dFH1S6D2BUFRd2bjMh9bOfvWhTY3hQfHqDOx27UkHebAe+m/sb1/bi+NTCH6SLxb8tSCt9JF9o/lp9pIXYYewE7FHf/Ei+NN/Yg+t7HjP3GtE4I5M/lGHva+XM2f8Akt76qFH9OL7X/ajOw7GGwA7DPoTewA/cKTbBOUvklsCAbgBhfttbh30bI3pxfbFFhklTVZUX1SWpZ2HYw2Ms7OT6/u+FROAT6/u+FbLYvEcd9GRrcM4dfYpB8LUMY6/niBu8CVG/yqB4ijOx9lDYzhdUMYkkClSpXsyk5iPUTrbtqqcMnNq3t1C46swjbsWTMyH/ABFQEe1bd9VMdgpYnKSFFYdhJ4dhBy6g9hGhpZ2PsoMySijUZvYdQfCnmmMhzMXZrKLsQzWUAAXOugAFWWT68X2j8KG0A9OL7X/annYdjDYrH9lvCrGB2tNBn3TFc65W6oOZb3sb37abc/7SP7dQaA/SxfbWk5N6MawoLVIjNtN2IZ+sQqKL9iooVQAOAAAHsocm1L6lfss6n3Nb3Ungb6SE/wCInxoPksh+j/iw/noztqgjhQi8yWo5x6HjvPaY39zJ+NR3kTdo/ejy/wDKf8Ki2zn5R/xYfz0JtmSf7P8AjQ/npGmhOWKKxNkNuxHkU+Eimhts2JuC+EkLnwupoZ2bLzT+ND+eoHZ0v1P4sP56AFLsYWJtIv7UTAeKk1RbAJf9Yn/EH/RVxcBODdSoPMSxA+IepFMZ9If46fnpUh29zLWSirPVEGpq1BTRoLiKIsxrPWSiLLQI0BIedEU1nCapiegDSVhRVcVlDEVIYigRrrIKIswrFGIqQxFAG6mIFdXs6dcRgBhImCzrO0hjJC+VKVAGUnQutjZe0E21rzkYmiJiCdBQFHQzyMjFHUqwNirAqwPeDqKQntx48uXr+FAj6S4gKqGTeBfN3qJMFFrWXeqxA7qc7Zha+8wsd+cLyRN4Esg9iigQUzXNyacTCq5xGDPbiIz6oph43j+6mK4c+bigP95DIv8AJnoAticU/lAqiIUPDFQe3fr/ADRCpHCnsnw5/wAUD+YCgNC75SKbygVS8lb6bD/x4/jS8lPbPhx/ig/yg0BoXN+KbfCqZhQccVh/Zv2/lhNSC4cedir/AO7hkb/mZKALJlFSXEdh9h7R8RVUYnBgccRIfVFCPG8lTG2oV/V4aO/pSs8zeF1jPtSgC1AHdxGil3PBUBZm9QHGtvpFiUjwuGwrsrzxvIz5SGEEbWtCWGhNwWIHAm1c1N0nxLKUMrBCLFI7RR5eQSMBR4eusiWa2oNxz5dx5UBRptOKE0orKOJqJxNAzTMgobOKzjiKicRQBfY0FjVU4iomegCwZW51A4k1XaahtLQMsNiKG0wquz0NmoCg7SUIvQiajelZSiRp70qVQmaD3pB6elTsVD56feU1KmKkS3lPvKVKmGVDiSn3tKlQKgkZvrwHP4c6OJraDh7z66alQQx99S39KlQAt/S31NSoAW/pb6lSoAW+pb6lSoAW+pb6lSoAff0t/SpUALf04xFKlQANzfVfD4c6BvaVKgaQxlpjJSpUFUNvKbeU1KgdIYyU2elSpDpDZqa9KlSbChU1KlSsZ//Z', NULL, 'E-İhracat', '{dfsdfsdfs}', true, '2025-08-25 17:23:49.425+00', '2025-08-25 17:20:55.379738+00', '2025-08-25 17:23:49.645275+00', '', '', 5, 'Orta', '6e42b0f7-709f-4e45-87a6-459e9c3acbc5', false, '{dfdsf}', NULL, '', '2025-08-25 17:23:49.425+00', 1, 0, 0, 0, 'published', '');


--
-- Data for Name: news_categories; Type: TABLE DATA; Schema: public; Owner: postgres
--

INSERT INTO "public"."news_categories" ("id", "name", "description", "icon", "color", "is_active", "sort_order", "created_at", "updated_at") VALUES
	('0854c396-c297-45aa-8601-db9538c64f43', 'E-İhracat', 'E-ihracat ile ilgili güncel haberler ve gelişmeler', 'ri-global-line', '#3B82F6', true, 1, '2025-08-25 15:49:03.913905+00', '2025-08-25 15:49:03.913905+00'),
	('234417db-0a5c-434e-a5c9-97e5920e0e67', 'E-Ticaret', 'E-ticaret sektöründeki yenilikler ve trendler', 'ri-shopping-cart-line', '#10B981', true, 2, '2025-08-25 15:49:03.913905+00', '2025-08-25 15:49:03.913905+00'),
	('2b989278-986a-4a91-88cf-68b4bdfbad62', 'Eğitim', 'E-ihracat ve e-ticaret eğitim içerikleri', 'ri-book-open-line', '#F59E0B', true, 3, '2025-08-25 15:49:03.913905+00', '2025-08-25 15:49:03.913905+00'),
	('b7f3937e-0466-48ce-8c69-01ace3bb57e0', 'Teknik Güncelleme', 'Platform ve teknoloji güncellemeleri', 'ri-tools-line', '#8B5CF6', true, 4, '2025-08-25 15:49:03.913905+00', '2025-08-25 15:49:03.913905+00'),
	('b40f43bf-e40f-4d19-bdde-12c85196910d', 'Duyuru', 'Önemli duyurular ve bildirimler', 'ri-notification-line', '#EF4444', true, 5, '2025-08-25 15:49:03.913905+00', '2025-08-25 15:49:03.913905+00'),
	('6b4b25b3-f854-4bce-89db-2366274254db', 'Proje', 'Proje haberleri ve başarı hikayeleri', 'ri-project-line', '#06B6D4', true, 6, '2025-08-25 15:49:03.913905+00', '2025-08-25 15:49:03.913905+00'),
	('36bce20a-a29a-4c1b-89c4-9a6dec895950', 'Pazaryeri', 'Amazon, Alibaba, eBay gibi pazaryeri haberleri', 'ri-store-line', '#84CC16', true, 7, '2025-08-25 15:49:03.913905+00', '2025-08-25 15:49:03.913905+00'),
	('6dcca2d6-9f70-47f9-8ce9-acc45b5fb848', 'Dijital Pazarlama', 'Sosyal medya ve dijital pazarlama haberleri', 'ri-marketing-line', '#EC4899', true, 8, '2025-08-25 15:49:03.913905+00', '2025-08-25 15:49:03.913905+00'),
	('1975e8d4-3147-4fd4-a374-02a191be8621', 'Lojistik', 'Kargo ve lojistik sektör haberleri', 'ri-truck-line', '#F97316', true, 9, '2025-08-25 15:49:03.913905+00', '2025-08-25 15:49:03.913905+00'),
	('062e5acb-2431-4e6a-bbf8-45c3bb77071f', 'Regülasyon', 'Yasal düzenlemeler ve mevzuat değişiklikleri', 'ri-government-line', '#64748B', true, 10, '2025-08-25 15:49:03.913905+00', '2025-08-25 15:49:03.913905+00');


--
-- Data for Name: news_comments; Type: TABLE DATA; Schema: public; Owner: postgres
--

INSERT INTO "public"."news_comments" ("id", "news_id", "user_email", "content", "parent_id", "likes_count", "is_approved", "is_edited", "created_at", "updated_at") VALUES
	('f368a300-a80b-42a8-97f4-bd326dc53ee3', '4bacc095-dd1b-4880-90da-48e417d2e2a0', 'firma@example.com', 'Çok faydalı bir yazı olmuş, teşekkürler!', NULL, 0, true, false, '2025-08-25 15:49:03.913905+00', '2025-08-25 15:49:03.913905+00'),
	('82562c5a-dfb8-40b1-a8b3-07bf92a1b2bd', 'd4c17e2a-e110-4d26-b877-dfac3552db4c', 'admin@ihracatakademi.com', 'Harika bir başarı hikayesi! Diğer firmalara da ilham olacaktır.', NULL, 0, true, false, '2025-08-25 15:49:03.913905+00', '2025-08-25 15:49:03.913905+00'),
	('1eee5803-c96c-41a0-b2a6-2d05973885a6', '5e7d1b42-bed1-4c99-ba77-a87a3f2307dc', 'admin@ihracatakademi.com', 'Bu çok faydalı bir haber! Teşekkürler.', NULL, 0, true, false, '2025-08-25 16:58:25.070933+00', '2025-08-25 16:58:25.070933+00');


--
-- Data for Name: news_interactions; Type: TABLE DATA; Schema: public; Owner: postgres
--

INSERT INTO "public"."news_interactions" ("id", "user_email", "news_id", "interaction_type", "interaction_data", "created_at") VALUES
	('cb4ca711-da8d-4217-9207-357abce390b4', 'firma@example.com', 'd4c17e2a-e110-4d26-b877-dfac3552db4c', 'read', '{}', '2025-08-25 15:49:03.913905+00'),
	('dd18100a-238a-41b5-ad37-79e76fa44090', 'firma@example.com', '4bacc095-dd1b-4880-90da-48e417d2e2a0', 'like', '{}', '2025-08-25 15:49:03.913905+00'),
	('4817c2bb-d948-4e46-a8cb-ef15eede5487', 'firma@example.com', '5e7d1b42-bed1-4c99-ba77-a87a3f2307dc', 'read', '{}', '2025-08-25 15:49:03.913905+00'),
	('b89123f4-f327-465e-baaf-836cb60d837f', 'firma@example.com', '4bacc095-dd1b-4880-90da-48e417d2e2a0', 'read', '{}', '2025-08-25 15:49:03.913905+00'),
	('73acb582-395a-4d88-9333-1bb30c83b126', 'firma@example.com', '8e3a6835-045b-473d-8d31-ef33d66fc287', 'read', '{}', '2025-08-25 15:49:03.913905+00'),
	('a50a1977-398b-4735-9714-9b648f3f256b', 'firma@example.com', 'a8c7051d-b8ef-4718-8b71-90aecf9d7a14', 'read', '{}', '2025-08-25 15:49:03.913905+00'),
	('889b10e4-243e-40b3-adbe-dcedeca8b9c2', 'firma@example.com', 'bc8b4bb3-8204-4bde-9dc5-f09d32ae3b4d', 'read', '{}', '2025-08-25 17:21:10.552452+00');


--
-- Data for Name: news_tags; Type: TABLE DATA; Schema: public; Owner: postgres
--

INSERT INTO "public"."news_tags" ("id", "name", "description", "color", "usage_count", "is_trending", "created_at") VALUES
	('a2b118ea-95f8-4569-a05d-87a4b0ec6ddf', 'Alibaba', 'Alibaba platformu ile ilgili içerikler', '#FF6600', 0, false, '2025-08-25 15:49:03.913905+00'),
	('576cc693-8883-4167-9662-403eba230495', 'eBay', 'eBay pazaryeri ile ilgili içerikler', '#86B817', 0, false, '2025-08-25 15:49:03.913905+00'),
	('eb770e26-635a-4a67-b4ed-544d5707fbf3', 'Sosyal Medya', 'Sosyal medya pazarlaması', '#1DA1F2', 0, false, '2025-08-25 15:49:03.913905+00'),
	('3d82a658-0428-4ceb-8ebd-3f86ef42f072', 'SEO', 'Arama motoru optimizasyonu', '#4285F4', 0, false, '2025-08-25 15:49:03.913905+00'),
	('147418d7-14c0-47a2-8d4c-07e583fdc41f', 'Google Ads', 'Google reklamları', '#4285F4', 0, false, '2025-08-25 15:49:03.913905+00'),
	('4863aa52-dad5-4218-958d-6b9f6f7484b8', 'Facebook Ads', 'Facebook reklamları', '#1877F2', 0, false, '2025-08-25 15:49:03.913905+00'),
	('8cc18cfe-6fb2-41a5-a7aa-af864ef35cc2', 'Instagram', 'Instagram pazarlaması', '#E4405F', 0, false, '2025-08-25 15:49:03.913905+00'),
	('e413a65b-4679-4420-8134-8929dffb4fdf', 'LinkedIn', 'LinkedIn pazarlaması', '#0A66C2', 0, false, '2025-08-25 15:49:03.913905+00'),
	('f3a5c4c1-eea7-4d9d-b813-fe563c09b3b4', 'Gümrük', 'Gümrük işlemleri', '#64748B', 0, false, '2025-08-25 15:49:03.913905+00'),
	('f800d7e7-4368-41bd-beee-74f7f9c62336', 'Vergi', 'Vergi konuları', '#EF4444', 0, false, '2025-08-25 15:49:03.913905+00'),
	('fd4f788e-9e2e-463b-9c3a-c2b364566990', 'Mevzuat', 'Yasal düzenlemeler', '#8B5CF6', 0, false, '2025-08-25 15:49:03.913905+00'),
	('8e4a458d-6b89-4be8-a684-f30f18da4562', 'Vaka Çalışması', 'Detaylı vaka analizleri', '#06B6D4', 0, false, '2025-08-25 15:49:03.913905+00'),
	('9c2fdddb-ae25-4af7-99db-bde0942daa78', 'Yenilik', 'Teknolojik yenilikler', '#8B5CF6', 0, false, '2025-08-25 15:49:03.913905+00'),
	('3119284e-46fc-482e-bb08-ab70f76203d6', 'Eğitim', 'Eğitim içerikleri', '#3B82F6', 0, false, '2025-08-25 15:49:03.913905+00'),
	('b3e3b56c-17df-4662-a53a-32ea5a4c07ed', 'Trend', 'Sektör trendleri', '#F59E0B', 1, false, '2025-08-25 15:49:03.913905+00'),
	('625e151d-18ec-4bec-9da2-57e735a0264c', 'Amazon', 'Amazon pazaryeri ile ilgili içerikler', '#FF9900', 1, false, '2025-08-25 15:49:03.913905+00'),
	('a49fe81b-614c-4f7b-8c1c-3066e308e32b', 'Dijital Pazarlama', 'Dijital pazarlama stratejileri', '#EC4899', 1, false, '2025-08-25 15:49:03.913905+00'),
	('da5c8935-54fc-4414-9a9b-2815db4eebdc', 'Rehber', 'Nasıl yapılır rehberleri', '#84CC16', 1, false, '2025-08-25 15:49:03.913905+00'),
	('88f275ec-ea04-4f96-bcd3-5e5bb3439d97', 'Lojistik', 'Kargo ve lojistik', '#F97316', 1, false, '2025-08-25 15:49:03.913905+00'),
	('0693f6d9-8f16-4eb4-9a34-e5118ab735e0', 'Başarı Hikayesi', 'Başarılı firma örnekleri', '#10B981', 1, false, '2025-08-25 15:49:03.913905+00'),
	('de047bf7-97c7-405d-a545-afb22fc12388', 'Test', NULL, '#6B7280', 0, false, '2025-08-25 16:16:31.228936+00'),
	('78fbc242-d9e8-478c-81f7-0c24d6667c04', 'API', NULL, '#6B7280', 0, false, '2025-08-25 16:16:31.352157+00'),
	('43cdd539-2401-41ca-ae00-209c3535ca58', 'test', NULL, '#6B7280', 1, false, '2025-08-25 17:06:53.852213+00'),
	('40de6333-1b4c-4085-bd8b-a814346e3677', 'aşama2', NULL, '#6B7280', 1, false, '2025-08-25 17:06:53.977612+00'),
	('e9b96569-f4b0-4bec-8e4a-4ce686124d5c', 'markdown', NULL, '#6B7280', 1, false, '2025-08-25 17:17:31.067124+00'),
	('e65559e7-e4ad-4297-905d-91027cf4d221', 'dfsdfsdfs', NULL, '#6B7280', 1, false, '2025-08-25 17:20:55.796109+00');


--
-- Data for Name: news_tag_relations; Type: TABLE DATA; Schema: public; Owner: postgres
--

INSERT INTO "public"."news_tag_relations" ("id", "news_id", "tag_id", "created_at") VALUES
	('e37abf85-d3fa-4698-a267-583f4f6c6399', '4bacc095-dd1b-4880-90da-48e417d2e2a0', 'b3e3b56c-17df-4662-a53a-32ea5a4c07ed', '2025-08-25 15:49:03.913905+00'),
	('913412af-ad94-4391-b219-2c3305c5d86d', '5e7d1b42-bed1-4c99-ba77-a87a3f2307dc', '625e151d-18ec-4bec-9da2-57e735a0264c', '2025-08-25 15:49:03.913905+00'),
	('84ba434b-33f8-423f-a27b-57d0c788a056', '8e3a6835-045b-473d-8d31-ef33d66fc287', 'a49fe81b-614c-4f7b-8c1c-3066e308e32b', '2025-08-25 15:49:03.913905+00'),
	('bbef74e4-d0c8-40e5-99a8-8ae35eeec550', '8e3a6835-045b-473d-8d31-ef33d66fc287', 'da5c8935-54fc-4414-9a9b-2815db4eebdc', '2025-08-25 15:49:03.913905+00'),
	('84171522-3c0d-4d7a-a122-2aafef69e5ec', 'a8c7051d-b8ef-4718-8b71-90aecf9d7a14', '88f275ec-ea04-4f96-bcd3-5e5bb3439d97', '2025-08-25 15:49:03.913905+00'),
	('2e886e46-b3d8-437b-a590-125b01f8bfef', 'd4c17e2a-e110-4d26-b877-dfac3552db4c', '0693f6d9-8f16-4eb4-9a34-e5118ab735e0', '2025-08-25 15:49:03.913905+00'),
	('7d6cb3be-604b-44d3-8487-75acde6a3d9c', '68b29638-12c8-4ed7-83ff-ccb1d680f736', '43cdd539-2401-41ca-ae00-209c3535ca58', '2025-08-25 17:17:32.695906+00'),
	('b4bdc3a7-52c0-424c-b4ad-32414d6602fb', '68b29638-12c8-4ed7-83ff-ccb1d680f736', '40de6333-1b4c-4085-bd8b-a814346e3677', '2025-08-25 17:17:32.695906+00'),
	('a2217bc9-2388-4e11-8b93-7ff1f5616f4d', '68b29638-12c8-4ed7-83ff-ccb1d680f736', 'e9b96569-f4b0-4bec-8e4a-4ce686124d5c', '2025-08-25 17:17:32.695906+00'),
	('64dbd951-4c96-4b97-a8e3-a6876178aa8e', 'bc8b4bb3-8204-4bde-9dc5-f09d32ae3b4d', 'e65559e7-e4ad-4297-905d-91027cf4d221', '2025-08-25 17:20:56.019641+00');


--
-- Data for Name: notifications; Type: TABLE DATA; Schema: public; Owner: postgres
--

INSERT INTO "public"."notifications" ("id", "user_id", "company_id", "title", "message", "type", "status", "related_type", "related_id", "metadata", "read_at", "created_at", "updated_at") VALUES
	('af9fe685-2856-4146-821b-445d94ca0ca9', '60bc8ec8-a502-4c69-bc14-052b33b52d85', NULL, 'Yeni Proje Oluşturuldu', 'Dijital Dönüşüm Projesi başarıyla oluşturuldu.', 'success', 'unread', 'project', '550e8400-e29b-41d4-a716-446655440001', '{}', NULL, '2025-08-23 16:40:44.735963+00', '2025-08-23 16:40:44.735963+00'),
	('feb59c97-253e-468b-8a6b-ae0c06fed871', '9d99c302-4084-42ec-8c02-f6d5d3c0dc3e', NULL, 'Görev Atandı', 'Size yeni bir görev atandı: "API Entegrasyonu"', 'assignment', 'unread', 'task', '770e8400-e29b-41d4-a716-446655440001', '{}', NULL, '2025-08-23 16:40:44.735963+00', '2025-08-23 16:40:44.735963+00'),
	('32413879-0955-44a8-985f-c7f347d2ac93', '9d99c302-4084-42ec-8c02-f6d5d3c0dc3e', NULL, 'Son Tarih Hatırlatması', 'E-İhracat Platform Entegrasyonu projesinin son tarihi yaklaşıyor.', 'warning', 'unread', 'project', '550e8400-e29b-41d4-a716-446655440002', '{}', NULL, '2025-08-23 16:40:44.735963+00', '2025-08-23 16:40:44.735963+00');


--
-- Data for Name: platform_settings; Type: TABLE DATA; Schema: public; Owner: postgres
--

INSERT INTO "public"."platform_settings" ("id", "platform_id", "setting_key", "setting_value", "created_at", "updated_at") VALUES
	('058fb290-639f-4811-ad30-2827c42bf36e', '0354f319-3fc7-4b39-b8dc-9c995d85fb47', 'default_duration', '60', '2025-08-25 10:34:21.678943+00', '2025-08-25 10:34:21.678943+00'),
	('463584be-6277-421d-87e3-91e6acf21768', '0354f319-3fc7-4b39-b8dc-9c995d85fb47', 'auto_record', 'false', '2025-08-25 10:34:21.678943+00', '2025-08-25 10:34:21.678943+00'),
	('0c417f51-dd11-43c5-bb10-023fb80be782', '0354f319-3fc7-4b39-b8dc-9c995d85fb47', 'waiting_room', 'true', '2025-08-25 10:34:21.678943+00', '2025-08-25 10:34:21.678943+00');


--
-- Data for Name: point_transactions; Type: TABLE DATA; Schema: public; Owner: postgres
--

INSERT INTO "public"."point_transactions" ("id", "user_id", "company_id", "points", "transaction_type", "source", "source_id", "description", "created_at", "user_email", "reference_id", "reference_type") VALUES
	('feb1b974-e425-4b13-8a1b-2919cd0a2617', NULL, NULL, 50, 'event_participation', 'system', NULL, 'Test etkinliğine katıldın!', '2025-08-25 15:00:20.356+00', 'admin@ihracatakademi.com', NULL, 'event');


--
-- Data for Name: reports; Type: TABLE DATA; Schema: public; Owner: postgres
--



--
-- Data for Name: tasks; Type: TABLE DATA; Schema: public; Owner: postgres
--

INSERT INTO "public"."tasks" ("id", "project_id", "title", "description", "status", "priority", "due_date", "assigned_to", "created_at", "updated_at", "sub_project_id", "notes", "attachments", "completed_at") VALUES
	('17e8e5dd-f355-4447-921d-6dcb14364739', NULL, '2. Ürün İçerikleri', 'İngilizce başlık, açıklama, anahtar kelime', 'Bekliyor', 'Orta', NULL, NULL, '2025-08-30 07:50:34.962324+00', '2025-08-30 07:50:34.962324+00', 'a4bf99a3-b4c7-4647-85e6-aae11f9e1df7', NULL, NULL, NULL),
	('4f6c9c3a-af02-4712-8e38-cf3a1f9317e9', NULL, '3. Fiyatlandırma ve Kargo Politikası', 'Döviz kuru, vergi, komisyonlar ve kargo maliyetleri dahil edilerek fiyat belirlenir', 'Bekliyor', 'Orta', NULL, NULL, '2025-08-30 07:51:08.081348+00', '2025-08-30 07:51:08.081348+00', 'a4bf99a3-b4c7-4647-85e6-aae11f9e1df7', NULL, NULL, NULL),
	('ad8397af-36bd-4fc0-879e-f2e9189c4841', NULL, '1. Kargo Firması Seçimi', 'Yurtdışı gönderim için:
PTT Mikro İhracat
UPS / DHL / FedEx
Aras Global / Yurtiçi Mikro İhracat', 'Bekliyor', 'Orta', NULL, NULL, '2025-08-30 07:52:45.500496+00', '2025-08-30 07:52:45.500496+00', '119791d5-d7d0-40e6-aed1-4a3c32b49513', NULL, NULL, NULL),
	('0ebb78f0-b4d4-487e-87da-3bb907392547', NULL, '2. ETGB ile Mikro İhracat', '300 kg ve 15.000 € altında kalan ürünler için gümrük beyannamesi kolayca yapılır', 'Bekliyor', 'Orta', NULL, NULL, '2025-08-30 07:53:01.969038+00', '2025-08-30 07:53:01.969038+00', '119791d5-d7d0-40e6-aed1-4a3c32b49513', NULL, NULL, NULL),
	('36313b9f-9def-45dd-8cad-0eb96f62def0', NULL, '1. Sipariş Yönetimi', 'Sipariş takibi, paketleme ve zamanında gönderim', 'Bekliyor', 'Orta', NULL, NULL, '2025-08-30 08:01:33.494447+00', '2025-08-30 08:01:33.494447+00', '9e9ef00f-d040-4c18-bc69-0cecd561079f', NULL, NULL, NULL),
	('48e041e2-2e85-4b82-a66e-cdf785f77255', NULL, 'Evrak Girişi', 'Evrak girişi açıklaması ', 'Tamamlandı', NULL, '2025-09-30 00:00:00+00', NULL, '2025-08-23 21:33:55.994626+00', '2025-08-24 00:44:53.351176+00', '369749f0-0a39-4a77-94aa-af20cad64c1d', 'Tasarım ekibi ile görüşme yapıldı, renk paleti belirlendi.', NULL, '2025-08-24 00:44:53.197+00'),
	('10c9a06a-4f1a-449b-bdc9-30ed81e444e2', NULL, 'Kullanıcı Tanımlama', 'Tanımlama açıklaması', 'Tamamlandı', NULL, '2025-09-30 00:00:00+00', NULL, '2025-08-23 21:34:31.092029+00', '2025-08-24 10:12:08.202109+00', '369749f0-0a39-4a77-94aa-af20cad64c1d', 'devam ediyorum. ', NULL, '2025-08-24 10:12:08.041+00'),
	('5359e126-7502-4ec9-8d64-3a1b78718bd3', NULL, 'SGS başvuru ve evrak girişi', 'Sgs açıklaması ', 'Tamamlandı', NULL, '2025-09-30 00:00:00+00', NULL, '2025-08-23 21:35:01.456654+00', '2025-08-29 00:20:34.989146+00', '369749f0-0a39-4a77-94aa-af20cad64c1d', NULL, NULL, '2025-08-29 00:20:34.85+00'),
	('4a72126b-ec7f-4585-a000-12f6917684ea', NULL, '2. Platform Seçimi', 'Hedef ülkeye göre platform belirlenir:
ABD: Amazon.com, Etsy, eBay, Walmart
Avrupa: Amazon.de/.fr/.it, Etsy, Cdiscount
Küresel: Etsy, eBay, Amazon, Alibaba, Shopify (kendi mağaza)', 'Bekliyor', 'Orta', NULL, NULL, '2025-08-29 23:47:28.53466+00', '2025-08-29 23:47:28.53466+00', 'dc73d5f4-164c-41c9-b50a-2c02b8049f8b', NULL, NULL, NULL),
	('2916ba6f-d321-4312-8f55-0213f0eca6f4', NULL, '1. Şirket Kurulumu', 'Türkiye merkezli şirket olabilir (Şahıs, LTD, A.Ş.)
İhracat için ETGB (Elektronik Ticaret Gümrük Beyannamesi) veya mikro ihracat altyapısı gerekir', 'Bekliyor', 'Orta', NULL, NULL, '2025-08-29 23:49:21.627461+00', '2025-08-29 23:49:21.627461+00', '6002311d-bc04-4831-970b-91239cf73750', NULL, NULL, NULL),
	('282de91d-1867-4a88-8e09-6f093bcecedf', NULL, '2. Yurtdışı Şirket (Opsiyonel)', 'Amazon.com için ABD LLC kurulması tercih edilebilir (Stripe, Payoneer vs. için kolaylık sağlar)', 'Bekliyor', 'Orta', NULL, NULL, '2025-08-29 23:49:58.349245+00', '2025-08-29 23:49:58.349245+00', '6002311d-bc04-4831-970b-91239cf73750', NULL, NULL, NULL),
	('2e49d1f4-7151-478c-8c09-0e24a36be0ac', NULL, '1. Kayıt Başvurusu', 'E-posta ile kayıt yapılır.
Şirket mi, bireysel mi olacağı seçilir
', 'Bekliyor', 'Orta', NULL, NULL, '2025-08-29 23:51:32.31536+00', '2025-08-29 23:51:32.31536+00', '43bc598d-c53d-41a0-b759-eeb5ed3285a6', NULL, NULL, NULL),
	('3abbc4a6-7b29-4c0f-926d-132e064bc9c0', NULL, '2. Kimlik ve Varlık Doğrulama', 'Şirket ve yetkili bilgileri istenir.
Banka hesabı, kimlik ve fatura gibi belgeler yüklenir.', 'Bekliyor', 'Orta', NULL, NULL, '2025-08-29 23:52:05.517156+00', '2025-08-29 23:52:05.517156+00', '43bc598d-c53d-41a0-b759-eeb5ed3285a6', NULL, NULL, NULL),
	('180837ca-3593-46a3-b5c5-65b214d26653', NULL, '3. Ödeme Altyapısı Kurulumu', 'Amazon → Payoneer / Wise
Etsy → Wise / Payoneer / Stripe', 'Bekliyor', 'Orta', NULL, NULL, '2025-08-29 23:52:34.972126+00', '2025-08-29 23:52:34.972126+00', '43bc598d-c53d-41a0-b759-eeb5ed3285a6', NULL, NULL, NULL),
	('66181fa7-a8dd-41f4-a08e-8d20d06a4324', NULL, '1. Hedef Pazarı Seçme', 'Hangi ülkelere satış yapacağınız belirlenir.
Bu pazarın alışkanlıkları, gümrük kuralları ve dil bariyerleri analiz edilir.', 'Tamamlandı', NULL, NULL, NULL, '2025-08-29 23:46:37.778149+00', '2025-08-29 23:54:41.274034+00', 'dc73d5f4-164c-41c9-b50a-2c02b8049f8b', 'Gerekli Çalışmaları Yaptık. ', NULL, '2025-08-29 23:54:40.537+00'),
	('c7cc8b96-538a-49ca-9573-2713d156ff59', NULL, ' Şirket Kuruluş Belgesi', 'Ticaret sicil gazetesi, faaliyet belgesi', 'Bekliyor', 'Orta', NULL, NULL, '2025-08-30 07:45:36.074604+00', '2025-08-30 07:45:36.074604+00', '61607d24-3b19-4769-ab42-828acd200265', NULL, NULL, NULL),
	('72a5065a-cae0-4fea-b87e-f990912325e3', NULL, ' Şirket Yetkilisi Kimliği', 'Pasaport veya çipli kimlik, İngilizce olması tercih edilir', 'Bekliyor', 'Orta', NULL, NULL, '2025-08-30 07:46:00.860441+00', '2025-08-30 07:46:00.860441+00', '61607d24-3b19-4769-ab42-828acd200265', NULL, NULL, NULL),
	('bd6386db-0f6d-4eae-9897-96d76adb7103', NULL, ' Vergi Levhası', 'Türkiye’deki vergi numarasını gösterir', 'Bekliyor', 'Orta', NULL, NULL, '2025-08-30 07:46:21.02903+00', '2025-08-30 07:46:21.02903+00', '61607d24-3b19-4769-ab42-828acd200265', NULL, NULL, NULL),
	('87291cb1-fb3a-4db4-9bbb-4c9bbeb92492', NULL, ' Adınıza Fatura', 'Son 3 aya ait elektrik/su/telefon/internet (şirket ya da yetkili adına)', 'Bekliyor', 'Orta', NULL, NULL, '2025-08-30 07:46:38.076988+00', '2025-08-30 07:46:38.076988+00', '61607d24-3b19-4769-ab42-828acd200265', NULL, NULL, NULL),
	('37d8e395-fca7-4c10-9c6e-5d91ee5a7a77', NULL, ' Banka Bilgileri', 'Şirket adına IBAN bilgisi veya Payoneer hesabı', 'Bekliyor', 'Orta', NULL, NULL, '2025-08-30 07:46:58.416563+00', '2025-08-30 07:46:58.416563+00', '61607d24-3b19-4769-ab42-828acd200265', NULL, NULL, NULL),
	('0ec3509c-b47f-4129-a643-fd9e32f5c7a1', NULL, ' Logo & Marka Bilgisi (opsiyonel)', 'Özellikle Etsy ve Wayfair için', 'Bekliyor', 'Orta', NULL, NULL, '2025-08-30 07:47:21.548167+00', '2025-08-30 07:47:21.548167+00', '61607d24-3b19-4769-ab42-828acd200265', NULL, NULL, NULL),
	('eb13e97a-2d7e-4086-8c77-39410279303e', NULL, ' Web Sitesi / Sosyal Medya', 'Profesyonellik için önerilir', 'Bekliyor', 'Orta', NULL, NULL, '2025-08-30 07:47:40.510565+00', '2025-08-30 07:47:40.510565+00', '61607d24-3b19-4769-ab42-828acd200265', NULL, NULL, NULL),
	('103ecfd9-ae9a-4df1-ba79-6f60487ec63f', NULL, ' Marka Tescil Belgesi (opsiyonel)', 'Amazon Brand Registry için gerekli', 'Bekliyor', 'Orta', NULL, NULL, '2025-08-30 07:47:58.739155+00', '2025-08-30 07:47:58.739155+00', '61607d24-3b19-4769-ab42-828acd200265', NULL, NULL, NULL),
	('158b704c-e01e-4547-bfc9-47f59f41a3b0', NULL, '1. Ürün Seçimi ve Kategorilendirme', 'Ürünlerin yurtdışı pazarına uygunluğu kontrol edilir.
Gümrük yasaklı ürünler elenir.
', 'Bekliyor', 'Orta', NULL, NULL, '2025-08-30 07:50:05.667257+00', '2025-08-30 07:50:05.667257+00', 'a4bf99a3-b4c7-4647-85e6-aae11f9e1df7', NULL, NULL, NULL),
	('deca7aeb-76ef-4540-aa2a-ea90cd2814d6', NULL, '2. İade ve Müşteri Desteği', 'Her platformun iade politikalarına uyum sağlanmalı', 'Bekliyor', 'Yüksek', NULL, NULL, '2025-08-30 08:02:09.017174+00', '2025-08-30 08:02:09.017174+00', '9e9ef00f-d040-4c18-bc69-0cecd561079f', NULL, NULL, NULL),
	('3d06af05-f031-49d2-adec-6aa5a8801ff2', NULL, '3. Performans Yönetimi', 'Puanlar, yorumlar ve memnuniyet sürekli izlenmeli', 'Bekliyor', 'Orta', NULL, NULL, '2025-08-30 08:02:31.310297+00', '2025-08-30 08:02:31.310297+00', '9e9ef00f-d040-4c18-bc69-0cecd561079f', NULL, NULL, NULL),
	('1025b592-7b96-48dc-9303-b076f28c82a6', NULL, 'Marka Tescili', 'Amazon Brand Registry, Etsy IP koruması için', 'Bekliyor', 'Orta', NULL, NULL, '2025-08-30 08:04:26.870178+00', '2025-08-30 08:04:26.870178+00', '3882a07e-2afc-4bd1-953e-e0bce09129e7', NULL, NULL, NULL),
	('64aad3d9-a7f8-445e-98bd-0810916e7bd6', NULL, 'Shopify Mağaza', 'Kendi sitenizi kurarak pazaryerinden bağımsızlık', 'Bekliyor', 'Orta', NULL, NULL, '2025-08-30 08:04:49.827196+00', '2025-08-30 08:04:49.827196+00', '3882a07e-2afc-4bd1-953e-e0bce09129e7', NULL, NULL, NULL),
	('eb5ab24b-a03a-48dc-9e1b-b2ba463cd8cc', NULL, 'Reklam (Ads)', 'Amazon PPC, Etsy Ads gibi reklam araçları', 'Bekliyor', 'Orta', NULL, NULL, '2025-08-30 08:05:10.953693+00', '2025-08-30 08:05:10.953693+00', '3882a07e-2afc-4bd1-953e-e0bce09129e7', NULL, NULL, NULL),
	('aae74e20-9bac-491b-8b0f-8c44c0b0c4dd', NULL, 'Kargo Anlaşmaları', 'İhracat yapan firmalara özel indirimli gönderiler', 'Bekliyor', 'Orta', NULL, NULL, '2025-08-30 08:05:31.302623+00', '2025-08-30 08:05:31.302623+00', '3882a07e-2afc-4bd1-953e-e0bce09129e7', NULL, NULL, NULL),
	('e33367d6-ca9b-4f7b-b348-e9926fa7cd05', NULL, 'E-ihracat Teşviklerii', 'Ticaret Bakanlığı, KOSGEB destekleriii', 'Bekliyor', 'Orta', NULL, NULL, '2025-08-30 08:05:55.75493+00', '2025-09-11 07:34:50.396768+00', '3882a07e-2afc-4bd1-953e-e0bce09129e7', NULL, NULL, NULL);


--
-- Data for Name: user_achievements; Type: TABLE DATA; Schema: public; Owner: postgres
--



--
-- Data for Name: user_badges; Type: TABLE DATA; Schema: public; Owner: postgres
--



--
-- Data for Name: user_levels; Type: TABLE DATA; Schema: public; Owner: postgres
--

INSERT INTO "public"."user_levels" ("id", "user_email", "current_level", "current_points", "total_points_earned", "level_progress_percentage", "last_level_up_at", "created_at", "updated_at") VALUES
	('2fadb9de-c6cf-40c4-8d5e-98fb5be421d2', 'admin@ihracatakademi.com', 1, 50, 50, 50.51, NULL, '2025-08-25 14:54:26.499276+00', '2025-08-25 15:00:20.969045+00');


--
-- Data for Name: user_permissions; Type: TABLE DATA; Schema: public; Owner: postgres
--

INSERT INTO "public"."user_permissions" ("id", "user_id", "module", "can_read", "can_create", "can_update", "can_delete", "created_at", "updated_at") VALUES
	('696f4e88-89de-4faf-9949-3355e3c55fe5', '14aebe74-2ae0-4ffb-9f61-719871e5dae0', 'education', true, true, true, true, '2025-08-22 17:26:33.612499+00', '2025-08-22 17:26:33.612499+00'),
	('98742f58-f70a-4212-8f09-cada2d0c3c49', '14aebe74-2ae0-4ffb-9f61-719871e5dae0', 'reports', true, true, true, true, '2025-08-22 17:26:33.612499+00', '2025-08-22 17:26:33.612499+00'),
	('b14a59d8-cbc3-4df8-801d-10182c04133c', '14aebe74-2ae0-4ffb-9f61-719871e5dae0', 'forum', true, true, true, true, '2025-08-22 17:26:33.612499+00', '2025-08-22 17:26:33.612499+00'),
	('e4eca136-afd2-4656-911c-c41f36e79cd7', '14aebe74-2ae0-4ffb-9f61-719871e5dae0', 'tasks', true, true, true, true, '2025-08-22 17:26:33.612499+00', '2025-08-22 17:26:33.612499+00'),
	('34010362-9bd8-4a95-9568-21248b7db814', '14aebe74-2ae0-4ffb-9f61-719871e5dae0', 'company_management', true, true, true, true, '2025-08-22 17:26:33.612499+00', '2025-08-22 17:26:33.612499+00'),
	('88d18225-6c16-4a6e-86cf-46c20840299c', '14aebe74-2ae0-4ffb-9f61-719871e5dae0', 'user_management', true, true, true, true, '2025-08-22 17:26:33.612499+00', '2025-08-22 17:26:33.612499+00'),
	('720bba18-07e3-4be1-887e-809d77d74031', '14aebe74-2ae0-4ffb-9f61-719871e5dae0', 'events', true, true, true, true, '2025-08-22 17:26:33.612499+00', '2025-08-22 17:26:33.612499+00'),
	('3055ef2f-f547-4c6f-9d99-d526645c0a3a', '14aebe74-2ae0-4ffb-9f61-719871e5dae0', 'news', true, true, true, true, '2025-08-22 17:26:33.612499+00', '2025-08-22 17:26:33.612499+00'),
	('ffcf1083-e6a5-4761-bd03-c77aa8b9ea13', '14aebe74-2ae0-4ffb-9f61-719871e5dae0', 'hr_pool', true, true, true, true, '2025-08-22 17:26:33.612499+00', '2025-08-22 17:26:33.612499+00'),
	('6b9837f4-15fc-4c48-8c6f-dc591f91c194', '2f54aba6-cc08-4f25-8fce-6b868f0fdb71', 'education', true, true, true, true, '2025-08-22 17:26:33.612499+00', '2025-08-22 17:26:33.612499+00'),
	('c2007aea-134c-4e30-a4e5-d2b7afa34a71', '2f54aba6-cc08-4f25-8fce-6b868f0fdb71', 'reports', true, true, true, true, '2025-08-22 17:26:33.612499+00', '2025-08-22 17:26:33.612499+00'),
	('e013dfb2-5312-47c4-bf62-8b652858342f', '2f54aba6-cc08-4f25-8fce-6b868f0fdb71', 'forum', true, true, true, true, '2025-08-22 17:26:33.612499+00', '2025-08-22 17:26:33.612499+00'),
	('2f82e346-942a-4421-a7cf-b30583f4d8de', '2f54aba6-cc08-4f25-8fce-6b868f0fdb71', 'tasks', true, true, true, true, '2025-08-22 17:26:33.612499+00', '2025-08-22 17:26:33.612499+00'),
	('46ca2ea9-dc0c-4b89-92c2-ec15b9d0851b', '2f54aba6-cc08-4f25-8fce-6b868f0fdb71', 'company_management', true, true, true, true, '2025-08-22 17:26:33.612499+00', '2025-08-22 17:26:33.612499+00'),
	('ee41a3d1-f3e3-4fa5-b0d3-e1d708113851', '2f54aba6-cc08-4f25-8fce-6b868f0fdb71', 'user_management', true, true, true, true, '2025-08-22 17:26:33.612499+00', '2025-08-22 17:26:33.612499+00'),
	('4e7d6c58-00fd-474f-b7a8-41aecbcd2a1c', '2f54aba6-cc08-4f25-8fce-6b868f0fdb71', 'events', true, true, true, true, '2025-08-22 17:26:33.612499+00', '2025-08-22 17:26:33.612499+00'),
	('3daf31be-0f28-4b11-be89-1c69b96038ec', '2f54aba6-cc08-4f25-8fce-6b868f0fdb71', 'news', true, true, true, true, '2025-08-22 17:26:33.612499+00', '2025-08-22 17:26:33.612499+00'),
	('dd07a695-0a03-4e93-a93b-8d24ec1a782b', '2f54aba6-cc08-4f25-8fce-6b868f0fdb71', 'hr_pool', true, true, true, true, '2025-08-22 17:26:33.612499+00', '2025-08-22 17:26:33.612499+00'),
	('39a340e0-57f1-4c3c-93f4-1be1310992aa', '2f54aba6-cc08-4f25-8fce-6b868f0fdb71', 'egitim_icerigi', true, true, true, true, '2025-08-22 17:49:50.151789+00', '2025-08-22 17:49:50.151789+00'),
	('7c4a29d5-43c7-4565-99cd-bef0629efc4d', '2f54aba6-cc08-4f25-8fce-6b868f0fdb71', 'raporlar', true, true, true, true, '2025-08-22 17:49:50.151789+00', '2025-08-22 17:49:50.151789+00'),
	('32dbe664-81f3-4a87-8d75-5ccfc506f738', '2f54aba6-cc08-4f25-8fce-6b868f0fdb71', 'forum_etkinlik', true, true, true, true, '2025-08-22 17:49:50.151789+00', '2025-08-22 17:49:50.151789+00'),
	('798575f1-37a6-440c-b304-ff36987962cb', '2f54aba6-cc08-4f25-8fce-6b868f0fdb71', 'gorev_duzenleme', true, true, true, true, '2025-08-22 17:49:50.151789+00', '2025-08-22 17:49:50.151789+00'),
	('2f786070-dce4-4b8b-9f16-d972577eb98d', '2f54aba6-cc08-4f25-8fce-6b868f0fdb71', 'firma_yonetimi', true, true, true, true, '2025-08-22 17:49:50.151789+00', '2025-08-22 17:49:50.151789+00'),
	('98049744-f574-4f02-a252-a96ac8819381', '2f54aba6-cc08-4f25-8fce-6b868f0fdb71', 'kullanici_yonetimi', true, true, true, true, '2025-08-22 17:49:50.151789+00', '2025-08-22 17:49:50.151789+00'),
	('8d7eb13a-1556-4592-b41f-90216bdef8e3', '2f54aba6-cc08-4f25-8fce-6b868f0fdb71', 'etkinlikler', true, true, true, true, '2025-08-22 17:49:50.151789+00', '2025-08-22 17:49:50.151789+00'),
	('c694de35-8c40-4aa7-8b3d-19c3a21ff177', '2f54aba6-cc08-4f25-8fce-6b868f0fdb71', 'haberler', true, true, true, true, '2025-08-22 17:49:50.151789+00', '2025-08-22 17:49:50.151789+00'),
	('d1f10265-27ef-4537-b13d-699f6ffbae19', '2f54aba6-cc08-4f25-8fce-6b868f0fdb71', 'ik_havuzu', true, true, true, true, '2025-08-22 17:49:50.151789+00', '2025-08-22 17:49:50.151789+00'),
	('d09b5205-7de4-4138-b560-76d648ebe224', 'ec957f42-d095-40dd-939c-fc4bdf1b0507', 'company_management', true, false, false, false, '2025-08-22 17:52:36.125573+00', '2025-08-22 17:52:36.125573+00'),
	('48b88ac0-69ae-4229-a324-ce3eac45539b', '43890526-3784-4103-b927-b9fcfbda3e11', 'company_management', false, true, false, false, '2025-08-22 17:52:57.084538+00', '2025-08-22 17:52:57.084538+00');


--
-- Data for Name: user_points; Type: TABLE DATA; Schema: public; Owner: postgres
--

INSERT INTO "public"."user_points" ("id", "user_id", "company_id", "points", "total_points", "level", "experience_points", "last_activity", "created_at", "updated_at") VALUES
	('65731de0-3ace-4305-ad5f-de6af8f9f6bc', '243ef8eb-7af7-4a4b-8255-997b356ff527', 'f0a64589-d305-4266-a7f6-76aadd7bf8ba', 0, 0, 1, 0, '2025-08-24 23:20:02.418483+00', '2025-08-24 23:20:02.418483+00', '2025-08-24 23:20:02.418483+00'),
	('a0396053-6b18-4ec1-af51-8531cd4534cd', 'cd9bf9ec-f2ef-4672-87e4-428fb1b5241e', 'f0a64589-d305-4266-a7f6-76aadd7bf8ba', 0, 0, 1, 0, '2025-08-24 23:34:14.044132+00', '2025-08-24 23:34:14.044132+00', '2025-08-24 23:34:14.044132+00');


--
-- Data for Name: user_progress; Type: TABLE DATA; Schema: public; Owner: postgres
--



--
-- Data for Name: user_streaks; Type: TABLE DATA; Schema: public; Owner: postgres
--



--
-- Data for Name: videos; Type: TABLE DATA; Schema: public; Owner: postgres
--

INSERT INTO "public"."videos" ("id", "set_id", "title", "description", "youtube_url", "duration", "order_index", "status", "thumbnail_url", "tags", "created_at", "updated_at") VALUES
	('3a5a8c1e-7cf3-4f12-9d8e-92a0bab28088', 'ec4f38ba-fd89-487f-8913-e1e987777cff', 'Alibaba.com Uygulamalı Hesap Analizi Eğitimi', 'Alibaba.com Uygulamalı Hesap Analizi Eğitimi', 'https://www.youtube.com/watch?v=aufw13rd8jU&list=PLzqtUiDwMSmuiMSLc897Vw99eGvUgC0sW&index=1', 120, 1, 'Aktif', NULL, NULL, '2025-08-24 15:45:05.568883+00', '2025-08-24 16:18:04.704999+00'),
	('19fe3d44-80c0-427b-b8b6-67ffbe1eadaf', 'ec4f38ba-fd89-487f-8913-e1e987777cff', 'Alibaba.com''da Trafiğinizi Artırmak için Gönderime Hazır Ürün (RTS) Yükleme ve Düzenleme', 'Alibaba.com''da Trafiğinizi Artırmak için Gönderime Hazır Ürün (RTS) Yükleme ve Düzenleme', 'https://www.youtube.com/watch?v=eCDbxia5IY0&list=PLzqtUiDwMSmuiMSLc897Vw99eGvUgC0sW&index=2', 45, 2, 'Aktif', NULL, NULL, '2025-08-24 16:20:27.358789+00', '2025-08-24 16:20:27.358789+00'),
	('8915a932-5f7f-4a72-852f-0de33b923918', 'ec4f38ba-fd89-487f-8913-e1e987777cff', 'Alibaba.com ile Tanışın', 'Alibaba.com ile Tanışın', 'https://www.youtube.com/watch?v=Igs38NMWjSw&list=PLzqtUiDwMSmuiMSLc897Vw99eGvUgC0sW&index=3', 43, 1, 'Aktif', NULL, NULL, '2025-08-24 17:09:28.794447+00', '2025-08-24 17:09:28.794447+00'),
	('f7f27d0a-798b-434d-a12b-39b93ae9fcd8', 'ec4f38ba-fd89-487f-8913-e1e987777cff', 'Alibaba.com ile Pazarlama Kampanyaları', '', 'https://www.youtube.com/watch?v=IoKmPWfS6Oc&list=PLzqtUiDwMSmuiMSLc897Vw99eGvUgC0sW&index=27', 68, 4, 'Aktif', NULL, NULL, '2025-08-24 17:10:42.4413+00', '2025-08-24 17:10:42.4413+00'),
	('27afbbc6-0eb5-4a08-b48d-cb73becf85c8', 'ec4f38ba-fd89-487f-8913-e1e987777cff', 'Alibaba.com ve My Alibaba Panel Eğitimi', 'Alibaba.com ve My Alibaba Panel Eğitimi', 'https://www.youtube.com/watch?v=5aQx5aGH1ds&list=PLzqtUiDwMSmuiMSLc897Vw99eGvUgC0sW&index=28', 69, 5, 'Aktif', NULL, NULL, '2025-08-24 17:11:46.980712+00', '2025-08-24 17:11:46.980712+00'),
	('f45dc91b-2b50-4475-a045-2c752344b4f3', 'ec4f38ba-fd89-487f-8913-e1e987777cff', 'Alibaba.com da Mini Site Tasarımı Nasıl Yapılır', 'Alibaba.com da Mini Site Tasarımı Nasıl Yapılır', 'https://www.youtube.com/watch?v=noe26vxoQN8&list=PLzqtUiDwMSmuiMSLc897Vw99eGvUgC0sW&index=29', 82, 6, 'Aktif', NULL, NULL, '2025-08-24 17:12:33.875238+00', '2025-08-24 17:12:33.875238+00'),
	('7f8c2a71-4254-4298-a155-4814671b5eeb', 'ec4f38ba-fd89-487f-8913-e1e987777cff', 'Alibaba.com''da Ürün Yüklemek ve Dikkat Edilmesi Gereken Noktalar', 'Alibaba.com''da Ürün Yüklemek ve Dikkat Edilmesi Gereken Noktalar', 'https://www.youtube.com/watch?v=he3Aw3nEXhI&list=PLzqtUiDwMSmuiMSLc897Vw99eGvUgC0sW&index=30', 49, 7, 'Aktif', NULL, NULL, '2025-08-24 18:25:14.588161+00', '2025-08-24 18:25:14.588161+00'),
	('13ce3e9f-ba03-4674-abb0-d82237d7424f', 'ec4f38ba-fd89-487f-8913-e1e987777cff', 'Alibaba.com Hazır Alım Talep Sistemi RFQ', 'Alibaba.com Hazır Alım Talep Sistemi RFQ ile ilgili bilmeniz gerekenler. ', 'https://www.youtube.com/watch?v=P_IXqAYxwGg&list=PLzqtUiDwMSmuiMSLc897Vw99eGvUgC0sW&index=31', 64, 8, 'Aktif', NULL, NULL, '2025-08-24 18:26:53.308631+00', '2025-08-24 18:26:53.308631+00'),
	('2e0e0a7a-2b7e-40e8-aae3-0ec610a62adc', 'ec4f38ba-fd89-487f-8913-e1e987777cff', 'Alibaba.com Akıllı Asistan Eğitimi', 'Alibaba.com Akıllı Asistan Eğitimi', 'https://www.youtube.com/watch?v=GK2p1_A7nQA&list=PLzqtUiDwMSmuiMSLc897Vw99eGvUgC0sW&index=32', 47, 9, 'Aktif', NULL, NULL, '2025-08-24 18:28:18.494271+00', '2025-08-24 18:28:18.494271+00');


--
-- Data for Name: video_watch_progress; Type: TABLE DATA; Schema: public; Owner: postgres
--

INSERT INTO "public"."video_watch_progress" ("id", "company_id", "video_id", "set_id", "watched_duration", "is_completed", "watched_at", "created_at", "updated_at") VALUES
	('79ca640b-1d67-4a37-9655-e2cd6ef85ecc', '6fcc9e92-4169-4b06-9c2f-a8c6cc284d73', '3a5a8c1e-7cf3-4f12-9d8e-92a0bab28088', 'ec4f38ba-fd89-487f-8913-e1e987777cff', 10, true, '2025-08-24 16:07:52.129', '2025-08-24 16:07:39.402187', '2025-08-24 16:07:52.30161'),
	('bef12f24-03c5-4c71-9941-153dc413e6cf', '6fcc9e92-4169-4b06-9c2f-a8c6cc284d73', '8915a932-5f7f-4a72-852f-0de33b923918', 'ec4f38ba-fd89-487f-8913-e1e987777cff', 43, true, '2025-09-06 07:46:24.865', '2025-08-24 20:43:02.130876', '2025-09-06 07:46:25.105718'),
	('a4a6c59c-cd43-4f36-b3ba-91a494fd8ede', '6fcc9e92-4169-4b06-9c2f-a8c6cc284d73', '19fe3d44-80c0-427b-b8b6-67ffbe1eadaf', 'ec4f38ba-fd89-487f-8913-e1e987777cff', 36, false, '2025-09-06 07:46:30.964', '2025-09-06 07:46:27.972073', '2025-09-06 07:46:31.196935');


--
-- Data for Name: buckets; Type: TABLE DATA; Schema: storage; Owner: supabase_storage_admin
--

INSERT INTO "storage"."buckets" ("id", "name", "owner", "created_at", "updated_at", "public", "avif_autodetection", "file_size_limit", "allowed_mime_types", "owner_id", "type") VALUES
	('education-documents', 'education-documents', NULL, '2025-08-24 16:56:39.10224+00', '2025-08-24 16:56:39.10224+00', true, false, NULL, NULL, NULL, 'STANDARD'),
	('cv-files', 'cv-files', NULL, '2025-08-26 01:09:26.202906+00', '2025-08-26 01:09:26.202906+00', false, false, 10485760, '{application/pdf,application/msword,application/vnd.openxmlformats-officedocument.wordprocessingml.document,text/plain}', NULL, 'STANDARD');


--
-- Data for Name: buckets_analytics; Type: TABLE DATA; Schema: storage; Owner: supabase_storage_admin
--



--
-- Data for Name: objects; Type: TABLE DATA; Schema: storage; Owner: supabase_storage_admin
--

INSERT INTO "storage"."objects" ("id", "bucket_id", "name", "owner", "created_at", "updated_at", "last_accessed_at", "metadata", "version", "owner_id", "user_metadata", "level") VALUES
	('7a675fe2-5a25-42f9-822e-04120c3bbf55', 'cv-files', 'cv_1756173113027.pdf', NULL, '2025-08-26 01:51:53.927908+00', '2025-08-26 01:51:53.927908+00', '2025-08-26 01:51:53.927908+00', '{"eTag": "\"427d3745365d7d3238408eb0e93f1196\"", "size": 273600, "mimetype": "application/pdf", "cacheControl": "max-age=3600", "lastModified": "2025-08-26T01:51:54.000Z", "contentLength": 273600, "httpStatusCode": 200}', '8019808a-ee6c-4f13-904f-f04ff07b8b4d', NULL, '{}', 1),
	('80e23905-6c1d-4f81-879c-08d52b59bb01', 'cv-files', 'cv_1756192054747.pdf', NULL, '2025-08-26 07:07:35.6759+00', '2025-08-26 07:07:35.6759+00', '2025-08-26 07:07:35.6759+00', '{"eTag": "\"cc3026984da4b3325766f6cc1fb56b53\"", "size": 212441, "mimetype": "application/pdf", "cacheControl": "max-age=3600", "lastModified": "2025-08-26T07:07:36.000Z", "contentLength": 212441, "httpStatusCode": 200}', '63963611-3ea6-419d-97fc-86ca3d77bc46', NULL, '{}', 1);


--
-- Data for Name: prefixes; Type: TABLE DATA; Schema: storage; Owner: supabase_storage_admin
--



--
-- Data for Name: s3_multipart_uploads; Type: TABLE DATA; Schema: storage; Owner: supabase_storage_admin
--



--
-- Data for Name: s3_multipart_uploads_parts; Type: TABLE DATA; Schema: storage; Owner: supabase_storage_admin
--



--
-- Name: refresh_tokens_id_seq; Type: SEQUENCE SET; Schema: auth; Owner: supabase_auth_admin
--

SELECT pg_catalog.setval('"auth"."refresh_tokens_id_seq"', 416, true);


--
-- PostgreSQL database dump complete
--

RESET ALL;
